failure_id,amount,failure_reason,account_age_days,successful_payments,failed_payments,total_payments,payment_success_rate,historical_recovery_rate,engagement_score,behavior_profile,candidate_action,raw_probability,calibrated_probability,action_cost,expected_gross_recovery,expected_net_value
FAIL_000002,406.32,INSUFFICIENT_FUNDS,744,20,4,24,0.8333,0.6,0.6,normal,PAYMENT_LINK,0.7624076168424005,0.6923076923076923,3.0,281.29846153846154,278.29846153846154
FAIL_000003,406.32,INSUFFICIENT_FUNDS,744,20,4,24,0.8333,0.6,0.6,normal,PAYMENT_LINK,0.7624076168424005,0.6923076923076923,3.0,281.29846153846154,278.29846153846154
FAIL_000007,11574.78,LIMIT_EXCEEDED,400,11,2,13,0.8462,0.82,0.9,high_value_loyal,UPDATE_PAYMENT_METHOD,0.577933035204765,0.4,3.0,4629.912,4626.912
FAIL_000009,2904.8,BANK_DECLINED,726,23,1,24,0.9583,0.8,0.85,reliable,WAIT_AND_RETRY,0.6787439791535979,0.4711111111111111,2.0,1368.4835555555555,1366.4835555555555
FAIL_000014,1603.39,INSUFFICIENT_FUNDS,275,5,4,9,0.5556,0.35,0.45,friction_prone,PAYMENT_LINK,0.6276400448577799,0.4820359281437126,3.0,772.8915868263474,769.8915868263474
FAIL_000015,1603.39,BANK_DECLINED,275,5,4,9,0.5556,0.35,0.45,friction_prone,WAIT_AND_RETRY,0.6520625123349483,0.4711111111111111,2.0,755.3748444444444,753.3748444444444
FAIL_000023,1187.03,INSUFFICIENT_FUNDS,849,18,10,28,0.6429,0.35,0.45,friction_prone,PAYMENT_LINK,0.6059595362430302,0.4820359281437126,3.0,572.1911077844312,569.1911077844312
FAIL_000027,1187.03,INSUFFICIENT_FUNDS,849,18,10,28,0.6429,0.35,0.45,friction_prone,PAYMENT_LINK,0.6059595362430302,0.4820359281437126,3.0,572.1911077844312,569.1911077844312
FAIL_000030,988.37,NETWORK_ERROR,518,14,3,17,0.8235,0.3,0.25,low_engagement,RETRY_NOW,0.886960137362069,0.8349514563106796,2.0,825.2409708737864,823.2409708737864
FAIL_000033,988.37,NETWORK_ERROR,518,14,3,17,0.8235,0.3,0.25,low_engagement,RETRY_NOW,0.886960137362069,0.8349514563106796,2.0,825.2409708737864,823.2409708737864
FAIL_000039,2269.23,AUTHENTICATION_FAILED,499,15,1,16,0.9375,0.8,0.85,reliable,SEND_REMINDER,0.6880335742500144,0.8125,1.0,1843.749375,1842.749375
FAIL_000040,641.27,BANK_DECLINED,984,23,9,32,0.7188,0.35,0.45,friction_prone,WAIT_AND_RETRY,0.6883120988041177,0.5,2.0,320.635,318.635
FAIL_000048,7397.62,BANK_DECLINED,160,3,2,5,0.6,0.82,0.9,high_value_loyal,SEND_REMINDER,0.559603476485597,0.5,1.0,3698.81,3697.81
FAIL_000061,1192.85,LIMIT_EXCEEDED,866,22,6,28,0.7857,0.6,0.6,normal,PAYMENT_LINK,0.7611993744744466,0.6666666666666661,3.0,795.2333333333326,792.2333333333326
FAIL_000080,15000.0,INSUFFICIENT_FUNDS,723,22,2,24,0.9167,0.82,0.9,high_value_loyal,SEND_REMINDER,0.778447649543888,0.999,1.0,14985.0,14984.0
FAIL_000087,10611.56,LIMIT_EXCEEDED,365,11,1,12,0.9167,0.82,0.9,high_value_loyal,UPDATE_PAYMENT_METHOD,0.7197579988945391,0.5783132530120481,3.0,6136.805783132529,6133.805783132529
FAIL_000097,9606.42,LIMIT_EXCEEDED,841,25,3,28,0.8929,0.82,0.9,high_value_loyal,PAYMENT_LINK,0.7167137909072377,0.5833333333333334,3.0,5603.745000000001,5600.745000000001
FAIL_000101,1015.59,INSUFFICIENT_FUNDS,339,8,3,11,0.7273,0.6,0.6,normal,SEND_REMINDER,0.6694184509844573,0.75,1.0,761.6925,760.6925
FAIL_000102,13129.92,CARD_EXPIRED,481,14,2,16,0.875,0.82,0.9,high_value_loyal,UPDATE_PAYMENT_METHOD,0.9393343900260961,0.999,3.0,13116.79008,13113.79008
FAIL_000103,13129.92,CARD_EXPIRED,481,14,2,16,0.875,0.82,0.9,high_value_loyal,UPDATE_PAYMENT_METHOD,0.9393343900260961,0.999,3.0,13116.79008,13113.79008
FAIL_000109,781.5,BANK_DECLINED,821,24,3,27,0.8889,0.8,0.85,reliable,WAIT_AND_RETRY,0.7231824252139785,0.5714285714285714,2.0,446.57142857142856,444.57142857142856
FAIL_000114,405.71,INSUFFICIENT_FUNDS,773,18,7,25,0.72,0.35,0.45,friction_prone,WAIT_AND_RETRY,0.6796251169994971,0.4711111111111111,2.0,191.13448888888888,189.13448888888888
FAIL_000123,1330.55,CARD_EXPIRED,544,14,4,18,0.7778,0.6,0.6,normal,UPDATE_PAYMENT_METHOD,0.7311473668324994,0.5783132530120481,3.0,769.4746987951805,766.4746987951805
FAIL_000129,706.77,AUTHENTICATION_FAILED,631,12,9,21,0.5714,0.35,0.45,friction_prone,UPDATE_PAYMENT_METHOD,0.7830018425821568,0.6,3.0,424.06199999999995,421.06199999999995
FAIL_000131,706.77,INSUFFICIENT_FUNDS,631,12,9,21,0.5714,0.35,0.45,friction_prone,PAYMENT_LINK,0.6034774066441833,0.4820359281437126,3.0,340.68853293413173,337.68853293413173
FAIL_000132,706.77,INSUFFICIENT_FUNDS,631,12,9,21,0.5714,0.35,0.45,friction_prone,PAYMENT_LINK,0.6034774066441833,0.4820359281437126,3.0,340.68853293413173,337.68853293413173
FAIL_000148,619.66,CARD_EXPIRED,543,8,10,18,0.4444,0.3,0.25,low_engagement,UPDATE_PAYMENT_METHOD,0.8418402002924584,0.8305084745762712,3.0,514.6328813559322,511.6328813559322
FAIL_000157,1656.39,BANK_DECLINED,835,24,3,27,0.8889,0.8,0.85,reliable,WAIT_AND_RETRY,0.7267214701493003,0.5714285714285714,2.0,946.5085714285715,944.5085714285715
FAIL_000159,1656.39,INSUFFICIENT_FUNDS,835,24,3,27,0.8889,0.8,0.85,reliable,SEND_REMINDER,0.7293497233209364,0.8235294117647058,1.0,1364.085882352941,1363.085882352941
FAIL_000163,438.99,INSUFFICIENT_FUNDS,367,9,3,12,0.75,0.3,0.25,low_engagement,WAIT_AND_RETRY,0.8171005899026652,0.8102564102564103,2.0,355.69446153846155,353.69446153846155
FAIL_000164,961.34,AUTHENTICATION_FAILED,897,26,3,29,0.8966,0.6,0.6,normal,PAYMENT_LINK,0.7744497743011143,0.6923076923076923,3.0,665.5430769230769,662.5430769230769
FAIL_000172,11107.73,NETWORK_ERROR,566,17,1,18,0.9444,0.82,0.9,high_value_loyal,WAIT_AND_RETRY,0.9187893554892385,0.999,2.0,11096.62227,11094.62227
FAIL_000178,1637.14,BANK_DECLINED,502,10,6,16,0.625,0.35,0.45,friction_prone,SEND_REMINDER,0.4906342615518362,0.3469387755102041,1.0,567.9873469387755,566.9873469387755
FAIL_000181,756.59,CARD_EXPIRED,184,2,4,6,0.3333,0.3,0.25,low_engagement,UPDATE_PAYMENT_METHOD,0.7599445006388282,0.5783132530120481,3.0,437.54602409638545,434.54602409638545
FAIL_000182,756.59,CARD_EXPIRED,184,2,4,6,0.3333,0.3,0.25,low_engagement,UPDATE_PAYMENT_METHOD,0.7599445006388282,0.5783132530120481,3.0,437.54602409638545,434.54602409638545
FAIL_000188,2676.77,INSUFFICIENT_FUNDS,768,22,3,25,0.88,0.6,0.6,normal,PAYMENT_LINK,0.7631755891241059,0.6923076923076923,3.0,1853.1484615384616,1850.1484615384616
FAIL_000190,622.31,BANK_DECLINED,578,17,2,19,0.8947,0.3,0.25,low_engagement,WAIT_AND_RETRY,0.5055211044545825,0.32075471698113206,2.0,199.60886792452828,197.60886792452828
FAIL_000193,1152.82,INSUFFICIENT_FUNDS,795,17,9,26,0.6538,0.35,0.45,friction_prone,PAYMENT_LINK,0.5995981916839107,0.4820359281437126,3.0,555.7006586826348,552.7006586826348
FAIL_000206,333.96,INSUFFICIENT_FUNDS,767,19,6,25,0.76,0.3,0.25,low_engagement,WAIT_AND_RETRY,0.7093490612678928,0.5714285714285714,2.0,190.8342857142857,188.8342857142857
FAIL_000208,333.96,INSUFFICIENT_FUNDS,767,19,6,25,0.76,0.3,0.25,low_engagement,WAIT_AND_RETRY,0.7093490612678928,0.5714285714285714,2.0,190.8342857142857,188.8342857142857
FAIL_000209,333.96,BANK_DECLINED,767,19,6,25,0.76,0.3,0.25,low_engagement,PAYMENT_LINK,0.5655868977335169,0.3485714285714286,3.0,116.40891428571429,113.40891428571429
FAIL_000222,722.92,BANK_DECLINED,539,10,7,17,0.5882,0.35,0.45,friction_prone,PAYMENT_LINK,0.583529777303682,0.4523809523809524,3.0,327.03523809523807,324.03523809523807
FAIL_000230,1282.95,LIMIT_EXCEEDED,803,21,5,26,0.8077,0.35,0.45,friction_prone,PAYMENT_LINK,0.7532032565847633,0.6601941747572816,3.0,846.9961165048544,843.9961165048544
FAIL_000233,247.97,NETWORK_ERROR,986,26,6,32,0.8125,0.3,0.25,low_engagement,WAIT_AND_RETRY,0.8696857162504463,0.8461538461538461,2.0,209.82076923076923,207.82076923076923
FAIL_000235,247.97,INSUFFICIENT_FUNDS,986,26,6,32,0.8125,0.3,0.25,low_engagement,WAIT_AND_RETRY,0.8130708918035813,0.8102564102564103,2.0,200.91928205128204,198.91928205128204
FAIL_000238,247.97,INSUFFICIENT_FUNDS,986,26,6,32,0.8125,0.3,0.25,low_engagement,WAIT_AND_RETRY,0.8130708918035813,0.8102564102564103,2.0,200.91928205128204,198.91928205128204
FAIL_000240,247.97,NETWORK_ERROR,986,26,6,32,0.8125,0.3,0.25,low_engagement,WAIT_AND_RETRY,0.8696857162504463,0.8461538461538461,2.0,209.82076923076923,207.82076923076923
FAIL_000241,689.76,BANK_DECLINED,593,18,1,19,0.9474,0.8,0.85,reliable,WAIT_AND_RETRY,0.8114728057168846,0.8102564102564103,2.0,558.8824615384615,556.8824615384615
FAIL_000242,10145.96,NETWORK_ERROR,836,22,5,27,0.8148,0.82,0.9,high_value_loyal,WAIT_AND_RETRY,0.8666335040619979,0.8461538461538461,2.0,8585.043076923075,8583.043076923075
FAIL_000249,1689.93,NETWORK_ERROR,435,13,1,14,0.9286,0.8,0.85,reliable,WAIT_AND_RETRY,0.8783216197294041,0.9672131147540983,2.0,1634.5224590163934,1632.5224590163934
FAIL_000250,200.0,INSUFFICIENT_FUNDS,942,22,9,31,0.7097,0.35,0.45,friction_prone,PAYMENT_LINK,0.6972792818488789,0.5418848167539267,3.0,108.37696335078535,105.37696335078535
FAIL_000261,697.76,AUTHENTICATION_FAILED,802,20,6,26,0.7692,0.6,0.6,normal,SEND_REMINDER,0.6774674218541009,0.75,1.0,523.3199999999999,522.3199999999999
FAIL_000263,697.76,BANK_DECLINED,802,20,6,26,0.7692,0.6,0.6,normal,WAIT_AND_RETRY,0.5901111629290691,0.3409090909090909,2.0,237.87272727272725,235.87272727272725
FAIL_000272,553.77,INSUFFICIENT_FUNDS,692,16,7,23,0.6957,0.35,0.45,friction_prone,PAYMENT_LINK,0.608589496059438,0.4820359281437126,3.0,266.9370359281437,263.9370359281437
FAIL_000277,553.77,INSUFFICIENT_FUNDS,692,16,7,23,0.6957,0.35,0.45,friction_prone,PAYMENT_LINK,0.608589496059438,0.4820359281437126,3.0,266.9370359281437,263.9370359281437
FAIL_000279,324.58,INSUFFICIENT_FUNDS,750,20,5,25,0.8,0.3,0.25,low_engagement,WAIT_AND_RETRY,0.7556416398542042,0.6621621621621622,2.0,214.9245945945946,212.9245945945946
FAIL_000281,324.58,CARD_EXPIRED,750,20,5,25,0.8,0.3,0.25,low_engagement,UPDATE_PAYMENT_METHOD,0.7790644406280439,0.6,3.0,194.748,191.748
FAIL_000282,324.58,INSUFFICIENT_FUNDS,750,20,5,25,0.8,0.3,0.25,low_engagement,WAIT_AND_RETRY,0.7556416398542042,0.6621621621621622,2.0,214.9245945945946,212.9245945945946
FAIL_000284,324.58,INSUFFICIENT_FUNDS,750,20,5,25,0.8,0.3,0.25,low_engagement,WAIT_AND_RETRY,0.7556416398542042,0.6621621621621622,2.0,214.9245945945946,212.9245945945946
FAIL_000285,324.58,BANK_DECLINED,750,20,5,25,0.8,0.3,0.25,low_engagement,WAIT_AND_RETRY,0.644975817192426,0.4711111111111111,2.0,152.91324444444444,150.91324444444444
FAIL_000287,324.58,AUTHENTICATION_FAILED,750,20,5,25,0.8,0.3,0.25,low_engagement,UPDATE_PAYMENT_METHOD,0.5323184013032053,0.4,3.0,129.832,126.832
FAIL_000291,1714.93,INSUFFICIENT_FUNDS,864,17,11,28,0.6071,0.35,0.45,friction_prone,PAYMENT_LINK,0.6615666613466228,0.5418848167539267,3.0,929.2945287958116,926.2945287958116
FAIL_000293,1714.93,BANK_DECLINED,864,17,11,28,0.6071,0.35,0.45,friction_prone,PAYMENT_LINK,0.6273877108930875,0.4820359281437126,3.0,826.6578742514971,823.6578742514971
FAIL_000298,15000.0,INSUFFICIENT_FUNDS,981,27,5,32,0.8438,0.82,0.9,high_value_loyal,PAYMENT_LINK,0.8333248119597096,0.9487179487179487,3.0,14230.76923076923,14227.76923076923
FAIL_000299,15000.0,INSUFFICIENT_FUNDS,981,27,5,32,0.8438,0.82,0.9,high_value_loyal,PAYMENT_LINK,0.8333248119597096,0.9487179487179487,3.0,14230.76923076923,14227.76923076923
FAIL_000301,15000.0,LIMIT_EXCEEDED,981,27,5,32,0.8438,0.82,0.9,high_value_loyal,UPDATE_PAYMENT_METHOD,0.9205904462703753,0.9787234042553191,3.0,14680.851063829787,14677.851063829787
FAIL_000309,746.25,AUTHENTICATION_FAILED,956,25,6,31,0.8065,0.3,0.25,low_engagement,UPDATE_PAYMENT_METHOD,0.8126144236401571,0.6964285714285714,3.0,519.7098214285714,516.7098214285714
FAIL_000318,10848.47,NETWORK_ERROR,769,23,2,25,0.92,0.82,0.9,high_value_loyal,WAIT_AND_RETRY,0.9062040425790187,0.999,2.0,10837.621529999999,10835.621529999999
FAIL_000323,14456.27,AUTHENTICATION_FAILED,680,20,2,22,0.9091,0.82,0.9,high_value_loyal,UPDATE_PAYMENT_METHOD,0.7198132172981075,0.5783132530120481,3.0,8360.25253012048,8357.25253012048
FAIL_000327,785.26,INSUFFICIENT_FUNDS,585,9,10,19,0.4737,0.35,0.45,friction_prone,WAIT_AND_RETRY,0.7909180849999474,0.6621621621621622,2.0,519.9694594594595,517.9694594594595
FAIL_000329,785.26,CARD_EXPIRED,585,9,10,19,0.4737,0.35,0.45,friction_prone,UPDATE_PAYMENT_METHOD,0.8693051542923714,0.896551724137931,3.0,704.0262068965517,701.0262068965517
FAIL_000336,569.52,AUTHENTICATION_FAILED,677,15,7,22,0.6818,0.3,0.25,low_engagement,UPDATE_PAYMENT_METHOD,0.6697173575277185,0.5783132530120481,3.0,329.3609638554216,326.3609638554216
FAIL_000348,771.04,INSUFFICIENT_FUNDS,945,25,6,31,0.8065,0.35,0.45,friction_prone,PAYMENT_LINK,0.6850479699359302,0.5418848167539267,3.0,417.81486910994767,414.81486910994767
FAIL_000351,671.28,LIMIT_EXCEEDED,726,20,4,24,0.8333,0.3,0.25,low_engagement,PAYMENT_LINK,0.5592915113043384,0.3485714285714286,3.0,233.98902857142858,230.98902857142858
FAIL_000357,1037.22,LIMIT_EXCEEDED,399,12,1,13,0.9231,0.8,0.85,reliable,PAYMENT_LINK,0.6585448104561029,0.5418848167539267,3.0,562.053769633508,559.053769633508
FAIL_000373,1162.18,CARD_EXPIRED,833,21,6,27,0.7778,0.3,0.25,low_engagement,UPDATE_PAYMENT_METHOD,0.7638340679265764,0.5783132530120481,3.0,672.104096385542,669.104096385542
FAIL_000379,1459.65,INSUFFICIENT_FUNDS,316,9,1,10,0.9,0.35,0.45,friction_prone,WAIT_AND_RETRY,0.6904656821115963,0.5,2.0,729.825,727.825
FAIL_000380,1459.65,CARD_EXPIRED,316,9,1,10,0.9,0.35,0.45,friction_prone,UPDATE_PAYMENT_METHOD,0.8889566946627802,0.9787234042553191,3.0,1428.5936170212767,1425.5936170212767
FAIL_000383,979.43,INSUFFICIENT_FUNDS,688,17,5,22,0.7727,0.6,0.6,normal,WAIT_AND_RETRY,0.775318792334142,0.6621621621621622,2.0,648.5414864864864,646.5414864864864
FAIL_000384,413.01,BANK_DECLINED,812,25,2,27,0.9259,0.8,0.85,reliable,PAYMENT_LINK,0.7285041355240037,0.6601941747572816,3.0,272.6667961165049,269.6667961165049
FAIL_000387,663.98,INSUFFICIENT_FUNDS,969,22,10,32,0.6875,0.35,0.45,friction_prone,PAYMENT_LINK,0.6460835591040488,0.5418848167539267,3.0,359.8006806282723,356.8006806282723
FAIL_000397,985.5,BANK_DECLINED,781,13,13,26,0.5,0.35,0.45,friction_prone,WAIT_AND_RETRY,0.6443511745187043,0.4711111111111111,2.0,464.28,462.28
FAIL_000398,985.5,BANK_DECLINED,781,13,13,26,0.5,0.35,0.45,friction_prone,WAIT_AND_RETRY,0.6443511745187043,0.4711111111111111,2.0,464.28,462.28
FAIL_000402,985.5,INSUFFICIENT_FUNDS,781,13,13,26,0.5,0.35,0.45,friction_prone,WAIT_AND_RETRY,0.7420773522325309,0.5714285714285714,2.0,563.1428571428571,561.1428571428571
FAIL_000404,985.5,AUTHENTICATION_FAILED,781,13,13,26,0.5,0.35,0.45,friction_prone,UPDATE_PAYMENT_METHOD,0.7622368581891815,0.5783132530120481,3.0,569.9277108433733,566.9277108433733
FAIL_000410,985.5,INSUFFICIENT_FUNDS,781,13,13,26,0.5,0.35,0.45,friction_prone,WAIT_AND_RETRY,0.7420773522325309,0.5714285714285714,2.0,563.1428571428571,561.1428571428571
FAIL_000414,2492.3,INSUFFICIENT_FUNDS,589,12,7,19,0.6316,0.35,0.45,friction_prone,WAIT_AND_RETRY,0.7716332634123798,0.6621621621621622,2.0,1650.3067567567568,1648.3067567567568
FAIL_000419,9716.42,LIMIT_EXCEEDED,946,30,1,31,0.9677,0.82,0.9,high_value_loyal,PAYMENT_LINK,0.7622497895677913,0.6923076923076923,3.0,6726.752307692308,6723.752307692308
FAIL_000420,293.46,INSUFFICIENT_FUNDS,952,23,8,31,0.7419,0.3,0.25,low_engagement,WAIT_AND_RETRY,0.7599863296170062,0.6621621621621622,2.0,194.3181081081081,192.3181081081081
FAIL_000422,293.46,CARD_EXPIRED,952,23,8,31,0.7419,0.3,0.25,low_engagement,UPDATE_PAYMENT_METHOD,0.8609921185157476,0.8305084745762712,3.0,243.72101694915253,240.72101694915253
FAIL_000425,293.46,BANK_DECLINED,952,23,8,31,0.7419,0.3,0.25,low_engagement,PAYMENT_LINK,0.5784756822692476,0.4523809523809524,3.0,132.75571428571428,129.75571428571428
FAIL_000436,1204.32,INSUFFICIENT_FUNDS,692,18,5,23,0.7826,0.6,0.6,normal,WAIT_AND_RETRY,0.7485906380057092,0.6341463414634146,2.0,763.7151219512194,761.7151219512194
FAIL_000437,1204.32,INSUFFICIENT_FUNDS,692,18,5,23,0.7826,0.6,0.6,normal,WAIT_AND_RETRY,0.7485906380057092,0.6341463414634146,2.0,763.7151219512194,761.7151219512194
FAIL_000439,1204.32,BANK_DECLINED,692,18,5,23,0.7826,0.6,0.6,normal,PAYMENT_LINK,0.5986973801248281,0.4820359281437126,3.0,580.525508982036,577.525508982036
FAIL_000443,14872.16,NETWORK_ERROR,628,19,1,20,0.95,0.82,0.9,high_value_loyal,RETRY_NOW,0.9042269937480303,0.9230769230769231,2.0,13728.147692307693,13726.147692307693
FAIL_000445,14872.16,LIMIT_EXCEEDED,628,19,1,20,0.95,0.82,0.9,high_value_loyal,PAYMENT_LINK,0.7911660629728501,0.7647058823529411,3.0,11372.828235294117,11369.828235294117
FAIL_000448,14917.0,BANK_DECLINED,958,29,2,31,0.9355,0.82,0.9,high_value_loyal,PAYMENT_LINK,0.7779407093694058,0.6923076923076923,3.0,10327.153846153846,10324.153846153846
FAIL_000450,14917.0,NETWORK_ERROR,958,29,2,31,0.9355,0.82,0.9,high_value_loyal,RETRY_NOW,0.9224601742413323,0.999,2.0,14902.083,14900.083
FAIL_000457,655.36,CARD_EXPIRED,812,22,5,27,0.8148,0.3,0.25,low_engagement,UPDATE_PAYMENT_METHOD,0.7895956187736616,0.6,3.0,393.216,390.216
FAIL_000459,623.9,CARD_EXPIRED,640,16,5,21,0.7619,0.3,0.25,low_engagement,UPDATE_PAYMENT_METHOD,0.7187636924402143,0.5783132530120481,3.0,360.80963855421675,357.80963855421675
FAIL_000470,1171.97,INSUFFICIENT_FUNDS,709,18,5,23,0.7826,0.6,0.6,normal,WAIT_AND_RETRY,0.7446514398295051,0.5714285714285714,2.0,669.6971428571428,667.6971428571428
FAIL_000473,1171.97,BANK_DECLINED,709,18,5,23,0.7826,0.6,0.6,normal,PAYMENT_LINK,0.6053264796916682,0.4820359281437126,3.0,564.9316467065869,561.9316467065869
FAIL_000474,1171.97,INSUFFICIENT_FUNDS,709,18,5,23,0.7826,0.6,0.6,normal,WAIT_AND_RETRY,0.7446514398295051,0.5714285714285714,2.0,669.6971428571428,667.6971428571428
FAIL_000492,221.49,INSUFFICIENT_FUNDS,677,17,5,22,0.7727,0.3,0.25,low_engagement,WAIT_AND_RETRY,0.8209126989428588,0.8102564102564103,2.0,179.46369230769233,177.46369230769233
FAIL_000496,221.49,CARD_EXPIRED,677,17,5,22,0.7727,0.3,0.25,low_engagement,UPDATE_PAYMENT_METHOD,0.7684800425828325,0.5999999999999923,3.0,132.8939999999983,129.8939999999983
FAIL_000498,378.71,INSUFFICIENT_FUNDS,489,15,1,16,0.9375,0.35,0.45,friction_prone,WAIT_AND_RETRY,0.7959215838332814,0.7441860465116279,2.0,281.83069767441856,279.83069767441856
FAIL_000511,324.57,INSUFFICIENT_FUNDS,141,2,2,4,0.5,0.3,0.25,low_engagement,WAIT_AND_RETRY,0.7709221857731842,0.6621621621621622,2.0,214.91797297297296,212.91797297297296
FAIL_000512,213.4,BANK_DECLINED,444,11,3,14,0.7857,0.3,0.25,low_engagement,RETRY_NOW,0.3480152897036369,0.30526315789473685,2.0,65.14315789473685,63.143157894736845
FAIL_000516,1213.6,CARD_EXPIRED,408,9,4,13,0.6923,0.35,0.45,friction_prone,UPDATE_PAYMENT_METHOD,0.8945000537304264,0.9787234042553191,3.0,1187.7787234042553,1184.7787234042553
FAIL_000522,799.69,BANK_DECLINED,523,16,1,17,0.9412,0.8,0.85,reliable,WAIT_AND_RETRY,0.7879390134632245,0.6621621621621622,2.0,529.5244594594595,527.5244594594595
FAIL_000523,1170.85,BANK_DECLINED,999,25,8,33,0.7576,0.35,0.45,friction_prone,WAIT_AND_RETRY,0.6375390283370618,0.4,2.0,468.34,466.34
FAIL_000526,1170.85,NETWORK_ERROR,999,25,8,33,0.7576,0.35,0.45,friction_prone,RETRY_NOW,0.7636547035777856,0.5,2.0,585.425,583.425
FAIL_000536,404.59,CARD_EXPIRED,877,22,7,29,0.7586,0.3,0.25,low_engagement,UPDATE_PAYMENT_METHOD,0.8242726677569628,0.6964285714285714,3.0,281.7680357142857,278.7680357142857
FAIL_000537,404.59,INSUFFICIENT_FUNDS,877,22,7,29,0.7586,0.3,0.25,low_engagement,WAIT_AND_RETRY,0.7434005082028333,0.5714285714285714,2.0,231.19428571428568,229.19428571428568
FAIL_000542,12636.68,LIMIT_EXCEEDED,831,24,3,27,0.8889,0.82,0.9,high_value_loyal,PAYMENT_LINK,0.6262659914794235,0.4820359281437126,3.0,6091.33377245509,6088.33377245509
FAIL_000543,12636.68,INSUFFICIENT_FUNDS,831,24,3,27,0.8889,0.82,0.9,high_value_loyal,PAYMENT_LINK,0.8217410431631277,0.9487179487179487,3.0,11988.645128205128,11985.645128205128
FAIL_000547,7312.97,LIMIT_EXCEEDED,479,13,2,15,0.8667,0.82,0.9,high_value_loyal,PAYMENT_LINK,0.7381463121643156,0.6601941747572816,3.0,4827.980194174757,4824.980194174757
FAIL_000551,437.85,CARD_EXPIRED,862,23,5,28,0.8214,0.3,0.25,low_engagement,UPDATE_PAYMENT_METHOD,0.885147902540739,0.9787234042553191,3.0,428.5340425531915,425.5340425531915
FAIL_000567,1605.38,INSUFFICIENT_FUNDS,491,13,3,16,0.8125,0.35,0.45,friction_prone,SEND_REMINDER,0.5745333992612793,0.5319148936170213,1.0,853.9255319148937,852.9255319148937
FAIL_000572,1274.95,BANK_DECLINED,233,6,1,7,0.8571,0.3,0.25,low_engagement,WAIT_AND_RETRY,0.6116921997450196,0.36666666666666664,2.0,467.4816666666666,465.4816666666666
FAIL_000575,9730.73,INSUFFICIENT_FUNDS,671,20,2,22,0.9091,0.82,0.9,high_value_loyal,PAYMENT_LINK,0.8415486601585237,0.9487179487179487,3.0,9231.718205128205,9228.718205128205
FAIL_000586,992.15,INSUFFICIENT_FUNDS,947,27,4,31,0.871,0.6,0.6,normal,WAIT_AND_RETRY,0.6945143853479722,0.5714285714285714,2.0,566.9428571428571,564.9428571428571
FAIL_000604,408.16,CARD_EXPIRED,396,10,3,13,0.7692,0.3,0.25,low_engagement,UPDATE_PAYMENT_METHOD,0.8985310691537428,0.9787234042553191,3.0,399.47574468085105,396.47574468085105
FAIL_000605,928.54,NETWORK_ERROR,452,8,7,15,0.5333,0.35,0.45,friction_prone,RETRY_NOW,0.8856481148752005,0.8349514563106796,2.0,775.2858252427184,773.2858252427184
FAIL_000607,928.54,BANK_DECLINED,452,8,7,15,0.5333,0.35,0.45,friction_prone,PAYMENT_LINK,0.5704579313625435,0.35,3.0,324.989,321.989
FAIL_000611,1067.83,NETWORK_ERROR,941,27,4,31,0.871,0.6,0.6,normal,WAIT_AND_RETRY,0.8565428615547268,0.8102564102564146,2.0,865.2161025641071,863.2161025641071
FAIL_000627,200.0,INSUFFICIENT_FUNDS,701,15,8,23,0.6522,0.3,0.25,low_engagement,WAIT_AND_RETRY,0.6691197370286491,0.4711111111111111,2.0,94.22222222222221,92.22222222222221
FAIL_000634,609.3,INSUFFICIENT_FUNDS,724,16,8,24,0.6667,0.3,0.25,low_engagement,WAIT_AND_RETRY,0.7027986157376762,0.5714285714285714,2.0,348.1714285714285,346.1714285714285
FAIL_000635,609.3,INSUFFICIENT_FUNDS,724,16,8,24,0.6667,0.3,0.25,low_engagement,WAIT_AND_RETRY,0.7027986157376762,0.5714285714285714,2.0,348.1714285714285,346.1714285714285
FAIL_000637,609.3,INSUFFICIENT_FUNDS,724,16,8,24,0.6667,0.3,0.25,low_engagement,WAIT_AND_RETRY,0.7027986157376762,0.5714285714285714,2.0,348.1714285714285,346.1714285714285
FAIL_000645,893.84,AUTHENTICATION_FAILED,531,13,4,17,0.7647,0.3,0.25,low_engagement,UPDATE_PAYMENT_METHOD,0.6919446125255245,0.5783132530120481,3.0,516.9195180722891,513.9195180722891
FAIL_000647,893.84,AUTHENTICATION_FAILED,531,13,4,17,0.7647,0.3,0.25,low_engagement,UPDATE_PAYMENT_METHOD,0.6919446125255245,0.5783132530120481,3.0,516.9195180722891,513.9195180722891
FAIL_000648,893.84,NETWORK_ERROR,531,13,4,17,0.7647,0.3,0.25,low_engagement,RETRY_NOW,0.905471362186985,0.9230769230769231,2.0,825.083076923077,823.083076923077
FAIL_000652,768.63,INSUFFICIENT_FUNDS,211,5,2,7,0.7143,0.3,0.25,low_engagement,WAIT_AND_RETRY,0.7580673699770107,0.6621621621621622,2.0,508.9577027027027,506.9577027027027
FAIL_000653,1739.87,LIMIT_EXCEEDED,806,23,3,26,0.8846,0.8,0.85,reliable,SEND_REMINDER,0.5874164888914143,0.5319148936170213,1.0,925.4627659574468,924.4627659574468
FAIL_000654,1739.87,BANK_DECLINED,806,23,3,26,0.8846,0.8,0.85,reliable,PAYMENT_LINK,0.6506566116763146,0.5418848167539267,3.0,942.8091361256545,939.8091361256545
FAIL_000656,1739.87,BANK_DECLINED,806,23,3,26,0.8846,0.8,0.85,reliable,PAYMENT_LINK,0.6506566116763146,0.5418848167539267,3.0,942.8091361256545,939.8091361256545
FAIL_000662,648.75,INSUFFICIENT_FUNDS,817,23,4,27,0.8519,0.6,0.6,normal,WAIT_AND_RETRY,0.7711522797628494,0.6621621621621622,2.0,429.5777027027027,427.5777027027027
FAIL_000666,1477.76,BANK_DECLINED,182,5,1,6,0.8333,0.35,0.45,friction_prone,WAIT_AND_RETRY,0.5986960138268409,0.36666666666666664,2.0,541.8453333333333,539.8453333333333
FAIL_000667,462.89,NETWORK_ERROR,307,9,1,10,0.9,0.35,0.45,friction_prone,RETRY_NOW,0.9348966027253003,0.999,2.0,462.42710999999997,460.42710999999997
FAIL_000670,382.33,BANK_DECLINED,640,15,6,21,0.7143,0.3,0.25,low_engagement,PAYMENT_LINK,0.5648223373569844,0.3485714285714286,3.0,133.26931428571427,130.26931428571427
FAIL_000675,470.05,NETWORK_ERROR,621,10,10,20,0.5,0.3,0.25,low_engagement,RETRY_NOW,0.8060358909000528,0.5,2.0,235.025,233.025
FAIL_000677,470.05,CARD_EXPIRED,621,10,10,20,0.5,0.3,0.25,low_engagement,UPDATE_PAYMENT_METHOD,0.797548616899462,0.6964285714285714,3.0,327.35625,324.35625
FAIL_000682,470.05,INSUFFICIENT_FUNDS,621,10,10,20,0.5,0.3,0.25,low_engagement,WAIT_AND_RETRY,0.7032151599004375,0.5714285714285714,2.0,268.59999999999997,266.59999999999997
FAIL_000696,913.36,NETWORK_ERROR,759,20,5,25,0.8,0.6,0.6,normal,WAIT_AND_RETRY,0.8463436037616376,0.8102564102564103,2.0,740.0557948717949,738.0557948717949
FAIL_000701,472.43,NETWORK_ERROR,547,17,1,18,0.9444,0.6,0.6,normal,RETRY_NOW,0.9020773375091571,0.8349514563106796,2.0,394.4561165048544,392.4561165048544
FAIL_000713,1068.05,LIMIT_EXCEEDED,293,7,2,9,0.7778,0.35,0.45,friction_prone,PAYMENT_LINK,0.6254776360561708,0.4820359281437126,3.0,514.8384730538922,511.83847305389224
FAIL_000721,706.23,INSUFFICIENT_FUNDS,836,17,10,27,0.6296,0.35,0.45,friction_prone,WAIT_AND_RETRY,0.6939987076624857,0.5714285714285714,2.0,403.56,401.56
FAIL_000726,8559.42,LIMIT_EXCEEDED,639,19,2,21,0.9048,0.82,0.9,high_value_loyal,PAYMENT_LINK,0.747119877613679,0.6601941747572816,3.0,5650.879223300972,5647.879223300972
FAIL_000732,1311.68,NETWORK_ERROR,795,21,5,26,0.8077,0.6,0.6,normal,WAIT_AND_RETRY,0.8646462643687707,0.8461538461538461,2.0,1109.883076923077,1107.883076923077
FAIL_000735,1311.68,BANK_DECLINED,795,21,5,26,0.8077,0.6,0.6,normal,PAYMENT_LINK,0.5419652733713102,0.3485714285714286,3.0,457.2141714285715,454.2141714285715
FAIL_000752,2288.88,LIMIT_EXCEEDED,671,13,9,22,0.5909,0.35,0.45,friction_prone,PAYMENT_LINK,0.7183532571740653,0.5833333333333334,3.0,1335.18,1332.18
FAIL_000762,13871.79,NETWORK_ERROR,498,14,2,16,0.875,0.82,0.9,high_value_loyal,WAIT_AND_RETRY,0.8797088683614943,0.9672131147540983,2.0,13416.977213114755,13414.977213114755
FAIL_000778,676.83,AUTHENTICATION_FAILED,625,16,4,20,0.8,0.35,0.45,friction_prone,UPDATE_PAYMENT_METHOD,0.7256385574193723,0.5783132530120481,3.0,391.4197590361445,388.4197590361445
FAIL_000779,676.83,BANK_DECLINED,625,16,4,20,0.8,0.35,0.45,friction_prone,PAYMENT_LINK,0.5788991986335064,0.4523809523809524,3.0,306.185,303.185
FAIL_000780,262.8,INSUFFICIENT_FUNDS,684,17,5,22,0.7727,0.3,0.25,low_engagement,WAIT_AND_RETRY,0.8234499902973302,0.8102564102564103,2.0,212.93538461538463,210.93538461538463
FAIL_000785,726.01,INSUFFICIENT_FUNDS,749,18,6,24,0.75,0.3,0.25,low_engagement,WAIT_AND_RETRY,0.7633119248827371,0.6621621621621622,2.0,480.73635135135135,478.73635135135135
FAIL_000786,726.01,AUTHENTICATION_FAILED,749,18,6,24,0.75,0.3,0.25,low_engagement,UPDATE_PAYMENT_METHOD,0.7025003441281696,0.5783132530120481,3.0,419.861204819277,416.861204819277
FAIL_000788,726.01,INSUFFICIENT_FUNDS,749,18,6,24,0.75,0.3,0.25,low_engagement,WAIT_AND_RETRY,0.7633119248827371,0.6621621621621622,2.0,480.73635135135135,478.73635135135135
FAIL_000792,998.82,BANK_DECLINED,905,26,4,30,0.8667,0.6,0.6,normal,WAIT_AND_RETRY,0.6248477982361723,0.375,2.0,374.5575,372.5575
FAIL_000797,998.82,BANK_DECLINED,905,26,4,30,0.8667,0.6,0.6,normal,WAIT_AND_RETRY,0.6248477982361723,0.375,2.0,374.5575,372.5575
FAIL_000808,1523.74,INSUFFICIENT_FUNDS,235,3,4,7,0.4286,0.35,0.45,friction_prone,PAYMENT_LINK,0.6364426074246597,0.5418848167539267,3.0,825.6915706806284,822.6915706806284
FAIL_000815,997.42,BANK_DECLINED,531,13,4,17,0.7647,0.35,0.45,friction_prone,PAYMENT_LINK,0.5906050180698128,0.4820359281437126,3.0,480.7922754491018,477.7922754491018
FAIL_000816,1661.44,INSUFFICIENT_FUNDS,707,15,8,23,0.6522,0.35,0.45,friction_prone,SEND_REMINDER,0.49941834262590606,0.3469387755102041,1.0,576.4179591836735,575.4179591836735
FAIL_000818,1661.44,INSUFFICIENT_FUNDS,707,15,8,23,0.6522,0.35,0.45,friction_prone,SEND_REMINDER,0.49941834262590606,0.3469387755102041,1.0,576.4179591836735,575.4179591836735
FAIL_000824,1661.44,CARD_EXPIRED,707,15,8,23,0.6522,0.35,0.45,friction_prone,UPDATE_PAYMENT_METHOD,0.8604771042010271,0.8305084745762712,3.0,1379.8400000000001,1376.8400000000001
FAIL_000834,10125.65,BANK_DECLINED,831,23,4,27,0.8519,0.82,0.9,high_value_loyal,PAYMENT_LINK,0.6919986758112654,0.5418848167539267,3.0,5486.935994764398,5483.935994764398
FAIL_000837,10125.65,NETWORK_ERROR,831,23,4,27,0.8519,0.82,0.9,high_value_loyal,WAIT_AND_RETRY,0.8860927547563971,0.9672131147540983,2.0,9793.661475409835,9791.661475409835
FAIL_000859,1421.41,INSUFFICIENT_FUNDS,999,28,5,33,0.8485,0.6,0.6,normal,SEND_REMINDER,0.546715453663384,0.4583333333333333,1.0,651.4795833333334,650.4795833333334
FAIL_000861,886.93,AUTHENTICATION_FAILED,760,22,3,25,0.88,0.6,0.6,normal,UPDATE_PAYMENT_METHOD,0.8053360402782669,0.6964285714285714,3.0,617.6833928571428,614.6833928571428
FAIL_000863,886.93,NETWORK_ERROR,760,22,3,25,0.88,0.6,0.6,normal,RETRY_NOW,0.925575416342177,0.999,2.0,886.04307,884.04307
FAIL_000865,8418.6,INSUFFICIENT_FUNDS,922,27,3,30,0.9,0.82,0.9,high_value_loyal,WAIT_AND_RETRY,0.7589637588232159,0.6621621621621622,2.0,5574.478378378379,5572.478378378379
FAIL_000868,8418.6,BANK_DECLINED,922,27,3,30,0.9,0.82,0.9,high_value_loyal,PAYMENT_LINK,0.7157191340953456,0.5833333333333334,3.0,4910.85,4907.85
FAIL_000871,533.16,BANK_DECLINED,884,24,5,29,0.8276,0.6,0.6,normal,PAYMENT_LINK,0.6275247334876722,0.4820359281437126,3.0,257.0022754491018,254.00227544910177
FAIL_000874,533.16,INSUFFICIENT_FUNDS,884,24,5,29,0.8276,0.6,0.6,normal,PAYMENT_LINK,0.7319069608213181,0.6601941747572816,3.0,351.9891262135922,348.9891262135922
FAIL_000876,762.6,NETWORK_ERROR,493,13,3,16,0.8125,0.3,0.25,low_engagement,RETRY_NOW,0.9083731549531517,0.9230769230769231,2.0,703.9384615384616,701.9384615384616
FAIL_000878,762.6,AUTHENTICATION_FAILED,493,13,3,16,0.8125,0.3,0.25,low_engagement,UPDATE_PAYMENT_METHOD,0.6807863772866153,0.5783132530120481,3.0,441.0216867469879,438.0216867469879
FAIL_000882,1451.55,INSUFFICIENT_FUNDS,153,3,2,5,0.6,0.6,0.6,normal,SEND_REMINDER,0.659423184829362,0.75,1.0,1088.6625,1087.6625
FAIL_000892,376.34,BANK_DECLINED,891,17,12,29,0.5862,0.35,0.45,friction_prone,SEND_REMINDER,0.5077319380357074,0.3469387755102041,1.0,130.56693877551018,129.56693877551018
FAIL_000896,376.34,INSUFFICIENT_FUNDS,891,17,12,29,0.5862,0.35,0.45,friction_prone,WAIT_AND_RETRY,0.7378223746867619,0.5714285714285714,2.0,215.05142857142854,213.05142857142854
FAIL_000897,578.62,BANK_DECLINED,219,6,1,7,0.8571,0.6,0.6,normal,PAYMENT_LINK,0.7333287528244349,0.6601941747572816,3.0,382.00155339805826,379.00155339805826
FAIL_000899,1420.91,BANK_DECLINED,701,18,5,23,0.7826,0.6,0.6,normal,PAYMENT_LINK,0.6376223992155954,0.5418848167539267,3.0,769.9695549738221,766.9695549738221
FAIL_000900,1420.91,BANK_DECLINED,701,18,5,23,0.7826,0.6,0.6,normal,PAYMENT_LINK,0.6376223992155954,0.5418848167539267,3.0,769.9695549738221,766.9695549738221
FAIL_000903,803.69,LIMIT_EXCEEDED,772,21,4,25,0.84,0.3,0.25,low_engagement,PAYMENT_LINK,0.6567267859128586,0.5418848167539267,3.0,435.50740837696344,432.50740837696344
FAIL_000912,454.36,AUTHENTICATION_FAILED,817,18,9,27,0.6667,0.35,0.45,friction_prone,UPDATE_PAYMENT_METHOD,0.7187356122281545,0.5783132530120481,3.0,262.7624096385542,259.7624096385542
FAIL_000914,454.36,CARD_EXPIRED,817,18,9,27,0.6667,0.35,0.45,friction_prone,UPDATE_PAYMENT_METHOD,0.8464323693544158,0.8305084745762712,3.0,377.3498305084746,374.3498305084746
FAIL_000915,454.36,BANK_DECLINED,817,18,9,27,0.6667,0.35,0.45,friction_prone,PAYMENT_LINK,0.6276302017956386,0.4820359281437126,3.0,219.01784431137727,216.01784431137727
FAIL_000921,1655.04,BANK_DECLINED,996,23,10,33,0.697,0.35,0.45,friction_prone,SEND_REMINDER,0.4524172222495258,0.3125,1.0,517.2,516.2
FAIL_000933,929.32,INSUFFICIENT_FUNDS,758,21,4,25,0.84,0.6,0.6,normal,WAIT_AND_RETRY,0.7907116955496519,0.6621621621621622,2.0,615.3605405405406,613.3605405405406
FAIL_000934,929.32,INSUFFICIENT_FUNDS,758,21,4,25,0.84,0.6,0.6,normal,WAIT_AND_RETRY,0.7907116955496519,0.6621621621621622,2.0,615.3605405405406,613.3605405405406
FAIL_000938,2093.21,AUTHENTICATION_FAILED,830,21,6,27,0.7778,0.35,0.45,friction_prone,UPDATE_PAYMENT_METHOD,0.6221332213887449,0.5,3.0,1046.605,1043.605
FAIL_000939,2093.21,CARD_EXPIRED,830,21,6,27,0.7778,0.35,0.45,friction_prone,UPDATE_PAYMENT_METHOD,0.7184094950854891,0.5783132530120481,3.0,1210.531084337349,1207.531084337349
FAIL_000943,686.09,CARD_EXPIRED,429,10,4,14,0.7143,0.35,0.45,friction_prone,UPDATE_PAYMENT_METHOD,0.8822125020152608,0.9787234042553191,3.0,671.4923404255319,668.4923404255319
FAIL_000953,978.94,LIMIT_EXCEEDED,580,14,5,19,0.7368,0.6,0.6,normal,PAYMENT_LINK,0.7478561660725677,0.6601941747572816,3.0,646.2904854368933,643.2904854368933
FAIL_000954,978.94,CARD_EXPIRED,580,14,5,19,0.7368,0.6,0.6,normal,UPDATE_PAYMENT_METHOD,0.8583229801194235,0.8305084745762712,3.0,813.0179661016949,810.0179661016949
FAIL_000961,524.81,CARD_EXPIRED,606,12,8,20,0.6,0.3,0.25,low_engagement,UPDATE_PAYMENT_METHOD,0.8915861661454364,0.9787234042553191,3.0,513.6438297872339,510.6438297872339
FAIL_000963,524.81,AUTHENTICATION_FAILED,606,12,8,20,0.6,0.3,0.25,low_engagement,UPDATE_PAYMENT_METHOD,0.624028309019147,0.5,3.0,262.405,259.405
FAIL_000964,524.81,AUTHENTICATION_FAILED,606,12,8,20,0.6,0.3,0.25,low_engagement,UPDATE_PAYMENT_METHOD,0.624028309019147,0.5,3.0,262.405,259.405
FAIL_000969,524.81,NETWORK_ERROR,606,12,8,20,0.6,0.3,0.25,low_engagement,RETRY_NOW,0.9050795965231587,0.9230769230769231,2.0,484.44,482.44
FAIL_000970,524.81,AUTHENTICATION_FAILED,606,12,8,20,0.6,0.3,0.25,low_engagement,UPDATE_PAYMENT_METHOD,0.624028309019147,0.5,3.0,262.405,259.405
FAIL_000975,814.36,BANK_DECLINED,718,18,5,23,0.7826,0.3,0.25,low_engagement,WAIT_AND_RETRY,0.6272514946536422,0.375,2.0,305.385,303.385
FAIL_000978,814.36,LIMIT_EXCEEDED,718,18,5,23,0.7826,0.3,0.25,low_engagement,PAYMENT_LINK,0.627744095952856,0.4820359281437126,3.0,392.5507784431138,389.5507784431138
FAIL_000980,5752.09,BANK_DECLINED,857,25,3,28,0.8929,0.82,0.9,high_value_loyal,PAYMENT_LINK,0.7371012407835277,0.6601941747572816,3.0,3797.496310679612,3794.496310679612
FAIL_000981,5752.09,INSUFFICIENT_FUNDS,857,25,3,28,0.8929,0.82,0.9,high_value_loyal,WAIT_AND_RETRY,0.7873062037211814,0.6621621621621622,2.0,3808.8163513513514,3806.8163513513514
FAIL_000987,669.19,LIMIT_EXCEEDED,838,23,4,27,0.8519,0.3,0.25,low_engagement,PAYMENT_LINK,0.6399534929961799,0.5418848167539267,3.0,362.6239005235603,359.6239005235603
FAIL_000996,7063.31,INSUFFICIENT_FUNDS,927,28,2,30,0.9333,0.82,0.9,high_value_loyal,PAYMENT_LINK,0.856704034151391,0.999,3.0,7056.24669,7053.24669
FAIL_001000,568.13,CARD_EXPIRED,988,26,6,32,0.8125,0.35,0.45,friction_prone,UPDATE_PAYMENT_METHOD,0.8483583496701601,0.8305084745762712,3.0,471.836779661017,468.836779661017
FAIL_001001,703.31,INSUFFICIENT_FUNDS,374,10,2,12,0.8333,0.3,0.25,low_engagement,WAIT_AND_RETRY,0.7489966875191663,0.6341463414634146,2.0,446.00146341463415,444.00146341463415
FAIL_001003,449.13,NETWORK_ERROR,689,20,2,22,0.9091,0.3,0.25,low_engagement,RETRY_NOW,0.9150271339940088,0.9230769230769231,2.0,414.58153846153846,412.58153846153846
FAIL_001004,449.13,LIMIT_EXCEEDED,689,20,2,22,0.9091,0.3,0.25,low_engagement,PAYMENT_LINK,0.5972738829850713,0.4820359281437126,3.0,216.49679640718563,213.49679640718563
FAIL_001009,1572.78,CARD_EXPIRED,377,8,4,12,0.6667,0.35,0.45,friction_prone,UPDATE_PAYMENT_METHOD,0.8898116764346954,0.9787234042553191,3.0,1539.3165957446809,1536.3165957446809
FAIL_001011,432.26,CARD_EXPIRED,965,27,5,32,0.8438,0.3,0.25,low_engagement,UPDATE_PAYMENT_METHOD,0.7609312092223844,0.5783132530120481,3.0,249.9816867469879,246.9816867469879
FAIL_001013,432.26,NETWORK_ERROR,965,27,5,32,0.8438,0.3,0.25,low_engagement,WAIT_AND_RETRY,0.8460905879616335,0.8102564102564103,2.0,350.2414358974359,348.2414358974359
FAIL_001016,449.29,INSUFFICIENT_FUNDS,930,22,9,31,0.7097,0.3,0.25,low_engagement,WAIT_AND_RETRY,0.7270928215171352,0.5714285714285714,2.0,256.7371428571428,254.73714285714283
FAIL_001017,449.29,INSUFFICIENT_FUNDS,930,22,9,31,0.7097,0.3,0.25,low_engagement,WAIT_AND_RETRY,0.7270928215171352,0.5714285714285714,2.0,256.7371428571428,254.73714285714283
FAIL_001019,449.29,INSUFFICIENT_FUNDS,930,22,9,31,0.7097,0.3,0.25,low_engagement,WAIT_AND_RETRY,0.7270928215171352,0.5714285714285714,2.0,256.7371428571428,254.73714285714283
FAIL_001021,449.29,INSUFFICIENT_FUNDS,930,22,9,31,0.7097,0.3,0.25,low_engagement,WAIT_AND_RETRY,0.7270928215171352,0.5714285714285714,2.0,256.7371428571428,254.73714285714283
FAIL_001023,449.29,AUTHENTICATION_FAILED,930,22,9,31,0.7097,0.3,0.25,low_engagement,UPDATE_PAYMENT_METHOD,0.7220135733363684,0.5783132530120481,3.0,259.83036144578307,256.83036144578307
FAIL_001024,449.29,BANK_DECLINED,930,22,9,31,0.7097,0.3,0.25,low_engagement,PAYMENT_LINK,0.5390720604629234,0.34415584415584416,3.0,154.62577922077924,151.62577922077924
FAIL_001029,850.96,INSUFFICIENT_FUNDS,960,26,6,32,0.8125,0.35,0.45,friction_prone,WAIT_AND_RETRY,0.7686868621220292,0.6621621621621622,2.0,563.4735135135136,561.4735135135136
FAIL_001030,1157.68,INSUFFICIENT_FUNDS,759,20,5,25,0.8,0.8,0.85,reliable,SEND_REMINDER,0.7224173124260578,0.8125,1.0,940.615,939.615
FAIL_001044,542.66,BANK_DECLINED,743,18,6,24,0.75,0.35,0.45,friction_prone,WAIT_AND_RETRY,0.653912472235501,0.4711111111111111,2.0,255.65315555555554,253.65315555555554
FAIL_001062,2619.41,INSUFFICIENT_FUNDS,993,24,9,33,0.7273,0.6,0.6,normal,WAIT_AND_RETRY,0.7617346027528054,0.6621621621621622,2.0,1734.474189189189,1732.474189189189
FAIL_001069,745.87,BANK_DECLINED,843,20,8,28,0.7143,0.3,0.25,low_engagement,WAIT_AND_RETRY,0.6152263633535878,0.36666666666666664,2.0,273.48566666666665,271.48566666666665
FAIL_001070,745.87,LIMIT_EXCEEDED,843,20,8,28,0.7143,0.3,0.25,low_engagement,PAYMENT_LINK,0.663572615154433,0.5418848167539267,3.0,404.17562827225134,401.17562827225134
FAIL_001073,699.79,BANK_DECLINED,255,5,3,8,0.625,0.35,0.45,friction_prone,UPDATE_PAYMENT_METHOD,0.4670563940967551,0.4,3.0,279.916,276.916
FAIL_001077,418.23,NETWORK_ERROR,984,27,5,32,0.8438,0.6,0.6,normal,RETRY_NOW,0.9471376619354115,0.999,2.0,417.81177,415.81177
FAIL_001079,779.11,CARD_EXPIRED,709,17,6,23,0.7391,0.3,0.25,low_engagement,UPDATE_PAYMENT_METHOD,0.783923226314772,0.6,3.0,467.466,464.466
FAIL_001082,829.5,INSUFFICIENT_FUNDS,751,12,13,25,0.48,0.35,0.45,friction_prone,WAIT_AND_RETRY,0.7793951362825796,0.6621621621621622,2.0,549.2635135135135,547.2635135135135
FAIL_001084,829.5,BANK_DECLINED,751,12,13,25,0.48,0.35,0.45,friction_prone,PAYMENT_LINK,0.5584764363324869,0.3485714285714286,3.0,289.14,286.14
FAIL_001085,829.5,BANK_DECLINED,751,12,13,25,0.48,0.35,0.45,friction_prone,PAYMENT_LINK,0.5584764363324869,0.3485714285714286,3.0,289.14,286.14
FAIL_001086,829.5,INSUFFICIENT_FUNDS,751,12,13,25,0.48,0.35,0.45,friction_prone,WAIT_AND_RETRY,0.7793951362825796,0.6621621621621622,2.0,549.2635135135135,547.2635135135135
FAIL_001087,829.5,BANK_DECLINED,751,12,13,25,0.48,0.35,0.45,friction_prone,PAYMENT_LINK,0.5584764363324869,0.3485714285714286,3.0,289.14,286.14
FAIL_001088,829.5,BANK_DECLINED,751,12,13,25,0.48,0.35,0.45,friction_prone,PAYMENT_LINK,0.5584764363324869,0.3485714285714286,3.0,289.14,286.14
FAIL_001093,1516.92,CARD_EXPIRED,747,21,3,24,0.875,0.6,0.6,normal,UPDATE_PAYMENT_METHOD,0.7714422987641243,0.6,3.0,910.152,907.152
FAIL_001094,1106.29,INSUFFICIENT_FUNDS,978,29,3,32,0.9062,0.6,0.6,normal,WAIT_AND_RETRY,0.7041673527722406,0.5714285714285714,2.0,632.1657142857142,630.1657142857142
FAIL_001097,694.64,AUTHENTICATION_FAILED,616,16,4,20,0.8,0.3,0.25,low_engagement,UPDATE_PAYMENT_METHOD,0.6743997252854087,0.5783132530120481,3.0,401.7195180722891,398.7195180722891
FAIL_001106,791.33,CARD_EXPIRED,402,9,4,13,0.6923,0.35,0.45,friction_prone,UPDATE_PAYMENT_METHOD,0.8875150741489547,0.9787234042553191,3.0,774.4931914893617,771.4931914893617
FAIL_001116,1927.55,CARD_EXPIRED,826,16,11,27,0.5926,0.35,0.45,friction_prone,UPDATE_PAYMENT_METHOD,0.7245994829383846,0.5783132530120481,3.0,1114.7277108433732,1111.7277108433732
FAIL_001125,688.54,CARD_EXPIRED,489,11,5,16,0.6875,0.3,0.25,low_engagement,UPDATE_PAYMENT_METHOD,0.872254015668298,0.9230769230769231,3.0,635.5753846153846,632.5753846153846
FAIL_001127,688.54,AUTHENTICATION_FAILED,489,11,5,16,0.6875,0.3,0.25,low_engagement,UPDATE_PAYMENT_METHOD,0.7077148926135408,0.5783132530120481,3.0,398.19180722891554,395.19180722891554
FAIL_001134,1961.94,INSUFFICIENT_FUNDS,960,25,7,32,0.7812,0.35,0.45,friction_prone,PAYMENT_LINK,0.6340507750406978,0.5238095238095238,3.0,1027.6828571428573,1024.6828571428573
FAIL_001136,1961.94,BANK_DECLINED,960,25,7,32,0.7812,0.35,0.45,friction_prone,PAYMENT_LINK,0.6996849035529453,0.5418848167539267,3.0,1063.145497382199,1060.145497382199
FAIL_001139,1961.94,BANK_DECLINED,960,25,7,32,0.7812,0.35,0.45,friction_prone,PAYMENT_LINK,0.6996849035529453,0.5418848167539267,3.0,1063.145497382199,1060.145497382199
FAIL_001140,3086.94,INSUFFICIENT_FUNDS,576,12,7,19,0.6316,0.6,0.6,normal,PAYMENT_LINK,0.7015912745822832,0.5418848167539267,3.0,1672.7659162303667,1669.7659162303667
FAIL_001141,3086.94,CARD_EXPIRED,576,12,7,19,0.6316,0.6,0.6,normal,UPDATE_PAYMENT_METHOD,0.8692507260901022,0.896551724137931,3.0,2767.601379310345,2764.601379310345
FAIL_001142,3086.94,INSUFFICIENT_FUNDS,576,12,7,19,0.6316,0.6,0.6,normal,PAYMENT_LINK,0.7015912745822832,0.5418848167539267,3.0,1672.7659162303667,1669.7659162303667
FAIL_001144,3086.94,BANK_DECLINED,576,12,7,19,0.6316,0.6,0.6,normal,PAYMENT_LINK,0.7446567302367025,0.6601941747572816,3.0,2037.979805825243,2034.979805825243
FAIL_001155,1652.19,BANK_DECLINED,595,13,6,19,0.6842,0.35,0.45,friction_prone,PAYMENT_LINK,0.5995241239657664,0.4820359281437126,3.0,796.4149401197606,793.4149401197606
FAIL_001163,1399.49,NETWORK_ERROR,769,18,7,25,0.72,0.35,0.45,friction_prone,RETRY_NOW,0.8448609448314163,0.7037037037037037,2.0,984.8262962962963,982.8262962962963
FAIL_001168,200.0,NETWORK_ERROR,43,0,1,1,0.0,0.3,0.25,low_engagement,RETRY_NOW,0.931635276299146,0.999,2.0,199.8,197.8
FAIL_001169,2634.12,INSUFFICIENT_FUNDS,964,30,2,32,0.9375,0.8,0.85,reliable,WAIT_AND_RETRY,0.8549244457476501,0.8102564102564103,2.0,2134.312615384615,2132.312615384615
FAIL_001171,1737.7,INSUFFICIENT_FUNDS,985,18,14,32,0.5625,0.35,0.45,friction_prone,WAIT_AND_RETRY,0.6953076543279523,0.5714285714285714,2.0,992.9714285714285,990.9714285714285
FAIL_001176,1737.7,NETWORK_ERROR,985,18,14,32,0.5625,0.35,0.45,friction_prone,WAIT_AND_RETRY,0.8341516157034674,0.8102564102564103,2.0,1407.982564102564,1405.982564102564
FAIL_001186,1737.7,INSUFFICIENT_FUNDS,985,18,14,32,0.5625,0.35,0.45,friction_prone,WAIT_AND_RETRY,0.6953076543279523,0.5714285714285714,2.0,992.9714285714285,990.9714285714285
FAIL_001201,1039.13,CARD_EXPIRED,692,19,4,23,0.8261,0.35,0.45,friction_prone,UPDATE_PAYMENT_METHOD,0.8104094949199643,0.6964285714285714,3.0,723.6798214285715,720.6798214285715
FAIL_001203,468.79,NETWORK_ERROR,395,12,1,13,0.9231,0.8,0.85,reliable,WAIT_AND_RETRY,0.8905125750039409,0.9672131147540983,2.0,453.41983606557375,451.41983606557375
FAIL_001212,332.6,NETWORK_ERROR,845,19,9,28,0.6786,0.3,0.25,low_engagement,WAIT_AND_RETRY,0.8493535965170548,0.8102564102564103,2.0,269.4912820512821,267.4912820512821
FAIL_001216,457.08,AUTHENTICATION_FAILED,651,16,5,21,0.7619,0.3,0.25,low_engagement,UPDATE_PAYMENT_METHOD,0.7037906745142581,0.5783132530120481,3.0,264.33542168674694,261.33542168674694
FAIL_001223,580.5,BANK_DECLINED,811,17,10,27,0.6296,0.35,0.45,friction_prone,PAYMENT_LINK,0.606414449266513,0.4820359281437126,3.0,279.8218562874252,276.8218562874252
FAIL_001227,580.5,NETWORK_ERROR,811,17,10,27,0.6296,0.35,0.45,friction_prone,WAIT_AND_RETRY,0.8500847236482826,0.8102564102564103,2.0,470.3538461538462,468.3538461538462
FAIL_001229,580.5,BANK_DECLINED,811,17,10,27,0.6296,0.35,0.45,friction_prone,PAYMENT_LINK,0.606414449266513,0.4820359281437126,3.0,279.8218562874252,276.8218562874252
FAIL_001231,580.5,BANK_DECLINED,811,17,10,27,0.6296,0.35,0.45,friction_prone,PAYMENT_LINK,0.606414449266513,0.4820359281437126,3.0,279.8218562874252,276.8218562874252
FAIL_001233,493.48,NETWORK_ERROR,951,24,7,31,0.7742,0.3,0.25,low_engagement,RETRY_NOW,0.9201097308080926,0.999,2.0,492.98652000000004,490.98652000000004
FAIL_001240,3208.7,INSUFFICIENT_FUNDS,922,27,3,30,0.9,0.82,0.9,high_value_loyal,WAIT_AND_RETRY,0.7478391598133202,0.6341463414634146,2.0,2034.7853658536585,2032.7853658536585
FAIL_001245,1120.08,INSUFFICIENT_FUNDS,948,23,8,31,0.7419,0.6,0.6,normal,PAYMENT_LINK,0.7203537161560447,0.6601941747572816,3.0,739.4702912621359,736.4702912621359
FAIL_001251,1120.08,BANK_DECLINED,948,23,8,31,0.7419,0.6,0.6,normal,WAIT_AND_RETRY,0.5492990756600099,0.32075471698113206,2.0,359.27094339622636,357.27094339622636
FAIL_001260,929.62,BANK_DECLINED,344,6,5,11,0.5455,0.35,0.45,friction_prone,WAIT_AND_RETRY,0.6755174494119993,0.4711111111111111,2.0,437.9543111111111,435.9543111111111
FAIL_001263,929.62,INSUFFICIENT_FUNDS,344,6,5,11,0.5455,0.35,0.45,friction_prone,SEND_REMINDER,0.5213940576612022,0.3469387755102041,1.0,322.52122448979594,321.52122448979594
FAIL_001267,15000.0,BANK_DECLINED,955,29,2,31,0.9355,0.82,0.9,high_value_loyal,PAYMENT_LINK,0.7505074661354796,0.6601941747572816,3.0,9902.912621359224,9899.912621359224
FAIL_001272,8583.5,NETWORK_ERROR,414,12,1,13,0.9231,0.82,0.9,high_value_loyal,WAIT_AND_RETRY,0.9053226377459115,0.9672131147540983,2.0,8302.073770491803,8300.073770491803
FAIL_001277,540.07,INSUFFICIENT_FUNDS,978,22,10,32,0.6875,0.35,0.45,friction_prone,WAIT_AND_RETRY,0.7546935441547482,0.6621621621621622,2.0,357.61391891891896,355.61391891891896
FAIL_001285,540.07,NETWORK_ERROR,978,22,10,32,0.6875,0.35,0.45,friction_prone,RETRY_NOW,0.9104242806490516,0.9230769230769231,2.0,498.52615384615393,496.52615384615393
FAIL_001286,489.64,CARD_EXPIRED,876,24,5,29,0.8276,0.3,0.25,low_engagement,UPDATE_PAYMENT_METHOD,0.8525573571022717,0.8305084745762712,3.0,406.6501694915254,403.6501694915254
FAIL_001287,489.64,AUTHENTICATION_FAILED,876,24,5,29,0.8276,0.3,0.25,low_engagement,UPDATE_PAYMENT_METHOD,0.7633915176640742,0.5783132530120481,3.0,283.16530120481923,280.16530120481923
FAIL_001289,489.64,BANK_DECLINED,876,24,5,29,0.8276,0.3,0.25,low_engagement,WAIT_AND_RETRY,0.726981034759467,0.5714285714285714,2.0,279.7942857142857,277.7942857142857
FAIL_001293,489.64,LIMIT_EXCEEDED,876,24,5,29,0.8276,0.3,0.25,low_engagement,PAYMENT_LINK,0.6582240873670573,0.5418848167539267,3.0,265.3284816753927,262.3284816753927
FAIL_001296,14846.24,NETWORK_ERROR,728,22,2,24,0.9167,0.82,0.9,high_value_loyal,RETRY_NOW,0.8777637465548183,0.8349514563106796,2.0,12395.889708737863,12393.889708737863
FAIL_001300,878.95,NETWORK_ERROR,745,17,7,24,0.7083,0.35,0.45,friction_prone,RETRY_NOW,0.8335504908153669,0.7037037037037037,2.0,618.5203703703704,616.5203703703704
FAIL_001320,676.53,CARD_EXPIRED,705,16,7,23,0.6957,0.6,0.6,normal,UPDATE_PAYMENT_METHOD,0.9426326713671004,0.999,3.0,675.85347,672.85347
FAIL_001328,418.75,INSUFFICIENT_FUNDS,326,9,1,10,0.9,0.3,0.25,low_engagement,WAIT_AND_RETRY,0.8357347804197757,0.8102564102564103,2.0,339.2948717948718,337.2948717948718
FAIL_001329,2720.0,CARD_EXPIRED,470,13,2,15,0.8667,0.8,0.85,reliable,UPDATE_PAYMENT_METHOD,0.8952902252905051,0.9787234042553191,3.0,2662.127659574468,2659.127659574468
FAIL_001337,1196.46,BANK_DECLINED,542,11,7,18,0.6111,0.35,0.45,friction_prone,PAYMENT_LINK,0.5150210291160672,0.34415584415584416,3.0,411.76870129870133,408.76870129870133
FAIL_001345,1492.87,CARD_EXPIRED,137,2,2,4,0.5,0.6,0.6,normal,UPDATE_PAYMENT_METHOD,0.750044603852642,0.5783132530120481,3.0,863.3465060240961,860.3465060240961
FAIL_001353,633.24,LIMIT_EXCEEDED,429,9,5,14,0.6429,0.35,0.45,friction_prone,UPDATE_PAYMENT_METHOD,0.46670999063363433,0.4,3.0,253.29600000000002,250.29600000000002
FAIL_001354,2315.15,CARD_EXPIRED,535,12,5,17,0.7059,0.6,0.6,normal,UPDATE_PAYMENT_METHOD,0.9209056911204484,0.9787234042553191,3.0,2265.891489361702,2262.891489361702
FAIL_001357,412.94,INSUFFICIENT_FUNDS,471,11,4,15,0.7333,0.35,0.45,friction_prone,WAIT_AND_RETRY,0.7960938923559284,0.7441860465116279,2.0,307.30418604651163,305.30418604651163
FAIL_001361,8636.92,INSUFFICIENT_FUNDS,748,22,2,24,0.9167,0.82,0.9,high_value_loyal,PAYMENT_LINK,0.7843994867912768,0.6923076923076923,3.0,5979.406153846154,5976.406153846154
FAIL_001367,444.14,AUTHENTICATION_FAILED,700,15,8,23,0.6522,0.3,0.25,low_engagement,UPDATE_PAYMENT_METHOD,0.7527486391797241,0.5783132530120481,3.0,256.852048192771,253.852048192771
FAIL_001373,11601.39,BANK_DECLINED,423,13,1,14,0.9286,0.82,0.9,high_value_loyal,SEND_REMINDER,0.5818574843913698,0.5319148936170213,1.0,6170.952127659574,6169.952127659574
FAIL_001379,547.66,BANK_DECLINED,427,8,6,14,0.5714,0.3,0.25,low_engagement,WAIT_AND_RETRY,0.351659015469747,0.10975609756097561,2.0,60.109024390243896,58.109024390243896
FAIL_001385,2023.63,INSUFFICIENT_FUNDS,831,21,6,27,0.7778,0.35,0.45,friction_prone,WAIT_AND_RETRY,0.7265941972081038,0.5714285714285714,2.0,1156.36,1154.36
FAIL_001390,601.97,CARD_EXPIRED,765,21,4,25,0.84,0.3,0.25,low_engagement,UPDATE_PAYMENT_METHOD,0.822382316686245,0.6964285714285714,3.0,419.2291071428571,416.2291071428571
FAIL_001394,321.75,INSUFFICIENT_FUNDS,759,20,5,25,0.8,0.3,0.25,low_engagement,WAIT_AND_RETRY,0.7134198945984705,0.5714285714285714,2.0,183.85714285714283,181.85714285714283
FAIL_001405,2231.07,BANK_DECLINED,603,16,4,20,0.8,0.35,0.45,friction_prone,WAIT_AND_RETRY,0.6621324093360079,0.4711111111111111,2.0,1051.0818666666667,1049.0818666666667
FAIL_001409,7064.05,INSUFFICIENT_FUNDS,746,22,2,24,0.9167,0.82,0.9,high_value_loyal,PAYMENT_LINK,0.7803604739573914,0.6923076923076923,3.0,4890.496153846154,4887.496153846154
FAIL_001416,507.97,BANK_DECLINED,930,20,11,31,0.6452,0.3,0.25,low_engagement,WAIT_AND_RETRY,0.6848101047330619,0.4711111111111111,2.0,239.3103111111111,237.3103111111111
FAIL_001430,1271.26,INSUFFICIENT_FUNDS,706,15,8,23,0.6522,0.35,0.45,friction_prone,WAIT_AND_RETRY,0.5988821069061082,0.36666666666666664,2.0,466.1286666666666,464.1286666666666
FAIL_001433,1271.26,NETWORK_ERROR,706,15,8,23,0.6522,0.35,0.45,friction_prone,RETRY_NOW,0.9079008268011226,0.9230769230769231,2.0,1173.4707692307693,1171.4707692307693
FAIL_001439,404.63,NETWORK_ERROR,971,28,4,32,0.875,0.3,0.25,low_engagement,WAIT_AND_RETRY,0.8534752456365124,0.8102564102564103,2.0,327.8540512820513,325.8540512820513
FAIL_001449,200.0,BANK_DECLINED,735,16,8,24,0.6667,0.35,0.45,friction_prone,PAYMENT_LINK,0.5841869421675352,0.4820359281437126,3.0,96.40718562874252,93.40718562874252
FAIL_001452,950.44,INSUFFICIENT_FUNDS,761,22,3,25,0.88,0.3,0.25,low_engagement,WAIT_AND_RETRY,0.8673298159899215,0.8461538461538461,2.0,804.2184615384616,802.2184615384616
FAIL_001456,12441.81,LIMIT_EXCEEDED,465,13,2,15,0.8667,0.82,0.9,high_value_loyal,RETRY_NOW,0.42717806827577404,0.42424242424242425,2.0,5278.3436363636365,5276.3436363636365
FAIL_001466,557.68,INSUFFICIENT_FUNDS,758,17,8,25,0.68,0.35,0.45,friction_prone,WAIT_AND_RETRY,0.6230486932386757,0.375,2.0,209.13,207.13
FAIL_001471,918.08,LIMIT_EXCEEDED,962,30,2,32,0.9375,0.8,0.85,reliable,PAYMENT_LINK,0.6745725457924795,0.5418848167539267,3.0,497.49361256544506,494.49361256544506
FAIL_001482,576.58,BANK_DECLINED,982,27,5,32,0.8438,0.3,0.25,low_engagement,PAYMENT_LINK,0.6377226593489542,0.5418848167539267,3.0,312.4399476439791,309.4399476439791
FAIL_001483,576.58,INSUFFICIENT_FUNDS,982,27,5,32,0.8438,0.3,0.25,low_engagement,WAIT_AND_RETRY,0.8603118676804776,0.8461538461538461,2.0,487.87538461538463,485.87538461538463
FAIL_001487,1586.51,BANK_DECLINED,622,14,6,20,0.7,0.35,0.45,friction_prone,PAYMENT_LINK,0.5879929621453933,0.4820359281437126,3.0,764.7548203592814,761.7548203592814
FAIL_001492,1096.45,BANK_DECLINED,952,24,7,31,0.7742,0.3,0.25,low_engagement,WAIT_AND_RETRY,0.5932312590163137,0.3409090909090909,2.0,373.7897727272727,371.7897727272727
FAIL_001494,369.27,INSUFFICIENT_FUNDS,621,10,10,20,0.5,0.35,0.45,friction_prone,SEND_REMINDER,0.6469461286042905,0.5666666666666667,1.0,209.253,208.253
FAIL_001495,369.27,LIMIT_EXCEEDED,621,10,10,20,0.5,0.35,0.45,friction_prone,UPDATE_PAYMENT_METHOD,0.5154241643153511,0.4,3.0,147.708,144.708
FAIL_001513,278.46,CARD_EXPIRED,612,13,7,20,0.65,0.3,0.25,low_engagement,UPDATE_PAYMENT_METHOD,0.7712660873080354,0.6,3.0,167.076,164.076
FAIL_001514,278.46,LIMIT_EXCEEDED,612,13,7,20,0.65,0.3,0.25,low_engagement,WAIT_AND_RETRY,0.6152429420408793,0.36666666666666664,2.0,102.10199999999999,100.10199999999999
FAIL_001517,998.51,BANK_DECLINED,614,18,2,20,0.9,0.6,0.6,normal,WAIT_AND_RETRY,0.7303921315101901,0.5714285714285714,2.0,570.5771428571428,568.5771428571428
FAIL_001530,12778.74,LIMIT_EXCEEDED,102,2,1,3,0.6667,0.82,0.9,high_value_loyal,PAYMENT_LINK,0.7391301040771496,0.6601941747572816,3.0,8436.449708737864,8433.449708737864
FAIL_001532,1262.66,AUTHENTICATION_FAILED,300,9,1,10,0.9,0.6,0.6,normal,UPDATE_PAYMENT_METHOD,0.8671760421226268,0.896551724137931,3.0,1132.0400000000002,1129.0400000000002
FAIL_001551,1520.27,CARD_EXPIRED,774,16,9,25,0.64,0.35,0.45,friction_prone,UPDATE_PAYMENT_METHOD,0.8811736005105893,0.9787234042553191,3.0,1487.923829787234,1484.923829787234
FAIL_001553,11684.35,INSUFFICIENT_FUNDS,906,24,6,30,0.8,0.82,0.9,high_value_loyal,WAIT_AND_RETRY,0.832889192416069,0.8102564102564103,2.0,9467.319487179488,9465.319487179488
FAIL_001555,11684.35,INSUFFICIENT_FUNDS,906,24,6,30,0.8,0.82,0.9,high_value_loyal,WAIT_AND_RETRY,0.832889192416069,0.8102564102564103,2.0,9467.319487179488,9465.319487179488
FAIL_001557,11684.35,INSUFFICIENT_FUNDS,906,24,6,30,0.8,0.82,0.9,high_value_loyal,WAIT_AND_RETRY,0.832889192416069,0.8102564102564103,2.0,9467.319487179488,9465.319487179488
FAIL_001564,469.95,INSUFFICIENT_FUNDS,583,10,9,19,0.5263,0.6,0.6,normal,WAIT_AND_RETRY,0.821071516039079,0.8102564102564103,2.0,380.78,378.78
FAIL_001567,1621.46,BANK_DECLINED,662,13,9,22,0.5909,0.35,0.45,friction_prone,PAYMENT_LINK,0.6680307175722031,0.5418848167539267,3.0,878.6445549738221,875.6445549738221
FAIL_001573,1621.46,BANK_DECLINED,662,13,9,22,0.5909,0.35,0.45,friction_prone,PAYMENT_LINK,0.6680307175722031,0.5418848167539267,3.0,878.6445549738221,875.6445549738221
FAIL_001577,2210.87,NETWORK_ERROR,702,16,7,23,0.6957,0.35,0.45,friction_prone,RETRY_NOW,0.8980268632502906,0.8349514563106796,2.0,1845.969126213592,1843.969126213592
FAIL_001578,2210.87,BANK_DECLINED,702,16,7,23,0.6957,0.35,0.45,friction_prone,WAIT_AND_RETRY,0.7011314956698211,0.5714285714285714,2.0,1263.3542857142857,1261.3542857142857
FAIL_001600,1735.47,INSUFFICIENT_FUNDS,781,21,5,26,0.8077,0.6,0.6,normal,WAIT_AND_RETRY,0.7797778560140879,0.6621621621621622,2.0,1149.1625675675675,1147.1625675675675
FAIL_001621,13569.88,BANK_DECLINED,715,22,1,23,0.9565,0.82,0.9,high_value_loyal,SEND_REMINDER,0.5877385287019499,0.5319148936170213,1.0,7218.021276595744,7217.021276595744
FAIL_001622,666.71,CARD_EXPIRED,788,14,12,26,0.5385,0.35,0.45,friction_prone,UPDATE_PAYMENT_METHOD,0.8890545346490634,0.9787234042553191,3.0,652.5246808510639,649.5246808510639
FAIL_001633,666.71,NETWORK_ERROR,788,14,12,26,0.5385,0.35,0.45,friction_prone,WAIT_AND_RETRY,0.7539602742163198,0.6621621621621622,2.0,441.47013513513514,439.47013513513514
FAIL_001635,666.71,LIMIT_EXCEEDED,788,14,12,26,0.5385,0.35,0.45,friction_prone,PAYMENT_LINK,0.6054395689587444,0.4820359281437126,3.0,321.37817365269467,318.37817365269467
FAIL_001636,666.71,INSUFFICIENT_FUNDS,788,14,12,26,0.5385,0.35,0.45,friction_prone,SEND_REMINDER,0.5925673589893711,0.5319148936170213,1.0,354.6329787234043,353.6329787234043
FAIL_001637,1633.25,INSUFFICIENT_FUNDS,658,17,4,21,0.8095,0.35,0.45,friction_prone,WAIT_AND_RETRY,0.7514273769334102,0.6341463414634146,2.0,1035.719512195122,1033.719512195122
FAIL_001638,1633.25,BANK_DECLINED,658,17,4,21,0.8095,0.35,0.45,friction_prone,PAYMENT_LINK,0.5889895521023732,0.4820359281437126,3.0,787.2851796407186,784.2851796407186
FAIL_001643,1249.65,INSUFFICIENT_FUNDS,852,15,13,28,0.5357,0.35,0.45,friction_prone,WAIT_AND_RETRY,0.773891137021723,0.6621621621621622,2.0,827.470945945946,825.470945945946
FAIL_001644,1249.65,INSUFFICIENT_FUNDS,852,15,13,28,0.5357,0.35,0.45,friction_prone,WAIT_AND_RETRY,0.773891137021723,0.6621621621621622,2.0,827.470945945946,825.470945945946
FAIL_001649,1249.65,INSUFFICIENT_FUNDS,852,15,13,28,0.5357,0.35,0.45,friction_prone,WAIT_AND_RETRY,0.773891137021723,0.6621621621621622,2.0,827.470945945946,825.470945945946
FAIL_001650,1249.65,INSUFFICIENT_FUNDS,852,15,13,28,0.5357,0.35,0.45,friction_prone,WAIT_AND_RETRY,0.773891137021723,0.6621621621621622,2.0,827.470945945946,825.470945945946
FAIL_001654,1249.65,BANK_DECLINED,852,15,13,28,0.5357,0.35,0.45,friction_prone,PAYMENT_LINK,0.5754997853387306,0.37209302325581395,3.0,464.98604651162793,461.98604651162793
FAIL_001664,289.39,INSUFFICIENT_FUNDS,747,20,4,24,0.8333,0.3,0.25,low_engagement,WAIT_AND_RETRY,0.6551859757814376,0.4711111111111111,2.0,136.33484444444443,134.33484444444443
FAIL_001665,289.39,BANK_DECLINED,747,20,4,24,0.8333,0.3,0.25,low_engagement,WAIT_AND_RETRY,0.610564892155014,0.36666666666666664,2.0,106.10966666666666,104.10966666666666
FAIL_001668,232.1,BANK_DECLINED,182,2,4,6,0.3333,0.3,0.25,low_engagement,WAIT_AND_RETRY,0.6758307661597066,0.4711111111111111,2.0,109.34488888888887,107.34488888888887
FAIL_001673,1055.34,NETWORK_ERROR,987,20,12,32,0.625,0.35,0.45,friction_prone,WAIT_AND_RETRY,0.9030888174428605,0.9672131147540983,2.0,1020.7386885245901,1018.7386885245901
FAIL_001684,1055.34,LIMIT_EXCEEDED,987,20,12,32,0.625,0.35,0.45,friction_prone,PAYMENT_LINK,0.645171076152925,0.5418848167539267,3.0,571.872722513089,568.872722513089
FAIL_001687,300.09,LIMIT_EXCEEDED,727,12,12,24,0.5,0.35,0.45,friction_prone,UPDATE_PAYMENT_METHOD,0.4107291271917928,0.3387096774193548,3.0,101.64338709677418,98.64338709677418
FAIL_001689,300.09,CARD_EXPIRED,727,12,12,24,0.5,0.35,0.45,friction_prone,UPDATE_PAYMENT_METHOD,0.8255847579932103,0.6964285714286019,3.0,208.99125000000913,205.99125000000913
FAIL_001698,1314.12,INSUFFICIENT_FUNDS,175,4,1,5,0.8,0.6,0.6,normal,SEND_REMINDER,0.7265383056655148,0.8235294117647058,1.0,1082.216470588235,1081.216470588235
FAIL_001718,8298.83,NETWORK_ERROR,989,30,2,32,0.9375,0.82,0.9,high_value_loyal,RETRY_NOW,0.8979315801311331,0.8349514563106796,2.0,6929.120194174757,6927.120194174757
FAIL_001719,8298.83,AUTHENTICATION_FAILED,989,30,2,32,0.9375,0.82,0.9,high_value_loyal,UPDATE_PAYMENT_METHOD,0.7318351985149963,0.5783132530120481,3.0,4799.323373493975,4796.323373493975
FAIL_001723,374.12,BANK_DECLINED,382,6,6,12,0.5,0.3,0.25,low_engagement,SEND_REMINDER,0.4084518909985773,0.2324561403508772,1.0,86.96649122807018,85.96649122807018
FAIL_001729,1090.5,BANK_DECLINED,758,16,9,25,0.64,0.35,0.45,friction_prone,PAYMENT_LINK,0.6108730958013271,0.4820359281437126,3.0,525.6601796407186,522.6601796407186
FAIL_001730,1090.5,INSUFFICIENT_FUNDS,758,16,9,25,0.64,0.35,0.45,friction_prone,PAYMENT_LINK,0.5813225503717034,0.4523809523809524,3.0,493.32142857142856,490.32142857142856
FAIL_001732,651.62,NETWORK_ERROR,62,1,1,2,0.5,0.3,0.25,low_engagement,RETRY_NOW,0.9361013542861235,0.999,2.0,650.96838,648.96838
FAIL_001733,1279.62,CARD_EXPIRED,782,25,1,26,0.9615,0.8,0.85,reliable,UPDATE_PAYMENT_METHOD,0.8924083987000356,0.9787234042553191,3.0,1252.3940425531914,1249.3940425531914
FAIL_001734,891.7,INSUFFICIENT_FUNDS,626,17,3,20,0.85,0.6,0.6,normal,WAIT_AND_RETRY,0.7712368789132514,0.6621621621621622,2.0,590.45,588.45
FAIL_001735,891.7,NETWORK_ERROR,626,17,3,20,0.85,0.6,0.6,normal,WAIT_AND_RETRY,0.8694921565607002,0.8461538461538461,2.0,754.5153846153846,752.5153846153846
FAIL_001742,859.71,NETWORK_ERROR,811,15,12,27,0.5556,0.35,0.45,friction_prone,RETRY_NOW,0.8534892595621256,0.7037037037037037,2.0,604.9811111111112,602.9811111111112
FAIL_001748,208.63,INSUFFICIENT_FUNDS,998,27,6,33,0.8182,0.3,0.25,low_engagement,WAIT_AND_RETRY,0.7891472863861364,0.6621621621621622,2.0,138.1468918918919,136.1468918918919
FAIL_001752,208.63,CARD_EXPIRED,998,27,6,33,0.8182,0.3,0.25,low_engagement,UPDATE_PAYMENT_METHOD,0.7561537543798723,0.5783132530120481,3.0,120.65349397590359,117.65349397590359
FAIL_001755,1699.94,INSUFFICIENT_FUNDS,961,26,6,32,0.8125,0.6,0.6,normal,WAIT_AND_RETRY,0.6702352608601078,0.4711111111111111,2.0,800.8606222222222,798.8606222222222
FAIL_001761,1595.24,BANK_DECLINED,758,16,9,25,0.64,0.35,0.45,friction_prone,PAYMENT_LINK,0.6320193428450741,0.4820359281437126,3.0,768.9629940119761,765.9629940119761
FAIL_001766,1595.24,BANK_DECLINED,758,16,9,25,0.64,0.35,0.45,friction_prone,PAYMENT_LINK,0.6320193428450741,0.4820359281437126,3.0,768.9629940119761,765.9629940119761
FAIL_001767,1595.24,INSUFFICIENT_FUNDS,758,16,9,25,0.64,0.35,0.45,friction_prone,SEND_REMINDER,0.5575309432868467,0.5,1.0,797.62,796.62
FAIL_001780,345.77,BANK_DECLINED,937,21,10,31,0.6774,0.6,0.6,normal,WAIT_AND_RETRY,0.6074370389946318,0.36666666666666664,2.0,126.78233333333331,124.78233333333331
FAIL_001781,345.77,LIMIT_EXCEEDED,937,21,10,31,0.6774,0.6,0.6,normal,UPDATE_PAYMENT_METHOD,0.6586889196837041,0.5783132530120481,3.0,199.96337349397584,196.96337349397584
FAIL_001787,703.54,NETWORK_ERROR,485,12,4,16,0.75,0.35,0.45,friction_prone,WAIT_AND_RETRY,0.7643199981049,0.6621621621621622,2.0,465.85756756756757,463.85756756756757
FAIL_001788,703.54,INSUFFICIENT_FUNDS,485,12,4,16,0.75,0.35,0.45,friction_prone,WAIT_AND_RETRY,0.737097306602977,0.5714285714285714,2.0,402.0228571428571,400.0228571428571
FAIL_001795,1009.84,CARD_EXPIRED,447,11,3,14,0.7857,0.3,0.25,low_engagement,UPDATE_PAYMENT_METHOD,0.9012759162789634,0.9787234042553191,3.0,988.3540425531914,985.3540425531914
FAIL_001802,1377.46,BANK_DECLINED,583,9,10,19,0.4737,0.35,0.45,friction_prone,SEND_REMINDER,0.5597203445717233,0.5,1.0,688.73,687.73
FAIL_001810,671.72,AUTHENTICATION_FAILED,763,23,2,25,0.92,0.6,0.6,normal,UPDATE_PAYMENT_METHOD,0.8621672166203134,0.8305084745762712,3.0,557.869152542373,554.869152542373
FAIL_001812,671.72,LIMIT_EXCEEDED,763,23,2,25,0.92,0.6,0.6,normal,PAYMENT_LINK,0.8461614252649751,0.999,3.0,671.04828,668.04828
FAIL_001813,636.44,AUTHENTICATION_FAILED,427,10,4,14,0.7143,0.35,0.45,friction_prone,UPDATE_PAYMENT_METHOD,0.7729990234946157,0.6,3.0,381.86400000000003,378.86400000000003
FAIL_001816,636.44,LIMIT_EXCEEDED,427,10,4,14,0.7143,0.35,0.45,friction_prone,UPDATE_PAYMENT_METHOD,0.5035339002947902,0.4,3.0,254.57600000000002,251.57600000000002
FAIL_001827,618.03,AUTHENTICATION_FAILED,821,23,4,27,0.8519,0.6,0.6,normal,UPDATE_PAYMENT_METHOD,0.8952783216038847,0.9787234042553191,3.0,604.8804255319149,601.8804255319149
FAIL_001838,360.66,BANK_DECLINED,928,22,8,30,0.7333,0.35,0.45,friction_prone,WAIT_AND_RETRY,0.6112095086279076,0.36666666666666664,2.0,132.242,130.242
FAIL_001840,360.66,LIMIT_EXCEEDED,928,22,8,30,0.7333,0.35,0.45,friction_prone,UPDATE_PAYMENT_METHOD,0.6962144043721956,0.5783132530120481,3.0,208.57445783132528,205.57445783132528
FAIL_001844,685.76,BANK_DECLINED,972,24,8,32,0.75,0.35,0.45,friction_prone,PAYMENT_LINK,0.6396766621254681,0.5418848167539267,3.0,371.6029319371728,368.6029319371728
FAIL_001850,685.76,INSUFFICIENT_FUNDS,972,24,8,32,0.75,0.35,0.45,friction_prone,WAIT_AND_RETRY,0.7104349395416988,0.5714285714285714,2.0,391.86285714285714,389.86285714285714
FAIL_001858,937.29,INSUFFICIENT_FUNDS,886,22,7,29,0.7586,0.3,0.25,low_engagement,WAIT_AND_RETRY,0.7319368871589339,0.5714285714285714,2.0,535.5942857142857,533.5942857142857
FAIL_001859,937.29,AUTHENTICATION_FAILED,886,22,7,29,0.7586,0.3,0.25,low_engagement,UPDATE_PAYMENT_METHOD,0.7140373636868032,0.5783132530120481,3.0,542.0472289156625,539.0472289156625
FAIL_001864,937.29,CARD_EXPIRED,886,22,7,29,0.7586,0.3,0.25,low_engagement,UPDATE_PAYMENT_METHOD,0.8284421818534249,0.8,3.0,749.832,746.832
FAIL_001866,933.74,INSUFFICIENT_FUNDS,986,22,10,32,0.6875,0.35,0.45,friction_prone,WAIT_AND_RETRY,0.7277720158233256,0.5714285714285714,2.0,533.5657142857143,531.5657142857143
FAIL_001870,933.74,INSUFFICIENT_FUNDS,986,22,10,32,0.6875,0.35,0.45,friction_prone,WAIT_AND_RETRY,0.7277720158233256,0.5714285714285714,2.0,533.5657142857143,531.5657142857143
FAIL_001873,933.74,INSUFFICIENT_FUNDS,986,22,10,32,0.6875,0.35,0.45,friction_prone,WAIT_AND_RETRY,0.7277720158233256,0.5714285714285714,2.0,533.5657142857143,531.5657142857143
FAIL_001878,1097.17,INSUFFICIENT_FUNDS,938,25,6,31,0.8065,0.6,0.6,normal,SEND_REMINDER,0.5936141141149883,0.5319148936170213,1.0,583.6010638297872,582.6010638297872
FAIL_001880,1097.17,INSUFFICIENT_FUNDS,938,25,6,31,0.8065,0.6,0.6,normal,SEND_REMINDER,0.5936141141149883,0.5319148936170213,1.0,583.6010638297872,582.6010638297872
FAIL_001882,1097.17,BANK_DECLINED,938,25,6,31,0.8065,0.6,0.6,normal,WAIT_AND_RETRY,0.6640018060921915,0.4711111111111111,2.0,516.8889777777778,514.8889777777778
FAIL_001886,1097.17,INSUFFICIENT_FUNDS,938,25,6,31,0.8065,0.6,0.6,normal,SEND_REMINDER,0.5936141141149883,0.5319148936170213,1.0,583.6010638297872,582.6010638297872
FAIL_001894,200.0,NETWORK_ERROR,798,22,4,26,0.8462,0.3,0.25,low_engagement,RETRY_NOW,0.8771856696401404,0.8349514563106796,2.0,166.9902912621359,164.9902912621359
FAIL_001895,200.0,BANK_DECLINED,798,22,4,26,0.8462,0.3,0.25,low_engagement,WAIT_AND_RETRY,0.6614846898921249,0.4711111111111111,2.0,94.22222222222221,92.22222222222221
FAIL_001903,799.44,AUTHENTICATION_FAILED,759,20,5,25,0.8,0.3,0.25,low_engagement,UPDATE_PAYMENT_METHOD,0.6136676071329508,0.5,3.0,399.72,396.72
FAIL_001904,799.44,INSUFFICIENT_FUNDS,759,20,5,25,0.8,0.3,0.25,low_engagement,WAIT_AND_RETRY,0.808780328317939,0.8102564102564103,2.0,647.7513846153847,645.7513846153847
FAIL_001905,799.44,BANK_DECLINED,759,20,5,25,0.8,0.3,0.25,low_engagement,WAIT_AND_RETRY,0.6929760934344041,0.5714285714285714,2.0,456.8228571428572,454.8228571428572
FAIL_001913,984.04,INSUFFICIENT_FUNDS,503,14,2,16,0.875,0.35,0.45,friction_prone,WAIT_AND_RETRY,0.7405485122617329,0.5714285714285714,2.0,562.3085714285713,560.3085714285713
FAIL_001918,566.77,BANK_DECLINED,835,20,7,27,0.7407,0.35,0.45,friction_prone,PAYMENT_LINK,0.6183047526127442,0.4820359281437126,3.0,273.20350299401196,270.20350299401196
FAIL_001928,720.89,CARD_EXPIRED,629,17,3,20,0.85,0.3,0.25,low_engagement,UPDATE_PAYMENT_METHOD,0.8482289362393637,0.8305084745762712,3.0,598.7052542372882,595.7052542372882
FAIL_001937,1036.92,AUTHENTICATION_FAILED,855,20,8,28,0.7143,0.35,0.45,friction_prone,UPDATE_PAYMENT_METHOD,0.8228405222133447,0.6964285714285714,3.0,722.1407142857144,719.1407142857144
FAIL_001938,1036.92,INSUFFICIENT_FUNDS,855,20,8,28,0.7143,0.35,0.45,friction_prone,WAIT_AND_RETRY,0.7075907192980588,0.5714285714285714,2.0,592.5257142857143,590.5257142857143
FAIL_001939,1036.92,AUTHENTICATION_FAILED,855,20,8,28,0.7143,0.35,0.45,friction_prone,UPDATE_PAYMENT_METHOD,0.8228405222133447,0.6964285714285714,3.0,722.1407142857144,719.1407142857144
FAIL_001945,1784.87,BANK_DECLINED,893,23,6,29,0.7931,0.35,0.45,friction_prone,PAYMENT_LINK,0.6396081324338635,0.5418848167539267,3.0,967.1939528795812,964.1939528795812
FAIL_001947,1784.87,LIMIT_EXCEEDED,893,23,6,29,0.7931,0.35,0.45,friction_prone,PAYMENT_LINK,0.7441975645228347,0.6601941747572816,3.0,1178.3607766990292,1175.3607766990292
FAIL_001953,1339.11,NETWORK_ERROR,735,20,4,24,0.8333,0.6,0.6,normal,RETRY_NOW,0.9096661088550287,0.9230769230769231,2.0,1236.1015384615384,1234.1015384615384
FAIL_001972,325.73,AUTHENTICATION_FAILED,817,22,5,27,0.8148,0.35,0.45,friction_prone,UPDATE_PAYMENT_METHOD,0.7169921978366087,0.5783132530120481,3.0,188.37397590361442,185.37397590361442
FAIL_001985,1245.07,INSUFFICIENT_FUNDS,228,4,3,7,0.5714,0.3,0.25,low_engagement,WAIT_AND_RETRY,0.7610380246255264,0.6621621621621622,2.0,824.4382432432432,822.4382432432432
FAIL_001989,200.0,INSUFFICIENT_FUNDS,824,19,8,27,0.7037,0.3,0.25,low_engagement,PAYMENT_LINK,0.7150434009332451,0.5833333333333334,3.0,116.66666666666667,113.66666666666667
FAIL_001990,200.0,AUTHENTICATION_FAILED,824,19,8,27,0.7037,0.3,0.25,low_engagement,UPDATE_PAYMENT_METHOD,0.5817049304724949,0.4,3.0,80.0,77.0
FAIL_001991,200.0,INSUFFICIENT_FUNDS,824,19,8,27,0.7037,0.3,0.25,low_engagement,PAYMENT_LINK,0.7150434009332451,0.5833333333333334,3.0,116.66666666666667,113.66666666666667
FAIL_001994,200.0,AUTHENTICATION_FAILED,824,19,8,27,0.7037,0.3,0.25,low_engagement,UPDATE_PAYMENT_METHOD,0.5817049304724949,0.4,3.0,80.0,77.0
FAIL_002002,450.36,BANK_DECLINED,446,8,6,14,0.5714,0.35,0.45,friction_prone,PAYMENT_LINK,0.6078968975224139,0.4820359281437126,3.0,217.0897005988024,214.0897005988024
FAIL_002022,200.0,AUTHENTICATION_FAILED,139,3,1,4,0.75,0.3,0.25,low_engagement,PAYMENT_LINK,0.766428969547642,0.6923076923076923,3.0,138.46153846153845,135.46153846153845
FAIL_002025,1696.9,CARD_EXPIRED,785,21,5,26,0.8077,0.6,0.6,normal,UPDATE_PAYMENT_METHOD,0.8615904226744123,0.8305084745762712,3.0,1409.2898305084746,1406.2898305084746
FAIL_002045,372.35,NETWORK_ERROR,630,19,2,21,0.9048,0.35,0.45,friction_prone,WAIT_AND_RETRY,0.9196203694817087,0.999,2.0,371.97765000000004,369.97765000000004
FAIL_002051,580.18,INSUFFICIENT_FUNDS,950,23,8,31,0.7419,0.3,0.25,low_engagement,WAIT_AND_RETRY,0.8574581014333194,0.8461538461538375,2.0,490.9215384615334,488.9215384615334
FAIL_002060,880.92,AUTHENTICATION_FAILED,759,21,4,25,0.84,0.3,0.25,low_engagement,UPDATE_PAYMENT_METHOD,0.641003042594409,0.5783132530120481,3.0,509.44771084337333,506.44771084337333
FAIL_002068,1882.53,BANK_DECLINED,501,9,7,16,0.5625,0.35,0.45,friction_prone,PAYMENT_LINK,0.5428586375782788,0.3485714285714286,3.0,656.1961714285715,653.1961714285715
FAIL_002070,1882.53,LIMIT_EXCEEDED,501,9,7,16,0.5625,0.35,0.45,friction_prone,PAYMENT_LINK,0.5574744262472652,0.3485714285714286,3.0,656.1961714285715,653.1961714285715
FAIL_002071,1716.97,BANK_DECLINED,572,16,3,19,0.8421,0.35,0.45,friction_prone,PAYMENT_LINK,0.5852062338649584,0.4820359281437126,3.0,827.6412275449102,824.6412275449102
FAIL_002073,601.44,AUTHENTICATION_FAILED,501,12,4,16,0.75,0.3,0.25,low_engagement,UPDATE_PAYMENT_METHOD,0.7023909386827556,0.5783132530120481,3.0,347.8207228915662,344.8207228915662
FAIL_002078,281.45,INSUFFICIENT_FUNDS,744,18,6,24,0.75,0.3,0.25,low_engagement,WAIT_AND_RETRY,0.7755197706817127,0.6621621621621622,2.0,186.36554054054054,184.36554054054054
FAIL_002080,772.21,LIMIT_EXCEEDED,676,18,4,22,0.8182,0.8,0.85,reliable,SEND_REMINDER,0.5439433174429683,0.4583333333333333,1.0,353.9295833333333,352.9295833333333
FAIL_002081,772.21,NETWORK_ERROR,676,18,4,22,0.8182,0.8,0.85,reliable,WAIT_AND_RETRY,0.7079345629500117,0.5714285714285714,2.0,441.2628571428571,439.2628571428571
FAIL_002087,1859.33,BANK_DECLINED,870,23,6,29,0.7931,0.6,0.6,normal,WAIT_AND_RETRY,0.6138363788196151,0.36666666666666664,2.0,681.7543333333333,679.7543333333333
FAIL_002088,1859.33,NETWORK_ERROR,870,23,6,29,0.7931,0.6,0.6,normal,WAIT_AND_RETRY,0.9188487406270561,0.999,2.0,1857.47067,1855.47067
FAIL_002094,2075.84,BANK_DECLINED,651,18,3,21,0.8571,0.6,0.6,normal,WAIT_AND_RETRY,0.6655439530839771,0.4711111111111111,2.0,977.9512888888889,975.9512888888889
FAIL_002095,2075.84,INSUFFICIENT_FUNDS,651,18,3,21,0.8571,0.6,0.6,normal,WAIT_AND_RETRY,0.757232601073572,0.6621621621621622,2.0,1374.5427027027029,1372.5427027027029
FAIL_002106,1990.77,LIMIT_EXCEEDED,492,11,5,16,0.6875,0.35,0.45,friction_prone,PAYMENT_LINK,0.6184748528074968,0.4820359281437126,3.0,959.6226646706588,956.6226646706588
FAIL_002112,313.47,CARD_EXPIRED,995,26,7,33,0.7879,0.3,0.25,low_engagement,UPDATE_PAYMENT_METHOD,0.8129329903092408,0.6964285714285714,3.0,218.30946428571428,215.30946428571428
FAIL_002120,1672.99,BANK_DECLINED,886,28,1,29,0.9655,0.8,0.85,reliable,WAIT_AND_RETRY,0.6935029367063205,0.5714285714285714,2.0,955.9942857142856,953.9942857142856
FAIL_002122,694.22,BANK_DECLINED,856,24,4,28,0.8571,0.6,0.6,normal,WAIT_AND_RETRY,0.6841412851581404,0.4711111111111111,2.0,327.0547555555556,325.0547555555556
FAIL_002130,408.24,AUTHENTICATION_FAILED,333,9,2,11,0.8182,0.3,0.25,low_engagement,UPDATE_PAYMENT_METHOD,0.6620954299988713,0.5783132530120481,3.0,236.0906024096385,233.0906024096385
FAIL_002136,802.81,BANK_DECLINED,967,29,3,32,0.9062,0.6,0.6,normal,WAIT_AND_RETRY,0.6556639066468832,0.4711111111111111,2.0,378.21271111111105,376.21271111111105
FAIL_002142,1826.29,BANK_DECLINED,104,2,1,3,0.6667,0.6,0.6,normal,WAIT_AND_RETRY,0.6705685530411731,0.4711111111111111,2.0,860.3855111111111,858.3855111111111
FAIL_002162,200.0,NETWORK_ERROR,986,23,9,32,0.7188,0.3,0.25,low_engagement,WAIT_AND_RETRY,0.8224752128307148,0.8102564102564103,2.0,162.05128205128204,160.05128205128204
FAIL_002167,200.0,BANK_DECLINED,986,23,9,32,0.7188,0.3,0.25,low_engagement,WAIT_AND_RETRY,0.6905599411823836,0.5,2.0,100.0,98.0
FAIL_002168,200.0,INSUFFICIENT_FUNDS,986,23,9,32,0.7188,0.3,0.25,low_engagement,WAIT_AND_RETRY,0.7789883291521463,0.6621621621621622,2.0,132.43243243243242,130.43243243243242
FAIL_002173,642.76,INSUFFICIENT_FUNDS,358,8,3,11,0.7273,0.3,0.25,low_engagement,PAYMENT_LINK,0.5326778320717205,0.34415584415584416,3.0,221.2096103896104,218.2096103896104
FAIL_002176,1736.57,LIMIT_EXCEEDED,818,20,7,27,0.7407,0.35,0.45,friction_prone,UPDATE_PAYMENT_METHOD,0.6616383015236214,0.5783132530120481,3.0,1004.2814457831323,1001.2814457831323
FAIL_002182,1736.57,INSUFFICIENT_FUNDS,818,20,7,27,0.7407,0.35,0.45,friction_prone,WAIT_AND_RETRY,0.7228403910434171,0.5714285714285714,2.0,992.3257142857142,990.3257142857142
FAIL_002188,926.3,CARD_EXPIRED,324,5,5,10,0.5,0.3,0.25,low_engagement,UPDATE_PAYMENT_METHOD,0.8941547204176312,0.9787234042553191,3.0,906.5914893617021,903.5914893617021
FAIL_002197,9124.45,BANK_DECLINED,766,23,2,25,0.92,0.82,0.9,high_value_loyal,PAYMENT_LINK,0.7120731237596143,0.5833333333333334,3.0,5322.595833333334,5319.595833333334
FAIL_002200,1986.45,BANK_DECLINED,690,20,3,23,0.8696,0.8,0.85,reliable,RETRY_NOW,0.5410060425320354,0.5,2.0,993.225,991.225
FAIL_002203,259.64,INSUFFICIENT_FUNDS,596,17,2,19,0.8947,0.6,0.6,normal,WAIT_AND_RETRY,0.862276410460636,0.8461538461538461,2.0,219.6953846153846,217.6953846153846
FAIL_002206,10550.69,BANK_DECLINED,807,25,1,26,0.9615,0.82,0.9,high_value_loyal,SEND_REMINDER,0.5721887453084253,0.5319148936170213,1.0,5612.069148936171,5611.069148936171
FAIL_002208,311.11,BANK_DECLINED,548,10,8,18,0.5556,0.3,0.25,low_engagement,WAIT_AND_RETRY,0.63519261361585,0.375,2.0,116.66625,114.66625
FAIL_002209,311.11,CARD_EXPIRED,548,10,8,18,0.5556,0.3,0.25,low_engagement,UPDATE_PAYMENT_METHOD,0.8800787352166368,0.9230769230770064,3.0,287.17846153848745,284.17846153848745
FAIL_002210,311.11,CARD_EXPIRED,548,10,8,18,0.5556,0.3,0.25,low_engagement,UPDATE_PAYMENT_METHOD,0.8800787352166368,0.9230769230770064,3.0,287.17846153848745,284.17846153848745
FAIL_002215,8971.98,INSUFFICIENT_FUNDS,690,21,2,23,0.913,0.82,0.9,high_value_loyal,PAYMENT_LINK,0.8276411930749904,0.9487179487179487,3.0,8511.878461538461,8508.878461538461
FAIL_002221,768.09,INSUFFICIENT_FUNDS,455,11,4,15,0.7333,0.3,0.25,low_engagement,WAIT_AND_RETRY,0.6726210091895494,0.4711111111111111,2.0,361.8557333333333,359.8557333333333
FAIL_002226,636.05,INSUFFICIENT_FUNDS,768,23,2,25,0.92,0.3,0.25,low_engagement,WAIT_AND_RETRY,0.7237742369262388,0.5714285714285714,2.0,363.4571428571428,361.4571428571428
FAIL_002233,2452.06,INSUFFICIENT_FUNDS,827,21,6,27,0.7778,0.6,0.6,normal,WAIT_AND_RETRY,0.730137791365399,0.5714285714285714,2.0,1401.1771428571428,1399.1771428571428
FAIL_002234,2452.06,BANK_DECLINED,827,21,6,27,0.7778,0.6,0.6,normal,PAYMENT_LINK,0.6279404421750163,0.4820359281437126,3.0,1181.981017964072,1178.981017964072
FAIL_002235,2452.06,INSUFFICIENT_FUNDS,827,21,6,27,0.7778,0.6,0.6,normal,WAIT_AND_RETRY,0.730137791365399,0.5714285714285714,2.0,1401.1771428571428,1399.1771428571428
FAIL_002245,468.26,INSUFFICIENT_FUNDS,521,12,5,17,0.7059,0.35,0.45,friction_prone,WAIT_AND_RETRY,0.6897006909526452,0.5,2.0,234.13,232.13
FAIL_002252,609.78,BANK_DECLINED,617,13,7,20,0.65,0.35,0.45,friction_prone,PAYMENT_LINK,0.5400703573073603,0.3485714285714286,3.0,212.5518857142857,209.5518857142857
FAIL_002255,609.78,INSUFFICIENT_FUNDS,617,13,7,20,0.65,0.35,0.45,friction_prone,WAIT_AND_RETRY,0.6168358908009934,0.36666666666666664,2.0,223.58599999999998,221.58599999999998
FAIL_002260,5745.9,BANK_DECLINED,421,12,2,14,0.8571,0.82,0.9,high_value_loyal,UPDATE_PAYMENT_METHOD,0.5255128475501449,0.4,3.0,2298.36,2295.36
FAIL_002262,638.25,BANK_DECLINED,715,15,8,23,0.6522,0.3,0.25,low_engagement,WAIT_AND_RETRY,0.6475927960743225,0.4711111111111111,2.0,300.68666666666667,298.68666666666667
FAIL_002264,638.25,AUTHENTICATION_FAILED,715,15,8,23,0.6522,0.3,0.25,low_engagement,UPDATE_PAYMENT_METHOD,0.7995506581459872,0.6964285714285714,3.0,444.4955357142857,441.4955357142857
FAIL_002267,638.25,AUTHENTICATION_FAILED,715,15,8,23,0.6522,0.3,0.25,low_engagement,UPDATE_PAYMENT_METHOD,0.7995506581459872,0.6964285714285714,3.0,444.4955357142857,441.4955357142857
FAIL_002269,638.25,LIMIT_EXCEEDED,715,15,8,23,0.6522,0.3,0.25,low_engagement,PAYMENT_LINK,0.6264198225963938,0.4820359281437126,3.0,307.65943113772454,304.65943113772454
FAIL_002271,471.41,INSUFFICIENT_FUNDS,127,1,3,4,0.25,0.35,0.45,friction_prone,SEND_REMINDER,0.7434206370446976,0.8235294117647058,1.0,388.22,387.22
FAIL_002272,471.41,LIMIT_EXCEEDED,127,1,3,4,0.25,0.35,0.45,friction_prone,PAYMENT_LINK,0.5719014163742907,0.37209302325581395,3.0,175.40837209302327,172.40837209302327
FAIL_002277,1868.13,INSUFFICIENT_FUNDS,408,10,3,13,0.7692,0.6,0.6,normal,WAIT_AND_RETRY,0.7257644922301982,0.5714285714285714,2.0,1067.5028571428572,1065.5028571428572
FAIL_002282,518.72,BANK_DECLINED,326,4,6,10,0.4,0.3,0.25,low_engagement,WAIT_AND_RETRY,0.7308578868718034,0.5714285714285714,2.0,296.4114285714286,294.4114285714286
FAIL_002294,951.12,BANK_DECLINED,306,6,4,10,0.6,0.3,0.25,low_engagement,PAYMENT_LINK,0.39163301095176994,0.15566037735849056,3.0,148.05169811320755,145.05169811320755
FAIL_002298,741.13,CARD_EXPIRED,529,12,5,17,0.7059,0.6,0.6,normal,UPDATE_PAYMENT_METHOD,0.9246583229799665,0.9894314696937178,3.0,733.2973451341051,730.2973451341051
FAIL_002299,741.13,BANK_DECLINED,529,12,5,17,0.7059,0.6,0.6,normal,PAYMENT_LINK,0.6336063974971525,0.5238095238095238,3.0,388.2109523809524,385.2109523809524
FAIL_002300,741.13,BANK_DECLINED,529,12,5,17,0.7059,0.6,0.6,normal,PAYMENT_LINK,0.6336063974971525,0.5238095238095238,3.0,388.2109523809524,385.2109523809524
FAIL_002307,256.05,LIMIT_EXCEEDED,808,20,6,26,0.7692,0.3,0.25,low_engagement,PAYMENT_LINK,0.667208886691457,0.5418848167539267,3.0,138.74960732984295,135.74960732984295
FAIL_002316,272.78,AUTHENTICATION_FAILED,947,24,7,31,0.7742,0.3,0.25,low_engagement,UPDATE_PAYMENT_METHOD,0.7276813956717765,0.5783132530120481,3.0,157.75228915662646,154.75228915662646
FAIL_002324,436.65,INSUFFICIENT_FUNDS,462,11,4,15,0.7333,0.3,0.25,low_engagement,WAIT_AND_RETRY,0.7188860730646023,0.5714285714285714,2.0,249.51428571428568,247.51428571428568
FAIL_002334,1374.15,BANK_DECLINED,816,19,8,27,0.7037,0.35,0.45,friction_prone,WAIT_AND_RETRY,0.6013945633808431,0.36666666666666664,2.0,503.855,501.855
FAIL_002339,9301.15,AUTHENTICATION_FAILED,932,28,3,31,0.9032,0.82,0.9,high_value_loyal,UPDATE_PAYMENT_METHOD,0.8274778970121329,0.8,3.0,7440.92,7437.92
FAIL_002361,848.64,CARD_EXPIRED,297,7,2,9,0.7778,0.35,0.45,friction_prone,UPDATE_PAYMENT_METHOD,0.835192784767523,0.8305084745762712,3.0,704.8027118644068,701.8027118644068
FAIL_002365,471.51,LIMIT_EXCEEDED,694,18,5,23,0.7826,0.3,0.25,low_engagement,UPDATE_PAYMENT_METHOD,0.49279033396114835,0.4,3.0,188.604,185.604
FAIL_002372,763.19,BANK_DECLINED,891,23,6,29,0.7931,0.3,0.25,low_engagement,PAYMENT_LINK,0.5748059303784174,0.37209302325581395,3.0,283.9776744186047,280.9776744186047
FAIL_002373,763.19,INSUFFICIENT_FUNDS,891,23,6,29,0.7931,0.3,0.25,low_engagement,WAIT_AND_RETRY,0.7802981328706385,0.6621621621621622,2.0,505.3555405405406,503.3555405405406
FAIL_002386,1152.64,INSUFFICIENT_FUNDS,882,16,13,29,0.5517,0.35,0.45,friction_prone,PAYMENT_LINK,0.7678245789662826,0.6923076923076923,3.0,797.9815384615385,794.9815384615385
FAIL_002391,1152.64,INSUFFICIENT_FUNDS,882,16,13,29,0.5517,0.35,0.45,friction_prone,PAYMENT_LINK,0.7678245789662826,0.6923076923076923,3.0,797.9815384615385,794.9815384615385
FAIL_002393,1152.64,BANK_DECLINED,882,16,13,29,0.5517,0.35,0.45,friction_prone,PAYMENT_LINK,0.6139242261754411,0.4820359281437126,3.0,555.613892215569,552.613892215569
FAIL_002395,1152.64,BANK_DECLINED,882,16,13,29,0.5517,0.35,0.45,friction_prone,PAYMENT_LINK,0.6139242261754411,0.4820359281437126,3.0,555.613892215569,552.613892215569
FAIL_002398,1893.79,INSUFFICIENT_FUNDS,132,2,2,4,0.5,0.35,0.45,friction_prone,PAYMENT_LINK,0.6587267653023019,0.5418848167539267,3.0,1026.2160471204188,1023.2160471204188
FAIL_002410,1083.08,NETWORK_ERROR,768,13,12,25,0.52,0.35,0.45,friction_prone,WAIT_AND_RETRY,0.7759347225459471,0.6621621621621622,2.0,717.1745945945945,715.1745945945945
FAIL_002411,1083.08,BANK_DECLINED,768,13,12,25,0.52,0.35,0.45,friction_prone,SEND_REMINDER,0.508441773455536,0.3469387755102041,1.0,375.7624489795918,374.7624489795918
FAIL_002412,1083.08,BANK_DECLINED,768,13,12,25,0.52,0.35,0.45,friction_prone,SEND_REMINDER,0.508441773455536,0.3469387755102041,1.0,375.7624489795918,374.7624489795918
FAIL_002414,1083.08,INSUFFICIENT_FUNDS,768,13,12,25,0.52,0.35,0.45,friction_prone,WAIT_AND_RETRY,0.790333698719703,0.6621621621621622,2.0,717.1745945945945,715.1745945945945
FAIL_002419,1083.08,LIMIT_EXCEEDED,768,13,12,25,0.52,0.35,0.45,friction_prone,PAYMENT_LINK,0.5816339630126035,0.4523809523809524,3.0,489.9647619047619,486.9647619047619
FAIL_002435,938.96,AUTHENTICATION_FAILED,697,16,7,23,0.6957,0.3,0.25,low_engagement,UPDATE_PAYMENT_METHOD,0.7632270483318487,0.5783132530120481,3.0,543.0130120481926,540.0130120481926
FAIL_002436,8464.41,BANK_DECLINED,937,29,2,31,0.9355,0.82,0.9,high_value_loyal,PAYMENT_LINK,0.8097832181648479,0.9487179487179487,3.0,8030.337692307692,8027.337692307692
FAIL_002438,14993.1,INSUFFICIENT_FUNDS,453,13,2,15,0.8667,0.82,0.9,high_value_loyal,WAIT_AND_RETRY,0.7120931947275058,0.5714285714285714,2.0,8567.485714285714,8565.485714285714
FAIL_002441,14993.1,INSUFFICIENT_FUNDS,453,13,2,15,0.8667,0.82,0.9,high_value_loyal,WAIT_AND_RETRY,0.7120931947275058,0.5714285714285714,2.0,8567.485714285714,8565.485714285714
FAIL_002443,1368.01,INSUFFICIENT_FUNDS,860,16,12,28,0.5714,0.35,0.45,friction_prone,PAYMENT_LINK,0.7325532651867918,0.6601941747572816,3.0,903.1522330097088,900.1522330097088
FAIL_002454,251.0,INSUFFICIENT_FUNDS,632,15,6,21,0.7143,0.6,0.6,normal,SEND_REMINDER,0.6180053058777205,0.5333333333333333,1.0,133.86666666666667,132.86666666666667
FAIL_002459,251.0,CARD_EXPIRED,632,15,6,21,0.7143,0.6,0.6,normal,UPDATE_PAYMENT_METHOD,0.8725470808671072,0.9230769230769231,3.0,231.6923076923077,228.6923076923077
FAIL_002466,429.37,BANK_DECLINED,778,18,7,25,0.72,0.35,0.45,friction_prone,PAYMENT_LINK,0.5533993272968065,0.3485714285714286,3.0,149.6661142857143,146.6661142857143
FAIL_002468,429.37,NETWORK_ERROR,778,18,7,25,0.72,0.35,0.45,friction_prone,RETRY_NOW,0.834554821113872,0.7037037037037037,2.0,302.1492592592593,300.1492592592593
FAIL_002473,2414.17,NETWORK_ERROR,30,0,1,1,0.0,0.6,0.6,normal,WAIT_AND_RETRY,0.882082286217098,0.9672131147540983,2.0,2335.0168852459014,2333.0168852459014
FAIL_002476,397.37,INSUFFICIENT_FUNDS,847,18,10,28,0.6429,0.35,0.45,friction_prone,PAYMENT_LINK,0.6525537546139863,0.5418848167539267,3.0,215.32876963350787,212.32876963350787
FAIL_002485,994.96,INSUFFICIENT_FUNDS,736,20,4,24,0.8333,0.6,0.6,normal,PAYMENT_LINK,0.7664899577813311,0.6923076923076923,3.0,688.8184615384615,685.8184615384615
FAIL_002495,1011.26,CARD_EXPIRED,278,6,3,9,0.6667,0.35,0.45,friction_prone,UPDATE_PAYMENT_METHOD,0.8362856404426245,0.8305084745762712,3.0,839.86,836.86
FAIL_002496,1011.26,INSUFFICIENT_FUNDS,278,6,3,9,0.6667,0.35,0.45,friction_prone,WAIT_AND_RETRY,0.7197329665519117,0.5714285714285714,2.0,577.8628571428571,575.8628571428571
FAIL_002499,5512.84,CARD_EXPIRED,372,10,2,12,0.8333,0.82,0.9,high_value_loyal,UPDATE_PAYMENT_METHOD,0.9390836494167638,0.999,3.0,5507.32716,5504.32716
FAIL_002501,3422.48,CARD_EXPIRED,893,25,4,29,0.8621,0.6,0.6,normal,UPDATE_PAYMENT_METHOD,0.8930571413434154,0.9787234042553191,3.0,3349.6612765957448,3346.6612765957448
FAIL_002515,210.14,LIMIT_EXCEEDED,621,15,5,20,0.75,0.35,0.45,friction_prone,PAYMENT_LINK,0.673767736492939,0.5418848167539267,3.0,113.87167539267016,110.87167539267016
FAIL_002518,293.13,CARD_EXPIRED,642,15,6,21,0.7143,0.6,0.6,normal,UPDATE_PAYMENT_METHOD,0.8728506019748152,0.9230769230769231,3.0,270.58153846153846,267.58153846153846
FAIL_002522,293.13,NETWORK_ERROR,642,15,6,21,0.7143,0.6,0.6,normal,RETRY_NOW,0.9156010155800415,0.9230769230769231,2.0,270.58153846153846,268.58153846153846
FAIL_002525,2077.0,BANK_DECLINED,991,29,4,33,0.8788,0.6,0.6,normal,WAIT_AND_RETRY,0.7994038473204977,0.7441860465116279,2.0,1545.6744186046512,1543.6744186046512
FAIL_002528,2077.0,INSUFFICIENT_FUNDS,991,29,4,33,0.8788,0.6,0.6,normal,WAIT_AND_RETRY,0.8103949585590171,0.8102564102564103,2.0,1682.9025641025642,1680.9025641025642
FAIL_002534,1397.1,BANK_DECLINED,742,20,4,24,0.8333,0.3,0.25,low_engagement,WAIT_AND_RETRY,0.6463055133683673,0.4711111111111111,2.0,658.1893333333333,656.1893333333333
FAIL_002535,1397.1,BANK_DECLINED,742,20,4,24,0.8333,0.3,0.25,low_engagement,WAIT_AND_RETRY,0.6463055133683673,0.4711111111111111,2.0,658.1893333333333,656.1893333333333
FAIL_002543,1705.4,BANK_DECLINED,541,11,7,18,0.6111,0.35,0.45,friction_prone,WAIT_AND_RETRY,0.5577647725203055,0.32075471698113206,2.0,547.0150943396227,545.0150943396227
FAIL_002555,881.56,BANK_DECLINED,151,3,2,5,0.6,0.3,0.25,low_engagement,WAIT_AND_RETRY,0.6101451114535424,0.36666666666666664,2.0,323.23866666666663,321.23866666666663
FAIL_002560,595.63,NETWORK_ERROR,696,16,7,23,0.6957,0.35,0.45,friction_prone,WAIT_AND_RETRY,0.8319934509812728,0.8102564102564103,2.0,482.6130256410256,480.6130256410256
FAIL_002562,595.63,BANK_DECLINED,696,16,7,23,0.6957,0.35,0.45,friction_prone,PAYMENT_LINK,0.6247874611706846,0.4820359281437126,3.0,287.1150598802395,284.1150598802395
FAIL_002571,415.4,CARD_EXPIRED,694,16,7,23,0.6957,0.35,0.45,friction_prone,UPDATE_PAYMENT_METHOD,0.8445628887096508,0.8305084745762712,3.0,344.993220338983,341.993220338983
FAIL_002575,786.88,INSUFFICIENT_FUNDS,690,19,4,23,0.8261,0.3,0.25,low_engagement,WAIT_AND_RETRY,0.7404035322476693,0.5714285714285714,2.0,449.64571428571423,447.64571428571423
FAIL_002580,200.0,AUTHENTICATION_FAILED,677,14,8,22,0.6364,0.3,0.25,low_engagement,UPDATE_PAYMENT_METHOD,0.686291010623999,0.5783132530120481,3.0,115.66265060240961,112.66265060240961
FAIL_002590,706.67,BANK_DECLINED,802,24,2,26,0.9231,0.8,0.85,reliable,WAIT_AND_RETRY,0.6993539806949611,0.5714285714285714,2.0,403.8114285714285,401.8114285714285
FAIL_002595,329.53,NETWORK_ERROR,820,23,4,27,0.8519,0.35,0.45,friction_prone,RETRY_NOW,0.892227315775194,0.8349514563106796,2.0,275.1415533980582,273.1415533980582
FAIL_002600,729.59,BANK_DECLINED,799,22,4,26,0.8462,0.6,0.6,normal,WAIT_AND_RETRY,0.6430573152678377,0.4711111111111111,2.0,343.71795555555553,341.71795555555553
FAIL_002601,2080.35,BANK_DECLINED,993,31,2,33,0.9394,0.6,0.6,normal,WAIT_AND_RETRY,0.7798166489344992,0.6621621621621622,2.0,1377.529054054054,1375.529054054054
FAIL_002604,295.63,INSUFFICIENT_FUNDS,900,22,8,30,0.7333,0.3,0.25,low_engagement,WAIT_AND_RETRY,0.8215311457207252,0.8102564102564103,2.0,239.53610256410255,237.53610256410255
FAIL_002608,295.63,NETWORK_ERROR,900,22,8,30,0.7333,0.3,0.25,low_engagement,RETRY_NOW,0.8737106231488551,0.8349514563106796,2.0,246.8366990291262,244.8366990291262
FAIL_002618,368.13,BANK_DECLINED,386,10,2,12,0.8333,0.3,0.25,low_engagement,WAIT_AND_RETRY,0.5659815041059885,0.32075471698113206,2.0,118.07943396226415,116.07943396226415
FAIL_002620,568.27,AUTHENTICATION_FAILED,941,20,11,31,0.6452,0.35,0.45,friction_prone,UPDATE_PAYMENT_METHOD,0.7244845490296803,0.5783132530120481,3.0,328.6380722891565,325.6380722891565
FAIL_002622,568.27,BANK_DECLINED,941,20,11,31,0.6452,0.35,0.45,friction_prone,PAYMENT_LINK,0.6501564533121666,0.5418848167539267,3.0,307.93688481675395,304.93688481675395
FAIL_002624,568.27,BANK_DECLINED,941,20,11,31,0.6452,0.35,0.45,friction_prone,PAYMENT_LINK,0.6501564533121666,0.5418848167539267,3.0,307.93688481675395,304.93688481675395
FAIL_002626,568.27,BANK_DECLINED,941,20,11,31,0.6452,0.35,0.45,friction_prone,PAYMENT_LINK,0.6501564533121666,0.5418848167539267,3.0,307.93688481675395,304.93688481675395
FAIL_002630,568.27,INSUFFICIENT_FUNDS,941,20,11,31,0.6452,0.35,0.45,friction_prone,WAIT_AND_RETRY,0.7788904685789334,0.6621621621621622,2.0,376.2868918918919,374.2868918918919
FAIL_002634,773.95,CARD_EXPIRED,818,21,6,27,0.7778,0.3,0.25,low_engagement,UPDATE_PAYMENT_METHOD,0.7331548329569474,0.5783132530120481,3.0,447.58554216867464,444.58554216867464
FAIL_002640,773.95,INSUFFICIENT_FUNDS,818,21,6,27,0.7778,0.3,0.25,low_engagement,WAIT_AND_RETRY,0.7549012843959828,0.6621621621621622,2.0,512.4804054054055,510.48040540540546
FAIL_002641,974.33,INSUFFICIENT_FUNDS,830,22,5,27,0.8148,0.3,0.25,low_engagement,WAIT_AND_RETRY,0.7201707942231377,0.5714285714285714,2.0,556.76,554.76
FAIL_002652,319.2,INSUFFICIENT_FUNDS,788,19,7,26,0.7308,0.3,0.25,low_engagement,WAIT_AND_RETRY,0.7545141256037237,0.6621621621621622,2.0,211.36216216216215,209.36216216216215
FAIL_002655,319.2,INSUFFICIENT_FUNDS,788,19,7,26,0.7308,0.3,0.25,low_engagement,WAIT_AND_RETRY,0.7545141256037237,0.6621621621621622,2.0,211.36216216216215,209.36216216216215
FAIL_002656,319.2,AUTHENTICATION_FAILED,788,19,7,26,0.7308,0.3,0.25,low_engagement,UPDATE_PAYMENT_METHOD,0.6459772573409592,0.5783132530120481,3.0,184.59759036144573,181.59759036144573
FAIL_002662,1863.63,INSUFFICIENT_FUNDS,830,23,4,27,0.8519,0.6,0.6,normal,WAIT_AND_RETRY,0.8234580213340641,0.8102564102564103,2.0,1510.0181538461538,1508.0181538461538
FAIL_002667,1165.14,INSUFFICIENT_FUNDS,521,15,2,17,0.8824,0.3,0.25,low_engagement,WAIT_AND_RETRY,0.6892787067240762,0.5,2.0,582.57,580.57
FAIL_002668,1091.43,BANK_DECLINED,859,16,12,28,0.5714,0.35,0.45,friction_prone,PAYMENT_LINK,0.5835527480388841,0.4523809523809524,3.0,493.7421428571429,490.7421428571429
FAIL_002678,1091.43,LIMIT_EXCEEDED,859,16,12,28,0.5714,0.35,0.45,friction_prone,PAYMENT_LINK,0.6566488403127948,0.5418848167539267,3.0,591.4293455497383,588.4293455497383
FAIL_002685,817.6,INSUFFICIENT_FUNDS,864,25,3,28,0.8929,0.6,0.6,normal,WAIT_AND_RETRY,0.7423651139496688,0.5714285714285714,2.0,467.2,465.2
FAIL_002689,231.48,AUTHENTICATION_FAILED,775,17,8,25,0.68,0.3,0.25,low_engagement,UPDATE_PAYMENT_METHOD,0.6804749317437335,0.5783132530120481,3.0,133.86795180722888,130.86795180722888
FAIL_002695,10771.74,BANK_DECLINED,970,29,3,32,0.9062,0.82,0.9,high_value_loyal,WAIT_AND_RETRY,0.7661192547488221,0.6621621621621622,2.0,7132.638648648649,7130.638648648649
FAIL_002707,827.8,AUTHENTICATION_FAILED,953,24,7,31,0.7742,0.3,0.25,low_engagement,UPDATE_PAYMENT_METHOD,0.7590726330971385,0.5783132530120481,3.0,478.72771084337336,475.72771084337336
FAIL_002709,401.23,BANK_DECLINED,767,15,10,25,0.6,0.35,0.45,friction_prone,PAYMENT_LINK,0.6787795594102928,0.5418848167539267,3.0,217.42044502617804,214.42044502617804
FAIL_002712,401.23,AUTHENTICATION_FAILED,767,15,10,25,0.6,0.35,0.45,friction_prone,PAYMENT_LINK,0.7407039802928627,0.6601941747572816,3.0,264.8897087378641,261.8897087378641
FAIL_002736,445.63,INSUFFICIENT_FUNDS,897,22,7,29,0.7586,0.35,0.45,friction_prone,PAYMENT_LINK,0.6984792166895605,0.5418848167539267,3.0,241.48013089005238,238.48013089005238
FAIL_002744,622.68,NETWORK_ERROR,315,7,3,10,0.7,0.35,0.45,friction_prone,RETRY_NOW,0.9303638673878167,0.999,2.0,622.05732,620.05732
FAIL_002747,634.7,CARD_EXPIRED,334,8,3,11,0.7273,0.3,0.25,low_engagement,UPDATE_PAYMENT_METHOD,0.9172976642724232,0.9787234042553191,3.0,621.1957446808511,618.1957446808511
FAIL_002750,747.97,BANK_DECLINED,581,16,3,19,0.8421,0.3,0.25,low_engagement,WAIT_AND_RETRY,0.5741586637751198,0.32075471698113206,2.0,239.91490566037734,237.91490566037734
FAIL_002751,747.97,INSUFFICIENT_FUNDS,581,16,3,19,0.8421,0.3,0.25,low_engagement,WAIT_AND_RETRY,0.7445136755780241,0.5714285714285714,2.0,427.4114285714286,425.4114285714286
FAIL_002755,997.84,LIMIT_EXCEEDED,387,6,6,12,0.5,0.35,0.45,friction_prone,UPDATE_PAYMENT_METHOD,0.5076426171913381,0.4,3.0,399.136,396.136
FAIL_002760,997.84,INSUFFICIENT_FUNDS,387,6,6,12,0.5,0.35,0.45,friction_prone,PAYMENT_LINK,0.6303509518357711,0.4820359281437126,3.0,480.99473053892217,477.99473053892217
FAIL_002761,1096.67,BANK_DECLINED,761,21,4,25,0.84,0.6,0.6,normal,PAYMENT_LINK,0.5883120452761427,0.4820359281437126,3.0,528.6343413173653,525.6343413173653
FAIL_002762,1096.67,INSUFFICIENT_FUNDS,761,21,4,25,0.84,0.6,0.6,normal,WAIT_AND_RETRY,0.7598274001136349,0.6621621621621622,2.0,726.1733783783784,724.1733783783784
FAIL_002769,885.95,AUTHENTICATION_FAILED,491,13,3,16,0.8125,0.35,0.45,friction_prone,UPDATE_PAYMENT_METHOD,0.7413861179047633,0.5783132530120481,3.0,512.356626506024,509.356626506024
FAIL_002772,6771.64,BANK_DECLINED,361,10,2,12,0.8333,0.82,0.9,high_value_loyal,PAYMENT_LINK,0.5871089118229696,0.4820359281437126,3.0,3264.1737724550903,3261.1737724550903
FAIL_002773,1739.2,LIMIT_EXCEEDED,494,11,5,16,0.6875,0.35,0.45,friction_prone,PAYMENT_LINK,0.6077689926789099,0.4820359281437126,3.0,838.3568862275449,835.3568862275449
FAIL_002783,1639.15,INSUFFICIENT_FUNDS,896,24,5,29,0.8276,0.6,0.6,normal,WAIT_AND_RETRY,0.7775216366622302,0.6621621621621622,2.0,1085.3831081081082,1083.3831081081082
FAIL_002789,307.85,INSUFFICIENT_FUNDS,888,21,8,29,0.7241,0.3,0.25,low_engagement,WAIT_AND_RETRY,0.7911207741146421,0.6621621621621622,2.0,203.84662162162164,201.84662162162164
FAIL_002794,307.85,INSUFFICIENT_FUNDS,888,21,8,29,0.7241,0.3,0.25,low_engagement,WAIT_AND_RETRY,0.7911207741146421,0.6621621621621622,2.0,203.84662162162164,201.84662162162164
