customer_id,account_age_days,successful_payments,failed_payments,total_payments,payment_success_rate,monthly_subscription_value,historical_recovery_rate,engagement_score,behavior_profile
CUST_0001,55,1,0,1,1.0,1503,0.8,0.85,reliable
CUST_0002,172,4,1,5,0.8,361,0.6,0.6,normal
CUST_0003,253,8,0,8,1.0,526,0.8,0.85,reliable
CUST_0004,744,20,4,24,0.8333,506,0.6,0.6,normal
CUST_0005,314,10,0,10,1.0,5005,0.82,0.9,high_value_loyal
CUST_0006,503,13,3,16,0.8125,1110,0.6,0.6,normal
CUST_0007,176,5,0,5,1.0,7780,0.82,0.9,high_value_loyal
CUST_0008,400,11,2,13,0.8462,7532,0.82,0.9,high_value_loyal
CUST_0009,726,23,1,24,0.9583,1827,0.8,0.85,reliable
CUST_0010,49,1,0,1,1.0,5973,0.82,0.9,high_value_loyal
CUST_0011,275,5,4,9,0.5556,1173,0.35,0.45,friction_prone
CUST_0012,199,5,1,6,0.8333,405,0.3,0.25,low_engagement
CUST_0013,438,12,2,14,0.8571,876,0.35,0.45,friction_prone
CUST_0014,556,17,1,18,0.9444,2149,0.8,0.85,reliable
CUST_0015,849,18,10,28,0.6429,1338,0.35,0.45,friction_prone
CUST_0016,188,6,0,6,1.0,3410,0.82,0.9,high_value_loyal
CUST_0017,518,14,3,17,0.8235,1157,0.3,0.25,low_engagement
CUST_0018,239,6,1,7,0.8571,348,0.35,0.45,friction_prone
CUST_0019,499,15,1,16,0.9375,2771,0.8,0.85,reliable
CUST_0020,984,23,9,32,0.7188,503,0.35,0.45,friction_prone
CUST_0021,160,3,2,5,0.6,5931,0.82,0.9,high_value_loyal
CUST_0022,728,15,9,24,0.625,755,0.6,0.6,normal
CUST_0023,866,22,6,28,0.7857,689,0.6,0.6,normal
CUST_0024,75,1,1,2,0.5,1302,0.35,0.45,friction_prone
CUST_0025,402,10,3,13,0.7692,1661,0.6,0.6,normal
CUST_0026,723,22,2,24,0.9167,9607,0.82,0.9,high_value_loyal
CUST_0027,180,6,0,6,1.0,1589,0.6,0.6,normal
CUST_0028,229,5,2,7,0.7143,1106,0.3,0.25,low_engagement
CUST_0029,827,24,3,27,0.8889,1479,0.8,0.85,reliable
CUST_0030,480,14,2,16,0.875,1396,0.35,0.45,friction_prone
CUST_0031,907,29,1,30,0.9667,1565,0.8,0.85,reliable
CUST_0032,365,11,1,12,0.9167,8325,0.82,0.9,high_value_loyal
CUST_0033,829,25,2,27,0.9259,1494,0.8,0.85,reliable
CUST_0034,743,21,3,24,0.875,2480,0.8,0.85,reliable
CUST_0035,476,14,1,15,0.9333,5116,0.82,0.9,high_value_loyal
CUST_0036,316,5,5,10,0.5,1205,0.35,0.45,friction_prone
CUST_0037,841,25,3,28,0.8929,5956,0.82,0.9,high_value_loyal
CUST_0038,339,8,3,11,0.7273,1261,0.6,0.6,normal
CUST_0039,481,14,2,16,0.875,7883,0.82,0.9,high_value_loyal
CUST_0040,261,7,1,8,0.875,1183,0.3,0.25,low_engagement
CUST_0041,1000,33,0,33,1.0,1745,0.8,0.85,reliable
CUST_0042,995,31,2,33,0.9394,6280,0.82,0.9,high_value_loyal
CUST_0043,67,2,0,2,1.0,531,0.3,0.25,low_engagement
CUST_0044,821,24,3,27,0.8889,981,0.8,0.85,reliable
CUST_0045,540,16,2,18,0.8889,305,0.6,0.6,normal
CUST_0046,773,18,7,25,0.72,275,0.35,0.45,friction_prone
CUST_0047,544,14,4,18,0.7778,1392,0.6,0.6,normal
CUST_0048,354,10,1,11,0.9091,9228,0.82,0.9,high_value_loyal
CUST_0049,484,16,0,16,1.0,2888,0.8,0.85,reliable
CUST_0050,267,7,1,8,0.875,1204,0.6,0.6,normal
CUST_0051,631,12,9,21,0.5714,786,0.35,0.45,friction_prone
CUST_0052,651,19,2,21,0.9048,1049,0.6,0.6,normal
CUST_0053,543,8,10,18,0.4444,1009,0.3,0.25,low_engagement
CUST_0054,44,1,0,1,1.0,4012,0.82,0.9,high_value_loyal
CUST_0055,407,12,1,13,0.9231,9749,0.82,0.9,high_value_loyal
CUST_0056,961,28,4,32,0.875,5260,0.82,0.9,high_value_loyal
CUST_0057,155,4,1,5,0.8,343,0.6,0.6,normal
CUST_0058,835,24,3,27,0.8889,965,0.8,0.85,reliable
CUST_0059,517,16,1,17,0.9412,2316,0.8,0.85,reliable
CUST_0060,950,30,1,31,0.9677,881,0.8,0.85,reliable
CUST_0061,128,4,0,4,1.0,7600,0.82,0.9,high_value_loyal
CUST_0062,367,9,3,12,0.75,693,0.3,0.25,low_engagement
CUST_0063,897,26,3,29,0.8966,998,0.6,0.6,normal
CUST_0064,408,11,2,13,0.8462,741,0.6,0.6,normal
CUST_0065,146,4,0,4,1.0,739,0.3,0.25,low_engagement
CUST_0066,76,1,1,2,0.5,312,0.35,0.45,friction_prone
CUST_0067,239,7,0,7,1.0,1219,0.8,0.85,reliable
CUST_0068,419,13,0,13,1.0,1611,0.6,0.6,normal
CUST_0069,326,10,0,10,1.0,7824,0.82,0.9,high_value_loyal
CUST_0070,566,17,1,18,0.9444,9218,0.82,0.9,high_value_loyal
CUST_0071,211,6,1,7,0.8571,1823,0.8,0.85,reliable
CUST_0072,184,5,1,6,0.8333,351,0.35,0.45,friction_prone
CUST_0073,502,10,6,16,0.625,1174,0.35,0.45,friction_prone
CUST_0074,184,2,4,6,0.3333,861,0.3,0.25,low_engagement
CUST_0075,70,2,0,2,1.0,1199,0.6,0.6,normal
CUST_0076,565,15,3,18,0.8333,879,0.3,0.25,low_engagement
CUST_0077,968,28,4,32,0.875,989,0.6,0.6,normal
CUST_0078,164,5,0,5,1.0,1124,0.3,0.25,low_engagement
CUST_0079,768,22,3,25,0.88,1613,0.6,0.6,normal
CUST_0080,925,28,2,30,0.9333,9216,0.82,0.9,high_value_loyal
CUST_0081,489,15,1,16,0.9375,7094,0.82,0.9,high_value_loyal
CUST_0082,578,17,2,19,0.8947,582,0.3,0.25,low_engagement
CUST_0083,795,17,9,26,0.6538,1312,0.35,0.45,friction_prone
CUST_0084,289,9,0,9,1.0,6276,0.82,0.9,high_value_loyal
CUST_0085,946,29,2,31,0.9355,9143,0.82,0.9,high_value_loyal
CUST_0086,61,2,0,2,1.0,1900,0.6,0.6,normal
CUST_0087,65,2,0,2,1.0,8285,0.82,0.9,high_value_loyal
CUST_0088,400,11,2,13,0.8462,581,0.35,0.45,friction_prone
CUST_0089,560,17,1,18,0.9444,5846,0.82,0.9,high_value_loyal
CUST_0090,593,19,0,19,1.0,1766,0.8,0.85,reliable
CUST_0091,764,22,3,25,0.88,5326,0.82,0.9,high_value_loyal
CUST_0092,286,8,1,9,0.8889,1201,0.8,0.85,reliable
CUST_0093,767,19,6,25,0.76,548,0.3,0.25,low_engagement
CUST_0094,177,3,2,5,0.6,333,0.3,0.25,low_engagement
CUST_0095,557,16,2,18,0.8889,1221,0.35,0.45,friction_prone
CUST_0096,539,10,7,17,0.5882,949,0.35,0.45,friction_prone
CUST_0097,440,13,1,14,0.9286,2784,0.8,0.85,reliable
CUST_0098,803,21,5,26,0.8077,830,0.35,0.45,friction_prone
CUST_0099,641,20,1,21,0.9524,2431,0.8,0.85,reliable
CUST_0100,752,24,1,25,0.96,1928,0.8,0.85,reliable
CUST_0101,986,26,6,32,0.8125,340,0.3,0.25,low_engagement
CUST_0102,593,18,1,19,0.9474,648,0.8,0.85,reliable
CUST_0103,836,22,5,27,0.8148,8232,0.82,0.9,high_value_loyal
CUST_0104,876,26,3,29,0.8966,4094,0.82,0.9,high_value_loyal
CUST_0105,186,5,1,6,0.8333,9569,0.82,0.9,high_value_loyal
CUST_0106,810,26,1,27,0.963,1781,0.6,0.6,normal
CUST_0107,435,13,1,14,0.9286,2221,0.8,0.85,reliable
CUST_0108,942,22,9,31,0.7097,232,0.35,0.45,friction_prone
CUST_0109,241,7,1,8,0.875,1405,0.6,0.6,normal
CUST_0110,802,20,6,26,0.7692,952,0.6,0.6,normal
CUST_0111,448,13,1,14,0.9286,4665,0.82,0.9,high_value_loyal
CUST_0112,692,16,7,23,0.6957,696,0.35,0.45,friction_prone
CUST_0113,750,20,5,25,0.8,537,0.3,0.25,low_engagement
CUST_0114,418,12,1,13,0.9231,1419,0.6,0.6,normal
CUST_0115,218,6,1,7,0.8571,8474,0.82,0.9,high_value_loyal
CUST_0116,812,27,0,27,1.0,2656,0.8,0.85,reliable
CUST_0117,864,17,11,28,0.6071,1360,0.35,0.45,friction_prone
CUST_0118,307,9,1,10,0.9,9162,0.82,0.9,high_value_loyal
CUST_0119,981,27,5,32,0.8438,9537,0.82,0.9,high_value_loyal
CUST_0120,760,23,2,25,0.92,1784,0.6,0.6,normal
CUST_0121,956,25,6,31,0.8065,911,0.3,0.25,low_engagement
CUST_0122,520,15,2,17,0.8824,1789,0.6,0.6,normal
CUST_0123,995,31,2,33,0.9394,8549,0.82,0.9,high_value_loyal
CUST_0124,800,25,1,26,0.9615,3799,0.82,0.9,high_value_loyal
CUST_0125,769,23,2,25,0.92,8773,0.82,0.9,high_value_loyal
CUST_0126,240,8,0,8,1.0,533,0.6,0.6,normal
CUST_0127,716,19,4,23,0.8261,580,0.35,0.45,friction_prone
CUST_0128,680,20,2,22,0.9091,9519,0.82,0.9,high_value_loyal
CUST_0129,329,10,0,10,1.0,1412,0.6,0.6,normal
CUST_0130,585,9,10,19,0.4737,918,0.35,0.45,friction_prone
CUST_0131,677,15,7,22,0.6818,918,0.3,0.25,low_engagement
CUST_0132,285,9,0,9,1.0,454,0.6,0.6,normal
CUST_0133,442,13,1,14,0.9286,2689,0.8,0.85,reliable
CUST_0134,253,7,1,8,0.875,9457,0.82,0.9,high_value_loyal
CUST_0135,945,25,6,31,0.8065,663,0.35,0.45,friction_prone
CUST_0136,726,20,4,24,0.8333,966,0.3,0.25,low_engagement
CUST_0137,971,28,4,32,0.875,1381,0.6,0.6,normal
CUST_0138,399,12,1,13,0.9231,747,0.8,0.85,reliable
CUST_0139,548,17,1,18,0.9444,5540,0.82,0.9,high_value_loyal
CUST_0140,777,24,1,25,0.96,6517,0.82,0.9,high_value_loyal
CUST_0141,566,15,3,18,0.8333,1166,0.35,0.45,friction_prone
CUST_0142,422,8,6,14,0.5714,307,0.35,0.45,friction_prone
CUST_0143,258,6,2,8,0.75,1432,0.6,0.6,normal
CUST_0144,38,1,0,1,1.0,5388,0.82,0.9,high_value_loyal
CUST_0145,833,21,6,27,0.7778,928,0.3,0.25,low_engagement
CUST_0146,125,3,1,4,0.75,962,0.35,0.45,friction_prone
CUST_0147,795,24,2,26,0.9231,4700,0.82,0.9,high_value_loyal
CUST_0148,345,11,0,11,1.0,5914,0.82,0.9,high_value_loyal
CUST_0149,555,17,1,18,0.9444,8281,0.82,0.9,high_value_loyal
CUST_0150,626,19,1,20,0.95,1266,0.8,0.85,reliable
CUST_0151,316,9,1,10,0.9,1058,0.35,0.45,friction_prone
CUST_0152,688,17,5,22,0.7727,776,0.6,0.6,normal
CUST_0153,132,4,0,4,1.0,1809,0.6,0.6,normal
CUST_0154,812,25,2,27,0.9259,502,0.8,0.85,reliable
CUST_0155,969,22,10,32,0.6875,974,0.35,0.45,friction_prone
CUST_0156,781,13,13,26,0.5,743,0.35,0.45,friction_prone
CUST_0157,285,9,0,9,1.0,1075,0.6,0.6,normal
CUST_0158,589,12,7,19,0.6316,1456,0.35,0.45,friction_prone
CUST_0159,751,24,1,25,0.96,4399,0.82,0.9,high_value_loyal
CUST_0160,113,2,1,3,0.6667,1164,0.35,0.45,friction_prone
CUST_0161,946,30,1,31,0.9677,7113,0.82,0.9,high_value_loyal
CUST_0162,952,23,8,31,0.7419,353,0.3,0.25,low_engagement
CUST_0163,610,17,3,20,0.85,978,0.6,0.6,normal
CUST_0164,80,1,1,2,0.5,1062,0.6,0.6,normal
CUST_0165,375,11,1,12,0.9167,2207,0.8,0.85,reliable
CUST_0166,691,19,4,23,0.8261,577,0.3,0.25,low_engagement
CUST_0167,547,17,1,18,0.9444,4755,0.82,0.9,high_value_loyal
CUST_0168,692,18,5,23,0.7826,1577,0.6,0.6,normal
CUST_0169,628,19,1,20,0.95,9598,0.82,0.9,high_value_loyal
CUST_0170,443,13,1,14,0.9286,747,0.3,0.25,low_engagement
CUST_0171,958,29,2,31,0.9355,8576,0.82,0.9,high_value_loyal
CUST_0172,572,19,0,19,1.0,4381,0.82,0.9,high_value_loyal
CUST_0173,812,22,5,27,0.8148,666,0.3,0.25,low_engagement
CUST_0174,640,16,5,21,0.7619,989,0.3,0.25,low_engagement
CUST_0175,668,20,2,22,0.9091,320,0.3,0.25,low_engagement
CUST_0176,146,2,2,4,0.5,1271,0.35,0.45,friction_prone
CUST_0177,396,11,2,13,0.8462,484,0.6,0.6,normal
CUST_0178,106,3,0,3,1.0,436,0.3,0.25,low_engagement
CUST_0179,333,11,0,11,1.0,3079,0.82,0.9,high_value_loyal
CUST_0180,709,18,5,23,0.7826,1288,0.6,0.6,normal
CUST_0181,724,17,7,24,0.7083,833,0.3,0.25,low_engagement
CUST_0182,473,14,1,15,0.9333,2513,0.8,0.85,reliable
CUST_0183,276,8,1,9,0.8889,380,0.35,0.45,friction_prone
CUST_0184,487,14,2,16,0.875,9760,0.82,0.9,high_value_loyal
CUST_0185,866,27,1,28,0.9643,1884,0.8,0.85,reliable
CUST_0186,805,25,1,26,0.9615,2994,0.8,0.85,reliable
CUST_0187,310,9,1,10,0.9,942,0.6,0.6,normal
CUST_0188,677,17,5,22,0.7727,213,0.3,0.25,low_engagement
CUST_0189,139,4,0,4,1.0,968,0.3,0.25,low_engagement
CUST_0190,323,10,0,10,1.0,1450,0.6,0.6,normal
CUST_0191,790,23,3,26,0.8846,696,0.6,0.6,normal
CUST_0192,489,15,1,16,0.9375,304,0.35,0.45,friction_prone
CUST_0193,893,24,5,29,0.8276,1181,0.3,0.25,low_engagement
CUST_0194,728,23,1,24,0.9583,2237,0.8,0.85,reliable
CUST_0195,240,7,1,8,0.875,2380,0.8,0.85,reliable
CUST_0196,68,2,0,2,1.0,715,0.35,0.45,friction_prone
CUST_0197,102,3,0,3,1.0,597,0.3,0.25,low_engagement
CUST_0198,675,22,0,22,1.0,9117,0.82,0.9,high_value_loyal
CUST_0199,845,25,3,28,0.8929,4485,0.82,0.9,high_value_loyal
CUST_0200,902,25,5,30,0.8333,483,0.3,0.25,low_engagement
CUST_0201,167,4,1,5,0.8,1197,0.35,0.45,friction_prone
CUST_0202,141,2,2,4,0.5,343,0.3,0.25,low_engagement
CUST_0203,231,6,1,7,0.8571,795,0.3,0.25,low_engagement
CUST_0204,444,11,3,14,0.7857,292,0.3,0.25,low_engagement
CUST_0205,402,11,2,13,0.8462,6960,0.82,0.9,high_value_loyal
CUST_0206,71,2,0,2,1.0,328,0.35,0.45,friction_prone
CUST_0207,408,9,4,13,0.6923,739,0.35,0.45,friction_prone
CUST_0208,587,13,6,19,0.6842,487,0.3,0.25,low_engagement
CUST_0209,183,6,0,6,1.0,1775,0.6,0.6,normal
CUST_0210,523,16,1,17,0.9412,576,0.8,0.85,reliable
CUST_0211,999,25,8,33,0.7576,1435,0.35,0.45,friction_prone
CUST_0212,877,22,7,29,0.7586,584,0.3,0.25,low_engagement
CUST_0213,734,21,3,24,0.875,770,0.6,0.6,normal
CUST_0214,831,24,3,27,0.8889,8245,0.82,0.9,high_value_loyal
CUST_0215,479,13,2,15,0.8667,6272,0.82,0.9,high_value_loyal
CUST_0216,715,16,7,23,0.6957,727,0.35,0.45,friction_prone
CUST_0217,862,23,5,28,0.8214,382,0.3,0.25,low_engagement
CUST_0218,351,10,1,11,0.9091,4661,0.82,0.9,high_value_loyal
CUST_0219,886,23,6,29,0.7931,657,0.6,0.6,normal
CUST_0220,153,5,0,5,1.0,7759,0.82,0.9,high_value_loyal
CUST_0221,363,11,1,12,0.9167,2140,0.8,0.85,reliable
CUST_0222,491,13,3,16,0.8125,1491,0.35,0.45,friction_prone
CUST_0223,576,16,3,19,0.8421,1088,0.3,0.25,low_engagement
CUST_0224,233,6,1,7,0.8571,993,0.3,0.25,low_engagement
CUST_0225,940,29,2,31,0.9355,4725,0.82,0.9,high_value_loyal
CUST_0226,436,12,2,14,0.8571,881,0.6,0.6,normal
CUST_0227,671,20,2,22,0.9091,6945,0.82,0.9,high_value_loyal
CUST_0228,262,5,3,8,0.625,552,0.3,0.25,low_engagement
CUST_0229,510,10,7,17,0.5882,651,0.35,0.45,friction_prone
CUST_0230,111,2,1,3,0.6667,1455,0.35,0.45,friction_prone
CUST_0231,321,9,1,10,0.9,1207,0.35,0.45,friction_prone
CUST_0232,358,11,0,11,1.0,1000,0.6,0.6,normal
CUST_0233,349,11,0,11,1.0,4487,0.82,0.9,high_value_loyal
CUST_0234,947,27,4,31,0.871,642,0.6,0.6,normal
CUST_0235,628,14,6,20,0.7,676,0.35,0.45,friction_prone
CUST_0236,601,13,7,20,0.65,1335,0.35,0.45,friction_prone
CUST_0237,100,3,0,3,1.0,1409,0.6,0.6,normal
CUST_0238,494,13,3,16,0.8125,860,0.35,0.45,friction_prone
CUST_0239,686,21,1,22,0.9545,9816,0.82,0.9,high_value_loyal
CUST_0240,509,15,1,16,0.9375,2677,0.8,0.85,reliable
CUST_0241,224,6,1,7,0.8571,9277,0.82,0.9,high_value_loyal
CUST_0242,396,10,3,13,0.7692,532,0.3,0.25,low_engagement
CUST_0243,452,8,7,15,0.5333,1260,0.35,0.45,friction_prone
CUST_0244,941,27,4,31,0.871,915,0.6,0.6,normal
CUST_0245,778,23,2,25,0.92,2937,0.8,0.85,reliable
CUST_0246,546,17,1,18,0.9444,953,0.3,0.25,low_engagement
CUST_0247,282,9,0,9,1.0,552,0.3,0.25,low_engagement
CUST_0248,701,15,8,23,0.6522,223,0.3,0.25,low_engagement
CUST_0249,244,5,3,8,0.625,237,0.35,0.45,friction_prone
CUST_0250,626,18,2,20,0.9,8813,0.82,0.9,high_value_loyal
CUST_0251,955,30,1,31,0.9677,2065,0.8,0.85,reliable
CUST_0252,724,16,8,24,0.6667,770,0.3,0.25,low_engagement
CUST_0253,766,20,5,25,0.8,688,0.3,0.25,low_engagement
CUST_0254,544,14,4,18,0.7778,1199,0.6,0.6,normal
CUST_0255,531,13,4,17,0.7647,1098,0.3,0.25,low_engagement
CUST_0256,928,29,1,30,0.9667,1327,0.8,0.85,reliable
CUST_0257,122,4,0,4,1.0,8884,0.82,0.9,high_value_loyal
CUST_0258,123,4,0,4,1.0,2073,0.8,0.85,reliable
CUST_0259,656,18,3,21,0.8571,669,0.3,0.25,low_engagement
CUST_0260,905,29,1,30,0.9667,7688,0.82,0.9,high_value_loyal
CUST_0261,211,5,2,7,0.7143,1039,0.3,0.25,low_engagement
CUST_0262,806,23,3,26,0.8846,2628,0.8,0.85,reliable
CUST_0263,534,17,0,17,1.0,8652,0.82,0.9,high_value_loyal
CUST_0264,290,7,2,9,0.7778,259,0.35,0.45,friction_prone
CUST_0265,228,6,1,7,0.8571,1584,0.6,0.6,normal
CUST_0266,943,31,0,31,1.0,4946,0.82,0.9,high_value_loyal
CUST_0267,492,12,4,16,0.75,870,0.35,0.45,friction_prone
CUST_0268,817,23,4,27,0.8519,540,0.6,0.6,normal
CUST_0269,182,5,1,6,0.8333,1325,0.35,0.45,friction_prone
CUST_0270,307,9,1,10,0.9,303,0.35,0.45,friction_prone
CUST_0271,422,13,1,14,0.9286,2407,0.8,0.85,reliable
CUST_0272,164,4,1,5,0.8,859,0.3,0.25,low_engagement
CUST_0273,511,17,0,17,1.0,7951,0.82,0.9,high_value_loyal
CUST_0274,160,5,0,5,1.0,272,0.3,0.25,low_engagement
CUST_0275,575,15,4,19,0.7895,434,0.35,0.45,friction_prone
CUST_0276,640,15,6,21,0.7143,599,0.3,0.25,low_engagement
CUST_0277,621,10,10,20,0.5,773,0.3,0.25,low_engagement
CUST_0278,142,1,3,4,0.25,1007,0.35,0.45,friction_prone
CUST_0279,758,19,6,25,0.76,1071,0.35,0.45,friction_prone
CUST_0280,214,6,1,7,0.8571,710,0.3,0.25,low_engagement
CUST_0281,759,20,5,25,0.8,939,0.6,0.6,normal
CUST_0282,84,1,1,2,0.5,211,0.3,0.25,low_engagement
CUST_0283,494,15,1,16,0.9375,5390,0.82,0.9,high_value_loyal
CUST_0284,57,1,0,1,1.0,284,0.3,0.25,low_engagement
CUST_0285,547,17,1,18,0.9444,472,0.6,0.6,normal
CUST_0286,639,19,2,21,0.9048,1745,0.6,0.6,normal
CUST_0287,515,16,1,17,0.9412,9572,0.82,0.9,high_value_loyal
CUST_0288,291,9,0,9,1.0,1236,0.8,0.85,reliable
CUST_0289,590,16,3,19,0.8421,1438,0.35,0.45,friction_prone
CUST_0290,414,8,5,13,0.6154,1667,0.6,0.6,normal
CUST_0291,293,7,2,9,0.7778,1207,0.35,0.45,friction_prone
CUST_0292,654,21,0,21,1.0,1101,0.6,0.6,normal
CUST_0293,33,1,0,1,1.0,1162,0.3,0.25,low_engagement
CUST_0294,519,14,3,17,0.8235,7379,0.82,0.9,high_value_loyal
CUST_0295,112,1,2,3,0.3333,615,0.35,0.45,friction_prone
CUST_0296,597,18,1,19,0.9474,1962,0.6,0.6,normal
CUST_0297,46,1,0,1,1.0,3459,0.82,0.9,high_value_loyal
CUST_0298,836,17,10,27,0.6296,433,0.35,0.45,friction_prone
CUST_0299,639,19,2,21,0.9048,6593,0.82,0.9,high_value_loyal
CUST_0300,977,30,2,32,0.9375,1385,0.6,0.6,normal
CUST_0301,663,21,1,22,0.9545,714,0.8,0.85,reliable
CUST_0302,210,7,0,7,1.0,629,0.3,0.25,low_engagement
CUST_0303,795,21,5,26,0.8077,1239,0.6,0.6,normal
CUST_0304,205,5,1,6,0.8333,4392,0.82,0.9,high_value_loyal
CUST_0305,596,13,6,19,0.6842,241,0.3,0.25,low_engagement
CUST_0306,781,25,1,26,0.9615,9470,0.82,0.9,high_value_loyal
CUST_0307,671,13,9,22,0.5909,1467,0.35,0.45,friction_prone
CUST_0308,404,13,0,13,1.0,1423,0.8,0.85,reliable
CUST_0309,391,9,4,13,0.6923,953,0.35,0.45,friction_prone
CUST_0310,222,6,1,7,0.8571,1630,0.8,0.85,reliable
CUST_0311,743,23,1,24,0.9583,2746,0.8,0.85,reliable
CUST_0312,498,14,2,16,0.875,9875,0.82,0.9,high_value_loyal
CUST_0313,195,6,0,6,1.0,1451,0.6,0.6,normal
CUST_0314,711,21,2,23,0.913,2815,0.8,0.85,reliable
CUST_0315,376,12,0,12,1.0,7779,0.82,0.9,high_value_loyal
CUST_0316,257,4,4,8,0.5,603,0.3,0.25,low_engagement
CUST_0317,532,11,6,17,0.6471,1945,0.6,0.6,normal
CUST_0318,325,9,1,10,0.9,7303,0.82,0.9,high_value_loyal
CUST_0319,97,2,1,3,0.6667,213,0.35,0.45,friction_prone
CUST_0320,684,21,1,22,0.9545,5356,0.82,0.9,high_value_loyal
CUST_0321,213,6,1,7,0.8571,9107,0.82,0.9,high_value_loyal
CUST_0322,625,16,4,20,0.8,797,0.35,0.45,friction_prone
CUST_0323,684,17,5,22,0.7727,304,0.3,0.25,low_engagement
CUST_0324,188,5,1,6,0.8333,1389,0.6,0.6,normal
CUST_0325,749,18,6,24,0.75,907,0.3,0.25,low_engagement
CUST_0326,109,3,0,3,1.0,1304,0.8,0.85,reliable
CUST_0327,63,2,0,2,1.0,742,0.8,0.85,reliable
CUST_0328,151,5,0,5,1.0,4014,0.82,0.9,high_value_loyal
CUST_0329,240,8,0,8,1.0,560,0.3,0.25,low_engagement
CUST_0330,905,26,4,30,0.8667,578,0.6,0.6,normal
CUST_0331,810,25,2,27,0.9259,8693,0.82,0.9,high_value_loyal
CUST_0332,134,3,1,4,0.75,403,0.3,0.25,low_engagement
CUST_0333,235,3,4,7,0.4286,1391,0.35,0.45,friction_prone
CUST_0334,309,6,4,10,0.6,325,0.3,0.25,low_engagement
CUST_0335,531,13,4,17,0.7647,613,0.35,0.45,friction_prone
CUST_0336,707,15,8,23,0.6522,1365,0.35,0.45,friction_prone
CUST_0337,705,22,1,23,0.9565,6374,0.82,0.9,high_value_loyal
CUST_0338,87,2,0,2,1.0,839,0.35,0.45,friction_prone
CUST_0339,116,2,1,3,0.6667,545,0.3,0.25,low_engagement
CUST_0340,50,1,0,1,1.0,376,0.6,0.6,normal
CUST_0341,703,22,1,23,0.9565,9884,0.82,0.9,high_value_loyal
CUST_0342,249,6,2,8,0.75,297,0.3,0.25,low_engagement
CUST_0343,374,11,1,12,0.9167,457,0.3,0.25,low_engagement
CUST_0344,557,15,3,18,0.8333,734,0.3,0.25,low_engagement
CUST_0345,403,11,2,13,0.8462,1706,0.6,0.6,normal
CUST_0346,271,8,1,9,0.8889,237,0.3,0.25,low_engagement
CUST_0347,193,6,0,6,1.0,386,0.6,0.6,normal
CUST_0348,831,23,4,27,0.8519,6194,0.82,0.9,high_value_loyal
CUST_0349,987,24,8,32,0.75,1963,0.6,0.6,normal
CUST_0350,577,18,1,19,0.9474,2513,0.8,0.85,reliable
CUST_0351,784,25,1,26,0.9615,9804,0.82,0.9,high_value_loyal
CUST_0352,897,26,3,29,0.8966,1053,0.6,0.6,normal
CUST_0353,999,28,5,33,0.8485,1114,0.6,0.6,normal
CUST_0354,760,22,3,25,0.88,994,0.6,0.6,normal
CUST_0355,165,5,0,5,1.0,4047,0.82,0.9,high_value_loyal
CUST_0356,922,27,3,30,0.9,6749,0.82,0.9,high_value_loyal
CUST_0357,145,4,0,4,1.0,5327,0.82,0.9,high_value_loyal
CUST_0358,884,24,5,29,0.8276,389,0.6,0.6,normal
CUST_0359,493,13,3,16,0.8125,1086,0.3,0.25,low_engagement
CUST_0360,121,4,0,4,1.0,8301,0.82,0.9,high_value_loyal
CUST_0361,153,3,2,5,0.6,1535,0.6,0.6,normal
CUST_0362,397,12,1,13,0.9231,382,0.6,0.6,normal
CUST_0363,379,9,3,12,0.75,330,0.3,0.25,low_engagement
CUST_0364,891,17,12,29,0.5862,583,0.35,0.45,friction_prone
CUST_0365,219,6,1,7,0.8571,327,0.6,0.6,normal
CUST_0366,701,18,5,23,0.7826,1582,0.6,0.6,normal
CUST_0367,225,6,1,7,0.8571,655,0.3,0.25,low_engagement
CUST_0368,512,16,1,17,0.9412,7205,0.82,0.9,high_value_loyal
CUST_0369,772,21,4,25,0.84,1062,0.3,0.25,low_engagement
CUST_0370,164,4,1,5,0.8,8345,0.82,0.9,high_value_loyal
CUST_0371,845,22,6,28,0.7857,896,0.35,0.45,friction_prone
CUST_0372,817,18,9,27,0.6667,403,0.35,0.45,friction_prone
CUST_0373,692,20,3,23,0.8696,1357,0.6,0.6,normal
CUST_0374,996,23,10,33,0.697,1314,0.35,0.45,friction_prone
CUST_0375,837,22,5,27,0.8148,949,0.3,0.25,low_engagement
CUST_0376,891,27,2,29,0.931,901,0.8,0.85,reliable
CUST_0377,758,21,4,25,0.84,1383,0.6,0.6,normal
CUST_0378,741,22,2,24,0.9167,2502,0.8,0.85,reliable
CUST_0379,155,5,0,5,1.0,2352,0.8,0.85,reliable
CUST_0380,830,21,6,27,0.7778,1345,0.35,0.45,friction_prone
CUST_0381,227,5,2,7,0.7143,576,0.8,0.85,reliable
CUST_0382,704,23,0,23,1.0,1546,0.8,0.85,reliable
CUST_0383,187,6,0,6,1.0,739,0.8,0.85,reliable
CUST_0384,429,10,4,14,0.7143,851,0.35,0.45,friction_prone
CUST_0385,596,16,3,19,0.8421,9406,0.82,0.9,high_value_loyal
CUST_0386,580,14,5,19,0.7368,630,0.6,0.6,normal
CUST_0387,606,12,8,20,0.6,536,0.3,0.25,low_engagement
CUST_0388,965,32,0,32,1.0,1965,0.8,0.85,reliable
CUST_0389,122,4,0,4,1.0,1311,0.6,0.6,normal
CUST_0390,67,1,1,2,0.5,1441,0.35,0.45,friction_prone
CUST_0391,37,1,0,1,1.0,1981,0.6,0.6,normal
CUST_0392,143,4,0,4,1.0,8405,0.82,0.9,high_value_loyal
CUST_0393,718,18,5,23,0.7826,642,0.3,0.25,low_engagement
CUST_0394,310,10,0,10,1.0,6210,0.82,0.9,high_value_loyal
CUST_0395,372,11,1,12,0.9167,1282,0.6,0.6,normal
CUST_0396,857,25,3,28,0.8929,3834,0.82,0.9,high_value_loyal
CUST_0397,602,20,0,20,1.0,776,0.8,0.85,reliable
CUST_0398,838,23,4,27,0.8519,772,0.3,0.25,low_engagement
CUST_0399,462,14,1,15,0.9333,929,0.8,0.85,reliable
CUST_0400,927,28,2,30,0.9333,7542,0.82,0.9,high_value_loyal
CUST_0401,212,7,0,7,1.0,527,0.6,0.6,normal
CUST_0402,988,26,6,32,0.8125,366,0.35,0.45,friction_prone
CUST_0403,839,26,1,27,0.963,7510,0.82,0.9,high_value_loyal
CUST_0404,167,5,0,5,1.0,2598,0.8,0.85,reliable
CUST_0405,374,10,2,12,0.8333,725,0.3,0.25,low_engagement
CUST_0406,689,20,2,22,0.9091,613,0.3,0.25,low_engagement
CUST_0407,871,28,1,29,0.9655,9834,0.82,0.9,high_value_loyal
CUST_0408,377,8,4,12,0.6667,1363,0.35,0.45,friction_prone
CUST_0409,965,27,5,32,0.8438,689,0.3,0.25,low_engagement
CUST_0410,428,13,1,14,0.9286,1084,0.8,0.85,reliable
CUST_0411,95,3,0,3,1.0,5694,0.82,0.9,high_value_loyal
CUST_0412,930,22,9,31,0.7097,621,0.3,0.25,low_engagement
CUST_0413,154,4,1,5,0.8,661,0.3,0.25,low_engagement
CUST_0414,288,9,0,9,1.0,377,0.6,0.6,normal
CUST_0415,286,8,1,9,0.8889,1074,0.8,0.85,reliable
CUST_0416,870,29,0,29,1.0,5045,0.82,0.9,high_value_loyal
CUST_0417,960,26,6,32,0.8125,955,0.35,0.45,friction_prone
CUST_0418,98,3,0,3,1.0,2546,0.8,0.85,reliable
CUST_0419,759,20,5,25,0.8,1452,0.8,0.85,reliable
CUST_0420,661,21,1,22,0.9545,1681,0.8,0.85,reliable
CUST_0421,264,8,0,8,1.0,1411,0.8,0.85,reliable
CUST_0422,923,25,5,30,0.8333,371,0.3,0.25,low_engagement
CUST_0423,481,15,1,16,0.9375,5320,0.82,0.9,high_value_loyal
CUST_0424,605,18,2,20,0.9,6152,0.82,0.9,high_value_loyal
CUST_0425,196,5,1,6,0.8333,700,0.3,0.25,low_engagement
CUST_0426,743,18,6,24,0.75,364,0.35,0.45,friction_prone
CUST_0427,961,26,6,32,0.8125,402,0.3,0.25,low_engagement
CUST_0428,216,7,0,7,1.0,4571,0.82,0.9,high_value_loyal
CUST_0429,953,23,8,31,0.7419,845,0.35,0.45,friction_prone
CUST_0430,993,24,9,33,0.7273,1813,0.6,0.6,normal
CUST_0431,843,20,8,28,0.7143,875,0.3,0.25,low_engagement
CUST_0432,138,4,0,4,1.0,2070,0.8,0.85,reliable
CUST_0433,255,5,3,8,0.625,881,0.35,0.45,friction_prone
CUST_0434,984,27,5,32,0.8438,558,0.6,0.6,normal
CUST_0435,709,17,6,23,0.7391,706,0.3,0.25,low_engagement
CUST_0436,751,12,13,25,0.48,778,0.35,0.45,friction_prone
CUST_0437,747,21,3,24,0.875,1174,0.6,0.6,normal
CUST_0438,978,29,3,32,0.9062,1501,0.6,0.6,normal
CUST_0439,616,16,4,20,0.8,1057,0.3,0.25,low_engagement
CUST_0440,581,13,6,19,0.6842,718,0.3,0.25,low_engagement
CUST_0441,402,9,4,13,0.6923,921,0.35,0.45,friction_prone
CUST_0442,581,18,1,19,0.9474,1167,0.3,0.25,low_engagement
CUST_0443,722,20,4,24,0.8333,943,0.35,0.45,friction_prone
CUST_0444,826,16,11,27,0.5926,1417,0.35,0.45,friction_prone
CUST_0445,518,17,0,17,1.0,6839,0.82,0.9,high_value_loyal
CUST_0446,323,5,5,10,0.5,292,0.3,0.25,low_engagement
CUST_0447,108,3,0,3,1.0,735,0.8,0.85,reliable
CUST_0448,791,24,2,26,0.9231,673,0.8,0.85,reliable
CUST_0449,489,11,5,16,0.6875,984,0.3,0.25,low_engagement
CUST_0450,327,10,0,10,1.0,645,0.8,0.85,reliable
CUST_0451,943,31,0,31,1.0,5942,0.82,0.9,high_value_loyal
CUST_0452,143,4,0,4,1.0,364,0.6,0.6,normal
CUST_0453,712,21,2,23,0.913,1000,0.6,0.6,normal
CUST_0454,641,19,2,21,0.9048,7843,0.82,0.9,high_value_loyal
CUST_0455,264,7,1,8,0.875,1078,0.6,0.6,normal
CUST_0456,567,18,0,18,1.0,6867,0.82,0.9,high_value_loyal
CUST_0457,960,25,7,32,0.7812,1171,0.35,0.45,friction_prone
CUST_0458,576,12,7,19,0.6316,1726,0.6,0.6,normal
CUST_0459,326,8,2,10,0.8,1837,0.6,0.6,normal
CUST_0460,423,12,2,14,0.8571,503,0.3,0.25,low_engagement
CUST_0461,595,13,6,19,0.6842,1324,0.35,0.45,friction_prone
CUST_0462,769,18,7,25,0.72,1489,0.35,0.45,friction_prone
CUST_0463,189,6,0,6,1.0,6763,0.82,0.9,high_value_loyal
CUST_0464,865,25,3,28,0.8929,592,0.6,0.6,normal
CUST_0465,43,0,1,1,0.0,209,0.3,0.25,low_engagement
CUST_0466,585,19,0,19,1.0,1080,0.8,0.85,reliable
CUST_0467,964,30,2,32,0.9375,2544,0.8,0.85,reliable
CUST_0468,985,18,14,32,0.5625,1208,0.35,0.45,friction_prone
CUST_0469,579,13,6,19,0.6842,1038,0.3,0.25,low_engagement
CUST_0470,331,10,1,11,0.9091,1801,0.6,0.6,normal
CUST_0471,742,23,1,24,0.9583,1138,0.8,0.85,reliable
CUST_0472,932,29,2,31,0.9355,723,0.8,0.85,reliable
CUST_0473,692,19,4,23,0.8261,832,0.35,0.45,friction_prone
CUST_0474,395,12,1,13,0.9231,597,0.8,0.85,reliable
CUST_0475,845,19,9,28,0.6786,413,0.3,0.25,low_engagement
CUST_0476,651,16,5,21,0.7619,684,0.3,0.25,low_engagement
CUST_0477,811,17,10,27,0.6296,795,0.35,0.45,friction_prone
CUST_0478,192,6,0,6,1.0,6837,0.82,0.9,high_value_loyal
CUST_0479,951,24,7,31,0.7742,458,0.3,0.25,low_engagement
CUST_0480,115,3,0,3,1.0,1758,0.6,0.6,normal
CUST_0481,922,27,3,30,0.9,3116,0.82,0.9,high_value_loyal
CUST_0482,948,23,8,31,0.7419,1628,0.6,0.6,normal
CUST_0483,453,15,0,15,1.0,5320,0.82,0.9,high_value_loyal
CUST_0484,990,25,8,33,0.7576,1100,0.3,0.25,low_engagement
CUST_0485,344,6,5,11,0.5455,1428,0.35,0.45,friction_prone
CUST_0486,373,10,2,12,0.8333,555,0.35,0.45,friction_prone
CUST_0487,955,29,2,31,0.9355,9885,0.82,0.9,high_value_loyal
CUST_0488,773,22,3,25,0.88,1707,0.6,0.6,normal
CUST_0489,414,12,1,13,0.9231,7915,0.82,0.9,high_value_loyal
CUST_0490,35,1,0,1,1.0,959,0.3,0.25,low_engagement
CUST_0491,978,22,10,32,0.6875,621,0.35,0.45,friction_prone
CUST_0492,473,15,0,15,1.0,5404,0.82,0.9,high_value_loyal
CUST_0493,876,24,5,29,0.8276,787,0.3,0.25,low_engagement
CUST_0494,728,22,2,24,0.9167,8282,0.82,0.9,high_value_loyal
CUST_0495,101,3,0,3,1.0,1732,0.8,0.85,reliable
CUST_0496,354,8,3,11,0.7273,965,0.35,0.45,friction_prone
CUST_0497,135,4,0,4,1.0,530,0.3,0.25,low_engagement
CUST_0498,261,6,2,8,0.75,5127,0.82,0.9,high_value_loyal
CUST_0499,143,4,0,4,1.0,2054,0.8,0.85,reliable
CUST_0500,745,17,7,24,0.7083,621,0.35,0.45,friction_prone
CUST_0501,106,2,1,3,0.6667,1385,0.8,0.85,reliable
CUST_0502,868,26,2,28,0.9286,3135,0.82,0.9,high_value_loyal
CUST_0503,221,7,0,7,1.0,4737,0.82,0.9,high_value_loyal
CUST_0504,436,14,0,14,1.0,1695,0.6,0.6,normal
CUST_0505,691,23,0,23,1.0,2452,0.8,0.85,reliable
CUST_0506,903,23,7,30,0.7667,887,0.35,0.45,friction_prone
CUST_0507,532,16,1,17,0.9412,6361,0.82,0.9,high_value_loyal
CUST_0508,705,16,7,23,0.6957,865,0.6,0.6,normal
CUST_0509,225,6,1,7,0.8571,910,0.35,0.45,friction_prone
CUST_0510,142,3,1,4,0.75,507,0.35,0.45,friction_prone
CUST_0511,326,9,1,10,0.9,513,0.3,0.25,low_engagement
CUST_0512,470,13,2,15,0.8667,1691,0.8,0.85,reliable
CUST_0513,62,2,0,2,1.0,1962,0.6,0.6,normal
CUST_0514,462,15,0,15,1.0,5435,0.82,0.9,high_value_loyal
CUST_0515,979,28,4,32,0.875,1095,0.3,0.25,low_engagement
CUST_0516,501,12,4,16,0.75,775,0.3,0.25,low_engagement
CUST_0517,169,5,0,5,1.0,3052,0.82,0.9,high_value_loyal
CUST_0518,668,21,1,22,0.9545,8211,0.82,0.9,high_value_loyal
CUST_0519,219,7,0,7,1.0,1685,0.8,0.85,reliable
CUST_0520,632,20,1,21,0.9524,1148,0.8,0.85,reliable
CUST_0521,542,11,7,18,0.6111,971,0.35,0.45,friction_prone
CUST_0522,650,18,3,21,0.8571,9001,0.82,0.9,high_value_loyal
CUST_0523,137,2,2,4,0.5,1160,0.6,0.6,normal
CUST_0524,93,3,0,3,1.0,798,0.8,0.85,reliable
CUST_0525,811,26,1,27,0.963,5791,0.82,0.9,high_value_loyal
CUST_0526,728,22,2,24,0.9167,1996,0.6,0.6,normal
CUST_0527,429,9,5,14,0.6429,738,0.35,0.45,friction_prone
CUST_0528,63,2,0,2,1.0,1870,0.8,0.85,reliable
CUST_0529,172,5,0,5,1.0,755,0.8,0.85,reliable
CUST_0530,535,12,5,17,0.7059,1631,0.6,0.6,normal
CUST_0531,471,11,4,15,0.7333,456,0.35,0.45,friction_prone
CUST_0532,748,22,2,24,0.9167,5864,0.82,0.9,high_value_loyal
CUST_0533,700,15,8,23,0.6522,554,0.3,0.25,low_engagement
CUST_0534,752,22,3,25,0.88,3154,0.82,0.9,high_value_loyal
CUST_0535,423,13,1,14,0.9286,9171,0.82,0.9,high_value_loyal
CUST_0536,251,7,1,8,0.875,311,0.3,0.25,low_engagement
CUST_0537,427,8,6,14,0.5714,487,0.3,0.25,low_engagement
CUST_0538,117,1,2,3,0.3333,1369,0.35,0.45,friction_prone
CUST_0539,69,2,0,2,1.0,8400,0.82,0.9,high_value_loyal
CUST_0540,831,21,6,27,0.7778,1465,0.35,0.45,friction_prone
CUST_0541,268,8,0,8,1.0,1561,0.8,0.85,reliable
CUST_0542,46,1,0,1,1.0,923,0.35,0.45,friction_prone
CUST_0543,765,21,4,25,0.84,805,0.3,0.25,low_engagement
CUST_0544,138,4,0,4,1.0,2581,0.8,0.85,reliable
CUST_0545,759,20,5,25,0.8,449,0.3,0.25,low_engagement
CUST_0546,278,5,4,9,0.5556,363,0.35,0.45,friction_prone
CUST_0547,603,16,4,20,0.8,1379,0.35,0.45,friction_prone
CUST_0548,677,22,0,22,1.0,5403,0.82,0.9,high_value_loyal
CUST_0549,374,11,1,12,0.9167,1684,0.8,0.85,reliable
CUST_0550,746,22,2,24,0.9167,5609,0.82,0.9,high_value_loyal
CUST_0551,176,3,2,5,0.6,869,0.6,0.6,normal
CUST_0552,930,20,11,31,0.6452,502,0.3,0.25,low_engagement
CUST_0553,763,24,1,25,0.96,1800,0.8,0.85,reliable
CUST_0554,891,27,2,29,0.931,1014,0.6,0.6,normal
CUST_0555,573,18,1,19,0.9474,6807,0.82,0.9,high_value_loyal
CUST_0556,706,15,8,23,0.6522,895,0.35,0.45,friction_prone
CUST_0557,345,9,2,11,0.8182,586,0.8,0.85,reliable
CUST_0558,122,4,0,4,1.0,3519,0.82,0.9,high_value_loyal
CUST_0559,561,17,1,18,0.9444,673,0.8,0.85,reliable
CUST_0560,319,10,0,10,1.0,852,0.6,0.6,normal
CUST_0561,108,3,0,3,1.0,2201,0.8,0.85,reliable
CUST_0562,45,1,0,1,1.0,2718,0.8,0.85,reliable
CUST_0563,971,28,4,32,0.875,578,0.3,0.25,low_engagement
CUST_0564,606,19,1,20,0.95,3299,0.82,0.9,high_value_loyal
CUST_0565,735,16,8,24,0.6667,279,0.35,0.45,friction_prone
CUST_0566,537,17,0,17,1.0,4674,0.82,0.9,high_value_loyal
CUST_0567,761,22,3,25,0.88,1104,0.3,0.25,low_engagement
CUST_0568,383,10,2,12,0.8333,458,0.6,0.6,normal
CUST_0569,186,6,0,6,1.0,860,0.3,0.25,low_engagement
CUST_0570,368,11,1,12,0.9167,8037,0.82,0.9,high_value_loyal
CUST_0571,176,3,2,5,0.6,1347,0.6,0.6,normal
CUST_0572,465,13,2,15,0.8667,9828,0.82,0.9,high_value_loyal
CUST_0573,758,17,8,25,0.68,872,0.35,0.45,friction_prone
CUST_0574,962,30,2,32,0.9375,755,0.8,0.85,reliable
CUST_0575,129,2,2,4,0.5,234,0.35,0.45,friction_prone
CUST_0576,887,21,8,29,0.7241,376,0.35,0.45,friction_prone
CUST_0577,982,27,5,32,0.8438,701,0.3,0.25,low_engagement
CUST_0578,622,14,6,20,0.7,1251,0.35,0.45,friction_prone
CUST_0579,294,8,1,9,0.8889,1648,0.6,0.6,normal
CUST_0580,952,24,7,31,0.7742,992,0.3,0.25,low_engagement
CUST_0581,621,10,10,20,0.5,502,0.35,0.45,friction_prone
CUST_0582,934,27,4,31,0.871,1671,0.6,0.6,normal
CUST_0583,57,1,0,1,1.0,823,0.3,0.25,low_engagement
CUST_0584,816,26,1,27,0.963,1643,0.6,0.6,normal
CUST_0585,852,26,2,28,0.9286,8796,0.82,0.9,high_value_loyal
CUST_0586,294,8,1,9,0.8889,1110,0.3,0.25,low_engagement
CUST_0587,732,23,1,24,0.9583,1140,0.3,0.25,low_engagement
CUST_0588,612,13,7,20,0.65,319,0.3,0.25,low_engagement
CUST_0589,614,18,2,20,0.9,1148,0.6,0.6,normal
CUST_0590,311,9,1,10,0.9,1993,0.6,0.6,normal
CUST_0591,632,20,1,21,0.9524,9127,0.82,0.9,high_value_loyal
CUST_0592,408,13,0,13,1.0,440,0.3,0.25,low_engagement
CUST_0593,973,29,3,32,0.9062,6277,0.82,0.9,high_value_loyal
CUST_0594,33,1,0,1,1.0,884,0.35,0.45,friction_prone
CUST_0595,701,20,3,23,0.8696,7522,0.82,0.9,high_value_loyal
CUST_0596,914,25,5,30,0.8333,681,0.3,0.25,low_engagement
CUST_0597,102,2,1,3,0.6667,7401,0.82,0.9,high_value_loyal
CUST_0598,762,25,0,25,1.0,2476,0.8,0.85,reliable
CUST_0599,300,9,1,10,0.9,1732,0.6,0.6,normal
CUST_0600,611,14,6,20,0.7,666,0.35,0.45,friction_prone
CUST_0601,901,29,1,30,0.9667,1960,0.8,0.85,reliable
CUST_0602,500,14,2,16,0.875,7405,0.82,0.9,high_value_loyal
CUST_0603,847,28,0,28,1.0,1304,0.8,0.85,reliable
CUST_0604,149,4,0,4,1.0,7901,0.82,0.9,high_value_loyal
CUST_0605,337,11,0,11,1.0,9181,0.82,0.9,high_value_loyal
CUST_0606,645,21,0,21,1.0,8513,0.82,0.9,high_value_loyal
CUST_0607,126,3,1,4,0.75,574,0.35,0.45,friction_prone
CUST_0608,827,25,2,27,0.9259,927,0.6,0.6,normal
CUST_0609,774,16,9,25,0.64,1230,0.35,0.45,friction_prone
CUST_0610,906,24,6,30,0.8,7602,0.82,0.9,high_value_loyal
CUST_0611,478,15,0,15,1.0,1379,0.8,0.85,reliable
CUST_0612,358,11,0,11,1.0,1296,0.6,0.6,normal
CUST_0613,881,27,2,29,0.931,1123,0.8,0.85,reliable
CUST_0614,104,3,0,3,1.0,1085,0.35,0.45,friction_prone
CUST_0615,441,14,0,14,1.0,1952,0.8,0.85,reliable
CUST_0616,186,5,1,6,0.8333,240,0.3,0.25,low_engagement
CUST_0617,583,10,9,19,0.5263,727,0.6,0.6,normal
CUST_0618,80,2,0,2,1.0,4684,0.82,0.9,high_value_loyal
CUST_0619,634,20,1,21,0.9524,6279,0.82,0.9,high_value_loyal
CUST_0620,393,12,1,13,0.9231,1824,0.8,0.85,reliable
CUST_0621,174,5,0,5,1.0,2424,0.8,0.85,reliable
CUST_0622,92,3,0,3,1.0,1700,0.8,0.85,reliable
CUST_0623,662,13,9,22,0.5909,1034,0.35,0.45,friction_prone
CUST_0624,582,17,2,19,0.8947,1025,0.8,0.85,reliable
CUST_0625,702,16,7,23,0.6957,1258,0.35,0.45,friction_prone
CUST_0626,934,21,10,31,0.6774,545,0.3,0.25,low_engagement
CUST_0627,943,18,13,31,0.5806,234,0.35,0.45,friction_prone
CUST_0628,781,21,5,26,0.8077,1368,0.6,0.6,normal
CUST_0629,945,27,4,31,0.871,4686,0.82,0.9,high_value_loyal
CUST_0630,175,5,0,5,1.0,3840,0.82,0.9,high_value_loyal
CUST_0631,512,12,5,17,0.7059,926,0.3,0.25,low_engagement
CUST_0632,806,25,1,26,0.9615,4813,0.82,0.9,high_value_loyal
CUST_0633,474,10,5,15,0.6667,320,0.3,0.25,low_engagement
CUST_0634,399,12,1,13,0.9231,1824,0.6,0.6,normal
CUST_0635,715,22,1,23,0.9565,8310,0.82,0.9,high_value_loyal
CUST_0636,788,14,12,26,0.5385,428,0.35,0.45,friction_prone
CUST_0637,625,18,2,20,0.9,1935,0.6,0.6,normal
CUST_0638,658,17,4,21,0.8095,1328,0.35,0.45,friction_prone
CUST_0639,226,4,3,7,0.5714,923,0.3,0.25,low_engagement
CUST_0640,852,15,13,28,0.5357,1142,0.35,0.45,friction_prone
CUST_0641,478,12,3,15,0.8,945,0.3,0.25,low_engagement
CUST_0642,760,23,2,25,0.92,1160,0.8,0.85,reliable
CUST_0643,284,6,3,9,0.6667,1126,0.6,0.6,normal
CUST_0644,747,20,4,24,0.8333,372,0.3,0.25,low_engagement
CUST_0645,571,18,1,19,0.9474,1227,0.8,0.85,reliable
CUST_0646,182,2,4,6,0.3333,323,0.3,0.25,low_engagement
CUST_0647,987,20,12,32,0.625,856,0.35,0.45,friction_prone
CUST_0648,606,18,2,20,0.9,915,0.3,0.25,low_engagement
CUST_0649,570,18,1,19,0.9474,2583,0.8,0.85,reliable
CUST_0650,727,12,12,24,0.5,291,0.35,0.45,friction_prone
CUST_0651,175,4,1,5,0.8,1754,0.6,0.6,normal
CUST_0652,239,4,3,7,0.5714,588,0.35,0.45,friction_prone
CUST_0653,289,9,0,9,1.0,9481,0.82,0.9,high_value_loyal
CUST_0654,98,2,1,3,0.6667,5101,0.82,0.9,high_value_loyal
CUST_0655,321,9,1,10,0.9,4041,0.82,0.9,high_value_loyal
CUST_0656,66,2,0,2,1.0,434,0.3,0.25,low_engagement
CUST_0657,883,28,1,29,0.9655,2297,0.8,0.85,reliable
CUST_0658,922,30,0,30,1.0,2081,0.8,0.85,reliable
CUST_0659,732,16,8,24,0.6667,1308,0.35,0.45,friction_prone
CUST_0660,441,12,2,14,0.8571,1759,0.6,0.6,normal
CUST_0661,612,18,2,20,0.9,620,0.6,0.6,normal
CUST_0662,989,30,2,32,0.9375,4663,0.82,0.9,high_value_loyal
CUST_0663,248,7,1,8,0.875,921,0.6,0.6,normal
CUST_0664,851,26,2,28,0.9286,2514,0.8,0.85,reliable
CUST_0665,382,6,6,12,0.5,528,0.3,0.25,low_engagement
CUST_0666,758,16,9,25,0.64,881,0.35,0.45,friction_prone
CUST_0667,62,1,1,2,0.5,839,0.3,0.25,low_engagement
CUST_0668,782,25,1,26,0.9615,1026,0.8,0.85,reliable
CUST_0669,278,9,0,9,1.0,788,0.8,0.85,reliable
CUST_0670,626,17,3,20,0.85,1274,0.6,0.6,normal
CUST_0671,755,21,4,25,0.84,884,0.6,0.6,normal
CUST_0672,466,13,2,15,0.8667,1766,0.6,0.6,normal
CUST_0673,42,0,1,1,0.0,8525,0.82,0.9,high_value_loyal
CUST_0674,356,11,0,11,1.0,2546,0.8,0.85,reliable
CUST_0675,811,15,12,27,0.5556,509,0.35,0.45,friction_prone
CUST_0676,998,27,6,33,0.8182,324,0.3,0.25,low_engagement
CUST_0677,162,5,0,5,1.0,778,0.3,0.25,low_engagement
CUST_0678,94,3,0,3,1.0,5672,0.82,0.9,high_value_loyal
CUST_0679,961,26,6,32,0.8125,1920,0.6,0.6,normal
CUST_0680,758,16,9,25,0.64,1066,0.35,0.45,friction_prone
CUST_0681,335,11,0,11,1.0,2932,0.8,0.85,reliable
CUST_0682,806,25,1,26,0.9615,8920,0.82,0.9,high_value_loyal
CUST_0683,538,15,2,17,0.8824,1985,0.6,0.6,normal
CUST_0684,863,27,1,28,0.9643,1440,0.8,0.85,reliable
CUST_0685,533,15,2,17,0.8824,534,0.3,0.25,low_engagement
CUST_0686,432,11,3,14,0.7857,811,0.35,0.45,friction_prone
CUST_0687,937,21,10,31,0.6774,300,0.6,0.6,normal
CUST_0688,485,12,4,16,0.75,619,0.35,0.45,friction_prone
CUST_0689,971,30,2,32,0.9375,1613,0.8,0.85,reliable
CUST_0690,270,7,2,9,0.7778,1765,0.6,0.6,normal
CUST_0691,323,10,0,10,1.0,1920,0.8,0.85,reliable
CUST_0692,208,5,1,6,0.8333,7051,0.82,0.9,high_value_loyal
CUST_0693,447,11,3,14,0.7857,813,0.3,0.25,low_engagement
CUST_0694,583,9,10,19,0.4737,885,0.35,0.45,friction_prone
CUST_0695,149,3,1,4,0.75,7285,0.82,0.9,high_value_loyal
CUST_0696,254,7,1,8,0.875,9171,0.82,0.9,high_value_loyal
CUST_0697,763,23,2,25,0.92,914,0.6,0.6,normal
CUST_0698,427,10,4,14,0.7143,400,0.35,0.45,friction_prone
CUST_0699,735,21,3,24,0.875,3777,0.82,0.9,high_value_loyal
CUST_0700,730,24,0,24,1.0,2491,0.8,0.85,reliable
CUST_0701,35,1,0,1,1.0,1824,0.6,0.6,normal
CUST_0702,821,23,4,27,0.8519,478,0.6,0.6,normal
CUST_0703,928,22,8,30,0.7333,480,0.35,0.45,friction_prone
CUST_0704,972,24,8,32,0.75,1121,0.35,0.45,friction_prone
CUST_0705,886,22,7,29,0.7586,723,0.3,0.25,low_engagement
CUST_0706,425,13,1,14,0.9286,8153,0.82,0.9,high_value_loyal
CUST_0707,986,22,10,32,0.6875,890,0.35,0.45,friction_prone
CUST_0708,938,25,6,31,0.8065,1040,0.6,0.6,normal
CUST_0709,72,2,0,2,1.0,2746,0.8,0.85,reliable
CUST_0710,304,9,1,10,0.9,491,0.3,0.25,low_engagement
CUST_0711,276,9,0,9,1.0,4801,0.82,0.9,high_value_loyal
CUST_0712,855,23,5,28,0.8214,1087,0.6,0.6,normal
CUST_0713,798,22,4,26,0.8462,224,0.3,0.25,low_engagement
CUST_0714,279,9,0,9,1.0,634,0.3,0.25,low_engagement
CUST_0715,477,13,2,15,0.8667,1150,0.8,0.85,reliable
CUST_0716,660,21,1,22,0.9545,1187,0.8,0.85,reliable
CUST_0717,47,1,0,1,1.0,700,0.6,0.6,normal
CUST_0718,759,20,5,25,0.8,1001,0.3,0.25,low_engagement
CUST_0719,503,14,2,16,0.875,1264,0.35,0.45,friction_prone
CUST_0720,835,20,7,27,0.7407,818,0.35,0.45,friction_prone
CUST_0721,280,9,0,9,1.0,3420,0.82,0.9,high_value_loyal
CUST_0722,1000,29,4,33,0.8788,1940,0.6,0.6,normal
CUST_0723,629,17,3,20,0.85,603,0.3,0.25,low_engagement
CUST_0724,72,2,0,2,1.0,572,0.6,0.6,normal
CUST_0725,458,12,3,15,0.8,1677,0.6,0.6,normal
CUST_0726,146,4,0,4,1.0,6048,0.82,0.9,high_value_loyal
CUST_0727,294,9,0,9,1.0,7260,0.82,0.9,high_value_loyal
CUST_0728,855,20,8,28,0.7143,1476,0.35,0.45,friction_prone
CUST_0729,980,29,3,32,0.9062,8712,0.82,0.9,high_value_loyal
CUST_0730,82,2,0,2,1.0,573,0.6,0.6,normal
CUST_0731,893,23,6,29,0.7931,1442,0.35,0.45,friction_prone
CUST_0732,735,20,4,24,0.8333,1780,0.6,0.6,normal
CUST_0733,319,10,0,10,1.0,1359,0.8,0.85,reliable
CUST_0734,701,22,1,23,0.9565,5052,0.82,0.9,high_value_loyal
CUST_0735,125,3,1,4,0.75,4966,0.82,0.9,high_value_loyal
CUST_0736,648,19,2,21,0.9048,804,0.3,0.25,low_engagement
CUST_0737,978,25,7,32,0.7812,1174,0.3,0.25,low_engagement
CUST_0738,274,8,1,9,0.8889,9002,0.82,0.9,high_value_loyal
CUST_0739,817,22,5,27,0.8148,399,0.35,0.45,friction_prone
CUST_0740,346,6,5,11,0.5455,753,0.35,0.45,friction_prone
CUST_0741,146,4,0,4,1.0,1394,0.6,0.6,normal
CUST_0742,553,15,3,18,0.8333,8648,0.82,0.9,high_value_loyal
CUST_0743,228,4,3,7,0.5714,1026,0.3,0.25,low_engagement
CUST_0744,824,19,8,27,0.7037,287,0.3,0.25,low_engagement
CUST_0745,893,24,5,29,0.8276,1812,0.6,0.6,normal
CUST_0746,446,8,6,14,0.5714,634,0.35,0.45,friction_prone
CUST_0747,849,19,9,28,0.6786,615,0.3,0.25,low_engagement
CUST_0748,139,3,1,4,0.75,283,0.3,0.25,low_engagement
CUST_0749,202,3,3,6,0.5,459,0.35,0.45,friction_prone
CUST_0750,785,21,5,26,0.8077,1319,0.6,0.6,normal
CUST_0751,147,4,0,4,1.0,1255,0.8,0.85,reliable
CUST_0752,152,4,1,5,0.8,247,0.3,0.25,low_engagement
CUST_0753,730,22,2,24,0.9167,1494,0.8,0.85,reliable
CUST_0754,530,16,1,17,0.9412,3534,0.82,0.9,high_value_loyal
CUST_0755,495,14,2,16,0.875,1156,0.3,0.25,low_engagement
CUST_0756,142,4,0,4,1.0,1648,0.6,0.6,normal
CUST_0757,848,19,9,28,0.6786,1023,0.3,0.25,low_engagement
CUST_0758,630,19,2,21,0.9048,289,0.35,0.45,friction_prone
CUST_0759,508,11,5,16,0.6875,728,0.6,0.6,normal
CUST_0760,378,12,0,12,1.0,526,0.8,0.85,reliable
CUST_0761,866,25,3,28,0.8929,3257,0.82,0.9,high_value_loyal
CUST_0762,773,25,0,25,1.0,2674,0.8,0.85,reliable
CUST_0763,950,23,8,31,0.7419,865,0.3,0.25,low_engagement
CUST_0764,759,21,4,25,0.84,839,0.3,0.25,low_engagement
CUST_0765,103,3,0,3,1.0,9227,0.82,0.9,high_value_loyal
CUST_0766,501,9,7,16,0.5625,1184,0.35,0.45,friction_prone
CUST_0767,479,14,1,15,0.9333,2735,0.8,0.85,reliable
CUST_0768,644,21,0,21,1.0,1356,0.6,0.6,normal
CUST_0769,572,16,3,19,0.8421,1457,0.35,0.45,friction_prone
CUST_0770,501,12,4,16,0.75,741,0.3,0.25,low_engagement
CUST_0771,297,9,0,9,1.0,1268,0.8,0.85,reliable
CUST_0772,693,23,0,23,1.0,1094,0.3,0.25,low_engagement
CUST_0773,871,28,1,29,0.9655,1488,0.8,0.85,reliable
CUST_0774,744,18,6,24,0.75,344,0.3,0.25,low_engagement
CUST_0775,122,4,0,4,1.0,1006,0.8,0.85,reliable
CUST_0776,79,2,0,2,1.0,807,0.3,0.25,low_engagement
CUST_0777,676,18,4,22,0.8182,1257,0.8,0.85,reliable
CUST_0778,870,23,6,29,0.7931,1609,0.6,0.6,normal
CUST_0779,323,8,2,10,0.8,361,0.3,0.25,low_engagement
CUST_0780,651,18,3,21,0.8571,1823,0.6,0.6,normal
CUST_0781,561,17,1,18,0.9444,1371,0.8,0.85,reliable
CUST_0782,209,6,0,6,1.0,2286,0.8,0.85,reliable
CUST_0783,141,3,1,4,0.75,1124,0.3,0.25,low_engagement
CUST_0784,666,20,2,22,0.9091,1666,0.6,0.6,normal
CUST_0785,492,11,5,16,0.6875,1373,0.35,0.45,friction_prone
CUST_0786,995,26,7,33,0.7879,501,0.3,0.25,low_engagement
CUST_0787,824,20,7,27,0.7407,1850,0.6,0.6,normal
CUST_0788,886,28,1,29,0.9655,1096,0.8,0.85,reliable
CUST_0789,856,24,4,28,0.8571,453,0.6,0.6,normal
CUST_0790,714,23,0,23,1.0,1403,0.8,0.85,reliable
CUST_0791,306,8,2,10,0.8,466,0.35,0.45,friction_prone
CUST_0792,170,4,1,5,0.8,1045,0.3,0.25,low_engagement
CUST_0793,974,29,3,32,0.9062,9146,0.82,0.9,high_value_loyal
CUST_0794,273,7,2,9,0.7778,8471,0.82,0.9,high_value_loyal
CUST_0795,333,9,2,11,0.8182,491,0.3,0.25,low_engagement
CUST_0796,272,9,0,9,1.0,2602,0.8,0.85,reliable
CUST_0797,967,29,3,32,0.9062,1309,0.6,0.6,normal
CUST_0798,587,15,4,19,0.7895,844,0.3,0.25,low_engagement
CUST_0799,365,9,3,12,0.75,1270,0.35,0.45,friction_prone
CUST_0800,104,2,1,3,0.6667,1235,0.6,0.6,normal
CUST_0801,70,2,0,2,1.0,898,0.3,0.25,low_engagement
CUST_0802,270,8,1,9,0.8889,269,0.35,0.45,friction_prone
CUST_0803,738,20,4,24,0.8333,383,0.3,0.25,low_engagement
CUST_0804,946,27,4,31,0.871,1116,0.6,0.6,normal
CUST_0805,728,21,3,24,0.875,1022,0.6,0.6,normal
CUST_0806,331,6,5,11,0.5455,1123,0.3,0.25,low_engagement
CUST_0807,986,23,9,32,0.7188,216,0.3,0.25,low_engagement
CUST_0808,358,8,3,11,0.7273,1052,0.3,0.25,low_engagement
CUST_0809,965,31,1,32,0.9688,946,0.8,0.85,reliable
CUST_0810,818,20,7,27,0.7407,1395,0.35,0.45,friction_prone
CUST_0811,455,12,3,15,0.8,524,0.3,0.25,low_engagement
CUST_0812,324,5,5,10,0.5,1103,0.3,0.25,low_engagement
CUST_0813,73,2,0,2,1.0,1440,0.8,0.85,reliable
CUST_0814,692,20,3,23,0.8696,933,0.3,0.25,low_engagement
CUST_0815,177,4,1,5,0.8,8220,0.82,0.9,high_value_loyal
CUST_0816,766,23,2,25,0.92,6089,0.82,0.9,high_value_loyal
CUST_0817,936,31,0,31,1.0,918,0.8,0.85,reliable
CUST_0818,84,2,0,2,1.0,6600,0.82,0.9,high_value_loyal
CUST_0819,690,20,3,23,0.8696,1741,0.8,0.85,reliable
CUST_0820,596,17,2,19,0.8947,340,0.6,0.6,normal
CUST_0821,370,9,3,12,0.75,378,0.3,0.25,low_engagement
CUST_0822,101,3,0,3,1.0,7881,0.82,0.9,high_value_loyal
CUST_0823,807,25,1,26,0.9615,7248,0.82,0.9,high_value_loyal
CUST_0824,548,10,8,18,0.5556,441,0.3,0.25,low_engagement
CUST_0825,690,21,2,23,0.913,7189,0.82,0.9,high_value_loyal
CUST_0826,88,2,0,2,1.0,310,0.6,0.6,normal
CUST_0827,455,11,4,15,0.7333,970,0.3,0.25,low_engagement
CUST_0828,84,2,0,2,1.0,1679,0.6,0.6,normal
CUST_0829,148,4,0,4,1.0,995,0.8,0.85,reliable
CUST_0830,768,23,2,25,0.92,771,0.3,0.25,low_engagement
CUST_0831,670,20,2,22,0.9091,5828,0.82,0.9,high_value_loyal
CUST_0832,827,21,6,27,0.7778,1526,0.6,0.6,normal
CUST_0833,92,3,0,3,1.0,636,0.3,0.25,low_engagement
CUST_0834,52,1,0,1,1.0,333,0.3,0.25,low_engagement
CUST_0835,910,24,6,30,0.8,804,0.6,0.6,normal
CUST_0836,521,12,5,17,0.7059,384,0.35,0.45,friction_prone
CUST_0837,195,6,0,6,1.0,3879,0.82,0.9,high_value_loyal
CUST_0838,636,19,2,21,0.9048,350,0.6,0.6,normal
CUST_0839,608,19,1,20,0.95,2112,0.8,0.85,reliable
CUST_0840,872,28,1,29,0.9655,8795,0.82,0.9,high_value_loyal
CUST_0841,617,13,7,20,0.65,446,0.35,0.45,friction_prone
CUST_0842,421,12,2,14,0.8571,4727,0.82,0.9,high_value_loyal
CUST_0843,715,15,8,23,0.6522,845,0.3,0.25,low_engagement
CUST_0844,127,1,3,4,0.25,371,0.35,0.45,friction_prone
CUST_0845,408,10,3,13,0.7692,1581,0.6,0.6,normal
CUST_0846,326,4,6,10,0.4,662,0.3,0.25,low_engagement
CUST_0847,564,14,4,18,0.7778,1419,0.35,0.45,friction_prone
CUST_0848,123,3,1,4,0.75,7093,0.82,0.9,high_value_loyal
CUST_0849,306,6,4,10,0.6,880,0.3,0.25,low_engagement
CUST_0850,303,10,0,10,1.0,1516,0.8,0.85,reliable
CUST_0851,529,12,5,17,0.7059,879,0.6,0.6,normal
CUST_0852,415,12,1,13,0.9231,564,0.3,0.25,low_engagement
CUST_0853,808,20,6,26,0.7692,315,0.3,0.25,low_engagement
CUST_0854,947,24,7,31,0.7742,397,0.3,0.25,low_engagement
CUST_0855,310,6,4,10,0.6,729,0.35,0.45,friction_prone
CUST_0856,581,16,3,19,0.8421,471,0.3,0.25,low_engagement
CUST_0857,462,11,4,15,0.7333,521,0.3,0.25,low_engagement
CUST_0858,143,4,0,4,1.0,2456,0.8,0.85,reliable
CUST_0859,282,8,1,9,0.8889,1301,0.35,0.45,friction_prone
CUST_0860,856,21,7,28,0.75,534,0.3,0.25,low_engagement
CUST_0861,298,8,1,9,0.8889,6691,0.82,0.9,high_value_loyal
CUST_0862,816,19,8,27,0.7037,1125,0.35,0.45,friction_prone
CUST_0863,932,28,3,31,0.9032,5935,0.82,0.9,high_value_loyal
CUST_0864,983,30,2,32,0.9375,9153,0.82,0.9,high_value_loyal
CUST_0865,545,14,4,18,0.7778,1216,0.6,0.6,normal
CUST_0866,818,17,10,27,0.6296,992,0.35,0.45,friction_prone
CUST_0867,876,25,4,29,0.8621,1672,0.6,0.6,normal
CUST_0868,297,7,2,9,0.7778,1331,0.35,0.45,friction_prone
CUST_0869,45,1,0,1,1.0,1812,0.8,0.85,reliable
CUST_0870,689,19,3,22,0.8636,1220,0.6,0.6,normal
CUST_0871,289,9,0,9,1.0,717,0.6,0.6,normal
CUST_0872,694,18,5,23,0.7826,389,0.3,0.25,low_engagement
CUST_0873,209,5,1,6,0.8333,361,0.6,0.6,normal
CUST_0874,891,23,6,29,0.7931,802,0.3,0.25,low_engagement
CUST_0875,882,16,13,29,0.5517,660,0.35,0.45,friction_prone
CUST_0876,31,0,1,1,0.0,1309,0.35,0.45,friction_prone
CUST_0877,132,2,2,4,0.5,1466,0.35,0.45,friction_prone
CUST_0878,72,2,0,2,1.0,9332,0.82,0.9,high_value_loyal
CUST_0879,808,24,2,26,0.9231,279,0.3,0.25,low_engagement
CUST_0880,495,10,6,16,0.625,766,0.3,0.25,low_engagement
CUST_0881,809,25,1,26,0.9615,1225,0.8,0.85,reliable
CUST_0882,174,5,0,5,1.0,1748,0.6,0.6,normal
CUST_0883,768,13,12,25,0.52,1140,0.35,0.45,friction_prone
CUST_0884,246,4,4,8,0.5,1912,0.6,0.6,normal
CUST_0885,35,1,0,1,1.0,1194,0.35,0.45,friction_prone
CUST_0886,697,16,7,23,0.6957,1064,0.3,0.25,low_engagement
CUST_0887,937,29,2,31,0.9355,7275,0.82,0.9,high_value_loyal
CUST_0888,453,13,2,15,0.8667,9592,0.82,0.9,high_value_loyal
CUST_0889,860,16,12,28,0.5714,1117,0.35,0.45,friction_prone
CUST_0890,632,15,6,21,0.7143,402,0.6,0.6,normal
CUST_0891,398,11,2,13,0.8462,8152,0.82,0.9,high_value_loyal
CUST_0892,778,18,7,25,0.72,370,0.35,0.45,friction_prone
CUST_0893,30,0,1,1,0.0,1665,0.6,0.6,normal
CUST_0894,216,6,1,7,0.8571,1155,0.6,0.6,normal
CUST_0895,110,3,0,3,1.0,1249,0.8,0.85,reliable
CUST_0896,847,18,10,28,0.6429,224,0.35,0.45,friction_prone
CUST_0897,736,20,4,24,0.8333,997,0.6,0.6,normal
CUST_0898,76,2,0,2,1.0,421,0.6,0.6,normal
CUST_0899,528,17,0,17,1.0,8870,0.82,0.9,high_value_loyal
CUST_0900,708,20,3,23,0.8696,821,0.6,0.6,normal
CUST_0901,626,16,4,20,0.8,1345,0.6,0.6,normal
CUST_0902,278,6,3,9,0.6667,885,0.35,0.45,friction_prone
CUST_0903,372,10,2,12,0.8333,3380,0.82,0.9,high_value_loyal
CUST_0904,893,25,4,29,0.8621,1909,0.6,0.6,normal
CUST_0905,564,17,1,18,0.9444,2063,0.8,0.85,reliable
CUST_0906,559,12,6,18,0.6667,518,0.3,0.25,low_engagement
CUST_0907,703,23,0,23,1.0,2226,0.8,0.85,reliable
CUST_0908,621,15,5,20,0.75,284,0.35,0.45,friction_prone
CUST_0909,545,17,1,18,0.9444,346,0.6,0.6,normal
CUST_0910,642,15,6,21,0.7143,466,0.6,0.6,normal
CUST_0911,991,29,4,33,0.8788,1625,0.6,0.6,normal
CUST_0912,415,8,5,13,0.6154,1163,0.3,0.25,low_engagement
CUST_0913,742,20,4,24,0.8333,1108,0.3,0.25,low_engagement
CUST_0914,767,20,5,25,0.8,1454,0.6,0.6,normal
CUST_0915,541,11,7,18,0.6111,1229,0.35,0.45,friction_prone
CUST_0916,856,25,3,28,0.8929,6014,0.82,0.9,high_value_loyal
CUST_0917,151,3,2,5,0.6,1176,0.3,0.25,low_engagement
CUST_0918,696,16,7,23,0.6957,542,0.35,0.45,friction_prone
CUST_0919,984,27,5,32,0.8438,1482,0.6,0.6,normal
CUST_0920,439,14,0,14,1.0,6010,0.82,0.9,high_value_loyal
CUST_0921,694,16,7,23,0.6957,536,0.35,0.45,friction_prone
CUST_0922,233,7,0,7,1.0,609,0.8,0.85,reliable
CUST_0923,690,19,4,23,0.8261,910,0.3,0.25,low_engagement
CUST_0924,830,24,3,27,0.8889,1443,0.6,0.6,normal
CUST_0925,677,14,8,22,0.6364,217,0.3,0.25,low_engagement
CUST_0926,802,24,2,26,0.9231,969,0.8,0.85,reliable
CUST_0927,86,2,0,2,1.0,703,0.3,0.25,low_engagement
CUST_0928,137,3,1,4,0.75,1344,0.35,0.45,friction_prone
CUST_0929,820,23,4,27,0.8519,358,0.35,0.45,friction_prone
CUST_0930,814,24,3,27,0.8889,785,0.3,0.25,low_engagement
CUST_0931,799,22,4,26,0.8462,785,0.6,0.6,normal
CUST_0932,993,31,2,33,0.9394,1415,0.6,0.6,normal
CUST_0933,538,17,0,17,1.0,3308,0.82,0.9,high_value_loyal
CUST_0934,786,25,1,26,0.9615,737,0.3,0.25,low_engagement
CUST_0935,900,22,8,30,0.7333,470,0.3,0.25,low_engagement
CUST_0936,568,18,0,18,1.0,1145,0.8,0.85,reliable
CUST_0937,38,0,1,1,0.0,2838,0.8,0.85,reliable
CUST_0938,162,5,0,5,1.0,5468,0.82,0.9,high_value_loyal
CUST_0939,386,10,2,12,0.8333,511,0.3,0.25,low_engagement
CUST_0940,981,30,2,32,0.9375,4812,0.82,0.9,high_value_loyal
CUST_0941,104,3,0,3,1.0,1338,0.8,0.85,reliable
CUST_0942,941,20,11,31,0.6452,513,0.35,0.45,friction_prone
CUST_0943,692,22,1,23,0.9565,1314,0.8,0.85,reliable
CUST_0944,166,5,0,5,1.0,976,0.6,0.6,normal
CUST_0945,617,18,2,20,0.9,9130,0.82,0.9,high_value_loyal
CUST_0946,207,6,0,6,1.0,2882,0.8,0.85,reliable
CUST_0947,818,21,6,27,0.7778,759,0.3,0.25,low_engagement
CUST_0948,777,25,0,25,1.0,9575,0.82,0.9,high_value_loyal
CUST_0949,830,22,5,27,0.8148,1199,0.3,0.25,low_engagement
CUST_0950,495,16,0,16,1.0,917,0.8,0.85,reliable
CUST_0951,209,6,0,6,1.0,634,0.6,0.6,normal
CUST_0952,399,12,1,13,0.9231,2710,0.8,0.85,reliable
CUST_0953,237,5,2,7,0.7143,1341,0.6,0.6,normal
CUST_0954,624,17,3,20,0.85,1098,0.3,0.25,low_engagement
CUST_0955,788,19,7,26,0.7308,525,0.3,0.25,low_engagement
CUST_0956,805,22,4,26,0.8462,659,0.35,0.45,friction_prone
CUST_0957,95,2,1,3,0.6667,493,0.6,0.6,normal
CUST_0958,830,23,4,27,0.8519,1205,0.6,0.6,normal
CUST_0959,521,15,2,17,0.8824,1028,0.3,0.25,low_engagement
CUST_0960,213,7,0,7,1.0,1929,0.6,0.6,normal
CUST_0961,318,10,0,10,1.0,2164,0.8,0.85,reliable
CUST_0962,654,21,0,21,1.0,393,0.3,0.25,low_engagement
CUST_0963,33,1,0,1,1.0,690,0.8,0.85,reliable
CUST_0964,859,16,12,28,0.5714,617,0.35,0.45,friction_prone
CUST_0965,864,25,3,28,0.8929,1244,0.6,0.6,normal
CUST_0966,775,17,8,25,0.68,319,0.3,0.25,low_engagement
CUST_0967,970,29,3,32,0.9062,8146,0.82,0.9,high_value_loyal
CUST_0968,812,26,1,27,0.963,2991,0.8,0.85,reliable
CUST_0969,897,24,5,29,0.8276,766,0.3,0.25,low_engagement
CUST_0970,953,24,7,31,0.7742,895,0.3,0.25,low_engagement
CUST_0971,767,15,10,25,0.6,531,0.35,0.45,friction_prone
CUST_0972,929,28,2,30,0.9333,5583,0.82,0.9,high_value_loyal
CUST_0973,816,25,2,27,0.9259,8969,0.82,0.9,high_value_loyal
CUST_0974,253,6,2,8,0.75,387,0.35,0.45,friction_prone
CUST_0975,981,31,1,32,0.9688,1763,0.8,0.85,reliable
CUST_0976,124,4,0,4,1.0,574,0.3,0.25,low_engagement
CUST_0977,395,10,3,13,0.7692,832,0.6,0.6,normal
CUST_0978,897,22,7,29,0.7586,328,0.35,0.45,friction_prone
CUST_0979,215,6,1,7,0.8571,1248,0.35,0.45,friction_prone
CUST_0980,133,4,0,4,1.0,1270,0.8,0.85,reliable
CUST_0981,315,7,3,10,0.7,629,0.35,0.45,friction_prone
CUST_0982,169,5,0,5,1.0,5797,0.82,0.9,high_value_loyal
CUST_0983,654,21,0,21,1.0,2607,0.8,0.85,reliable
CUST_0984,334,8,3,11,0.7273,850,0.3,0.25,low_engagement
CUST_0985,386,12,0,12,1.0,846,0.3,0.25,low_engagement
CUST_0986,869,26,2,28,0.9286,2696,0.8,0.85,reliable
CUST_0987,823,26,1,27,0.963,1782,0.8,0.85,reliable
CUST_0988,581,16,3,19,0.8421,861,0.3,0.25,low_engagement
CUST_0989,387,6,6,12,0.5,813,0.35,0.45,friction_prone
CUST_0990,761,21,4,25,0.84,1596,0.6,0.6,normal
CUST_0991,491,13,3,16,0.8125,691,0.35,0.45,friction_prone
CUST_0992,527,16,1,17,0.9412,8107,0.82,0.9,high_value_loyal
CUST_0993,361,10,2,12,0.8333,4108,0.82,0.9,high_value_loyal
CUST_0994,249,7,1,8,0.875,8541,0.82,0.9,high_value_loyal
CUST_0995,494,11,5,16,0.6875,1366,0.35,0.45,friction_prone
CUST_0996,207,6,0,6,1.0,955,0.6,0.6,normal
CUST_0997,144,2,2,4,0.5,1129,0.35,0.45,friction_prone
CUST_0998,896,24,5,29,0.8276,1220,0.6,0.6,normal
CUST_0999,879,28,1,29,0.9655,2526,0.8,0.85,reliable
CUST_1000,888,21,8,29,0.7241,389,0.3,0.25,low_engagement
