failure_id,payment_id,customer_id,subscription_id,amount,failure_reason,behavior_profile,selected_action,estimated_recovery_probability,action_cost,expected_net_value,decision_margin
FAIL_000961,PAY_006433,CUST_0387,SUB_0387,524.81,CARD_EXPIRED,low_engagement,WAIT_AND_RETRY,0.3288,2.0,170.58,22.56
FAIL_001171,PAY_007919,CUST_0468,SUB_0468,1737.7,INSUFFICIENT_FUNDS,friction_prone,WAIT_AND_RETRY,0.438,2.0,759.06,82.26
FAIL_000318,PAY_002106,CUST_0125,SUB_0125,10848.47,NETWORK_ERROR,high_value_loyal,WAIT_AND_RETRY,0.6312,2.0,6845.29,499.08
FAIL_001802,PAY_011823,CUST_0694,SUB_0694,1377.46,BANK_DECLINED,friction_prone,WAIT_AND_RETRY,0.3719,2.0,510.31,61.37
FAIL_001125,PAY_007583,CUST_0449,SUB_0449,688.54,CARD_EXPIRED,low_engagement,WAIT_AND_RETRY,0.3283,2.0,224.05,29.26
FAIL_000980,PAY_006544,CUST_0396,SUB_0396,5752.09,BANK_DECLINED,high_value_loyal,WAIT_AND_RETRY,0.4792,2.0,2754.27,275.88
FAIL_001985,PAY_012686,CUST_0743,SUB_0743,1245.07,INSUFFICIENT_FUNDS,low_engagement,WAIT_AND_RETRY,0.3907,2.0,484.44,56.81
FAIL_002136,PAY_013654,CUST_0797,SUB_0797,802.81,BANK_DECLINED,normal,WAIT_AND_RETRY,0.4297,2.0,342.98,38.32
FAIL_001136,PAY_007722,CUST_0457,SUB_0457,1961.94,BANK_DECLINED,friction_prone,WAIT_AND_RETRY,0.3819,2.0,747.31,88.06
FAIL_001013,PAY_006822,CUST_0409,SUB_0409,432.26,NETWORK_ERROR,low_engagement,WAIT_AND_RETRY,0.4943,2.0,211.67,21.75
FAIL_001062,PAY_007221,CUST_0430,SUB_0430,2619.41,INSUFFICIENT_FUNDS,normal,WAIT_AND_RETRY,0.4897,2.0,1280.63,126.59
FAIL_001844,PAY_011998,CUST_0704,SUB_0704,685.76,BANK_DECLINED,friction_prone,WAIT_AND_RETRY,0.3806,2.0,258.99,31.38
FAIL_001945,PAY_012483,CUST_0731,SUB_0731,1784.87,BANK_DECLINED,friction_prone,WAIT_AND_RETRY,0.381,2.0,678.02,80.12
FAIL_000652,PAY_004454,CUST_0261,SUB_0261,768.63,INSUFFICIENT_FUNDS,low_engagement,WAIT_AND_RETRY,0.3917,2.0,299.1,35.49
FAIL_001827,PAY_011942,CUST_0702,SUB_0702,618.03,AUTHENTICATION_FAILED,normal,WAIT_AND_RETRY,0.446,2.0,273.65,30.06
FAIL_002459,PAY_015186,CUST_0890,SUB_0890,251.0,CARD_EXPIRED,normal,WAIT_AND_RETRY,0.409,2.0,100.65,12.46
FAIL_001748,PAY_011489,CUST_0676,SUB_0676,208.63,INSUFFICIENT_FUNDS,low_engagement,WAIT_AND_RETRY,0.4048,2.0,82.46,10.49
FAIL_002068,PAY_013098,CUST_0766,SUB_0766,1882.53,BANK_DECLINED,friction_prone,WAIT_AND_RETRY,0.3722,2.0,698.74,83.54
FAIL_001813,PAY_011872,CUST_0698,SUB_0698,636.44,AUTHENTICATION_FAILED,friction_prone,WAIT_AND_RETRY,0.3903,2.0,246.41,29.52
FAIL_001300,PAY_008527,CUST_0500,SUB_0500,878.95,NETWORK_ERROR,friction_prone,WAIT_AND_RETRY,0.5252,2.0,459.63,43.34
FAIL_002689,PAY_016559,CUST_0966,SUB_0966,231.48,AUTHENTICATION_FAILED,low_engagement,WAIT_AND_RETRY,0.3616,2.0,81.7,11.01
FAIL_001904,PAY_012258,CUST_0718,SUB_0718,799.44,INSUFFICIENT_FUNDS,low_engagement,WAIT_AND_RETRY,0.4015,2.0,318.96,37.24
FAIL_000547,PAY_003669,CUST_0215,SUB_0215,7312.97,LIMIT_EXCEEDED,high_value_loyal,WAIT_AND_RETRY,0.4444,2.0,3247.65,344.46
FAIL_001870,PAY_012077,CUST_0707,SUB_0707,933.74,INSUFFICIENT_FUNDS,friction_prone,WAIT_AND_RETRY,0.4387,2.0,407.59,44.69
FAIL_000498,PAY_003292,CUST_0192,SUB_0192,378.71,INSUFFICIENT_FUNDS,friction_prone,WAIT_AND_RETRY,0.4332,2.0,162.04,18.65
FAIL_001021,PAY_006874,CUST_0412,SUB_0412,449.29,INSUFFICIENT_FUNDS,low_engagement,WAIT_AND_RETRY,0.4027,2.0,178.93,21.39
FAIL_002499,PAY_015371,CUST_0903,SUB_0903,5512.84,CARD_EXPIRED,high_value_loyal,WAIT_AND_RETRY,0.4575,2.0,2520.37,261.92
FAIL_001903,PAY_012257,CUST_0718,SUB_0718,799.44,AUTHENTICATION_FAILED,low_engagement,WAIT_AND_RETRY,0.3632,2.0,288.35,35.64
FAIL_002122,PAY_013502,CUST_0789,SUB_0789,694.22,BANK_DECLINED,normal,WAIT_AND_RETRY,0.4273,2.0,294.66,33.21
FAIL_000721,PAY_004965,CUST_0298,SUB_0298,706.23,INSUFFICIENT_FUNDS,friction_prone,WAIT_AND_RETRY,0.4353,2.0,305.41,33.96
FAIL_000897,PAY_006013,CUST_0365,SUB_0365,578.62,BANK_DECLINED,normal,WAIT_AND_RETRY,0.4171,2.0,239.36,27.62
FAIL_001742,PAY_011470,CUST_0675,SUB_0675,859.71,NETWORK_ERROR,friction_prone,WAIT_AND_RETRY,0.5242,2.0,448.7,42.42
FAIL_000437,PAY_002871,CUST_0168,SUB_0168,1204.32,INSUFFICIENT_FUNDS,normal,WAIT_AND_RETRY,0.484,2.0,580.84,58.65
FAIL_000023,PAY_000168,CUST_0015,SUB_0015,1187.03,INSUFFICIENT_FUNDS,friction_prone,WAIT_AND_RETRY,0.436,2.0,515.6,56.44
FAIL_000605,PAY_004104,CUST_0243,SUB_0243,928.54,NETWORK_ERROR,friction_prone,WAIT_AND_RETRY,0.518,2.0,478.98,45.73
FAIL_001000,PAY_006694,CUST_0402,SUB_0402,568.13,CARD_EXPIRED,friction_prone,WAIT_AND_RETRY,0.3695,2.0,207.9,25.82
FAIL_001637,PAY_010851,CUST_0638,SUB_0638,1633.25,INSUFFICIENT_FUNDS,friction_prone,WAIT_AND_RETRY,0.4356,2.0,709.42,77.25
FAIL_002025,PAY_012817,CUST_0750,SUB_0750,1696.9,CARD_EXPIRED,normal,WAIT_AND_RETRY,0.414,2.0,700.53,78.86
FAIL_001573,PAY_010531,CUST_0623,SUB_0623,1621.46,BANK_DECLINED,friction_prone,WAIT_AND_RETRY,0.3748,2.0,605.65,72.32
FAIL_000797,PAY_005456,CUST_0330,SUB_0330,998.82,BANK_DECLINED,normal,WAIT_AND_RETRY,0.4285,2.0,425.95,47.39
FAIL_001698,PAY_011096,CUST_0651,SUB_0651,1314.12,INSUFFICIENT_FUNDS,normal,WAIT_AND_RETRY,0.476,2.0,623.57,63.73
FAIL_001866,PAY_012067,CUST_0707,SUB_0707,933.74,INSUFFICIENT_FUNDS,friction_prone,WAIT_AND_RETRY,0.4387,2.0,407.59,44.69
FAIL_000299,PAY_001947,CUST_0119,SUB_0119,15000.0,INSUFFICIENT_FUNDS,high_value_loyal,WAIT_AND_RETRY,0.5502,2.0,8251.61,721.62
FAIL_002608,PAY_016046,CUST_0935,SUB_0935,295.63,NETWORK_ERROR,low_engagement,WAIT_AND_RETRY,0.4917,2.0,143.37,15.18
FAIL_002712,PAY_016703,CUST_0971,SUB_0971,401.23,AUTHENTICATION_FAILED,friction_prone,WAIT_AND_RETRY,0.3941,2.0,156.13,19.05
FAIL_000190,PAY_001255,CUST_0082,SUB_0082,622.31,BANK_DECLINED,low_engagement,WAIT_AND_RETRY,0.3434,2.0,211.71,27.19
FAIL_000101,PAY_000568,CUST_0038,SUB_0038,1015.59,INSUFFICIENT_FUNDS,normal,WAIT_AND_RETRY,0.4773,2.0,482.75,49.5
FAIL_000604,PAY_004093,CUST_0242,SUB_0242,408.16,CARD_EXPIRED,low_engagement,WAIT_AND_RETRY,0.3276,2.0,131.73,17.73
FAIL_000816,PAY_005532,CUST_0336,SUB_0336,1661.44,INSUFFICIENT_FUNDS,friction_prone,WAIT_AND_RETRY,0.4344,2.0,719.68,78.5
FAIL_002590,PAY_015849,CUST_0926,SUB_0926,706.67,BANK_DECLINED,reliable,WAIT_AND_RETRY,0.4654,2.0,326.86,34.58
FAIL_001272,PAY_008376,CUST_0489,SUB_0489,8583.5,NETWORK_ERROR,high_value_loyal,WAIT_AND_RETRY,0.6238,2.0,5352.03,397.71
FAIL_000963,PAY_006437,CUST_0387,SUB_0387,524.81,AUTHENTICATION_FAILED,low_engagement,WAIT_AND_RETRY,0.3582,2.0,186.01,23.58
FAIL_002528,PAY_015549,CUST_0911,SUB_0911,2077.0,INSUFFICIENT_FUNDS,normal,WAIT_AND_RETRY,0.4909,2.0,1017.54,100.62
FAIL_001373,PAY_009066,CUST_0535,SUB_0535,11601.39,BANK_DECLINED,high_value_loyal,WAIT_AND_RETRY,0.4786,2.0,5550.68,555.3
FAIL_002112,PAY_013438,CUST_0786,SUB_0786,313.47,CARD_EXPIRED,low_engagement,WAIT_AND_RETRY,0.3364,2.0,103.46,14.04
FAIL_001163,PAY_007821,CUST_0462,SUB_0462,1399.49,NETWORK_ERROR,friction_prone,WAIT_AND_RETRY,0.5262,2.0,734.48,68.42
FAIL_000348,PAY_002276,CUST_0135,SUB_0135,771.04,INSUFFICIENT_FUNDS,friction_prone,WAIT_AND_RETRY,0.4392,2.0,336.63,37.09
FAIL_000696,PAY_004766,CUST_0281,SUB_0281,913.36,NETWORK_ERROR,normal,WAIT_AND_RETRY,0.5751,2.0,523.27,44.54
FAIL_001939,PAY_012430,CUST_0728,SUB_0728,1036.92,AUTHENTICATION_FAILED,friction_prone,WAIT_AND_RETRY,0.3975,2.0,410.15,47.82
FAIL_002094,PAY_013341,CUST_0780,SUB_0780,2075.84,BANK_DECLINED,normal,WAIT_AND_RETRY,0.4255,2.0,881.3,97.18
FAIL_002522,PAY_015512,CUST_0910,SUB_0910,293.13,NETWORK_ERROR,normal,WAIT_AND_RETRY,0.5716,2.0,165.54,14.99
FAIL_001812,PAY_011861,CUST_0697,SUB_0697,671.72,LIMIT_EXCEEDED,normal,WAIT_AND_RETRY,0.3972,2.0,264.83,31.32
FAIL_002412,PAY_015042,CUST_0883,SUB_0883,1083.08,BANK_DECLINED,friction_prone,WAIT_AND_RETRY,0.3752,2.0,404.32,48.67
FAIL_001905,PAY_012259,CUST_0718,SUB_0718,799.44,BANK_DECLINED,low_engagement,WAIT_AND_RETRY,0.3451,2.0,273.91,34.73
FAIL_001320,PAY_008671,CUST_0508,SUB_0508,676.53,CARD_EXPIRED,normal,WAIT_AND_RETRY,0.4104,2.0,275.66,31.94
FAIL_002398,PAY_014958,CUST_0877,SUB_0877,1893.79,INSUFFICIENT_FUNDS,friction_prone,WAIT_AND_RETRY,0.4231,2.0,799.32,88.58
FAIL_002476,PAY_015243,CUST_0896,SUB_0896,397.37,INSUFFICIENT_FUNDS,friction_prone,WAIT_AND_RETRY,0.4352,2.0,170.94,19.55
FAIL_001176,PAY_007930,CUST_0468,SUB_0468,1737.7,NETWORK_ERROR,friction_prone,WAIT_AND_RETRY,0.5283,2.0,916.0,84.71
FAIL_001245,PAY_008226,CUST_0482,SUB_0482,1120.08,INSUFFICIENT_FUNDS,normal,WAIT_AND_RETRY,0.4876,2.0,544.2,54.67
FAIL_000002,PAY_000029,CUST_0004,SUB_0004,406.32,INSUFFICIENT_FUNDS,normal,WAIT_AND_RETRY,0.4848,2.0,194.97,20.45
FAIL_002245,PAY_014278,CUST_0836,SUB_0836,468.26,INSUFFICIENT_FUNDS,friction_prone,WAIT_AND_RETRY,0.4308,2.0,199.72,22.78
FAIL_001664,PAY_010952,CUST_0644,SUB_0644,289.39,INSUFFICIENT_FUNDS,low_engagement,WAIT_AND_RETRY,0.4013,2.0,114.13,14.12
FAIL_001233,PAY_008158,CUST_0479,SUB_0479,493.48,NETWORK_ERROR,low_engagement,WAIT_AND_RETRY,0.4934,2.0,241.49,24.68
FAIL_000713,PAY_004891,CUST_0291,SUB_0291,1068.05,LIMIT_EXCEEDED,friction_prone,WAIT_AND_RETRY,0.3431,2.0,364.48,45.93
FAIL_002518,PAY_015505,CUST_0910,SUB_0910,293.13,CARD_EXPIRED,normal,WAIT_AND_RETRY,0.4092,2.0,117.96,14.39
FAIL_001723,PAY_011315,CUST_0665,SUB_0665,374.12,BANK_DECLINED,low_engagement,WAIT_AND_RETRY,0.3357,2.0,123.59,16.55
FAIL_000786,PAY_005403,CUST_0325,SUB_0325,726.01,AUTHENTICATION_FAILED,low_engagement,WAIT_AND_RETRY,0.3625,2.0,261.18,32.42
FAIL_000522,PAY_003541,CUST_0210,SUB_0210,799.69,BANK_DECLINED,reliable,WAIT_AND_RETRY,0.4612,2.0,366.82,38.92
FAIL_002271,PAY_014415,CUST_0844,SUB_0844,471.41,INSUFFICIENT_FUNDS,friction_prone,WAIT_AND_RETRY,0.4182,2.0,195.14,22.71
FAIL_001212,PAY_008090,CUST_0475,SUB_0475,332.6,NETWORK_ERROR,low_engagement,WAIT_AND_RETRY,0.4902,2.0,161.05,16.95
FAIL_001649,PAY_010889,CUST_0640,SUB_0640,1249.65,INSUFFICIENT_FUNDS,friction_prone,WAIT_AND_RETRY,0.4349,2.0,541.45,59.31
FAIL_001337,PAY_008845,CUST_0521,SUB_0521,1196.46,BANK_DECLINED,friction_prone,WAIT_AND_RETRY,0.3727,2.0,443.93,53.49
FAIL_001673,PAY_011001,CUST_0647,SUB_0647,1055.34,NETWORK_ERROR,friction_prone,WAIT_AND_RETRY,0.5284,2.0,555.62,51.84
FAIL_001267,PAY_008319,CUST_0487,SUB_0487,15000.0,BANK_DECLINED,high_value_loyal,WAIT_AND_RETRY,0.4908,2.0,7360.45,720.43
FAIL_002078,PAY_013235,CUST_0774,SUB_0774,281.45,INSUFFICIENT_FUNDS,low_engagement,WAIT_AND_RETRY,0.4002,2.0,110.64,13.74
FAIL_001231,PAY_008144,CUST_0477,SUB_0477,580.5,BANK_DECLINED,friction_prone,WAIT_AND_RETRY,0.3765,2.0,216.58,26.59
FAIL_000511,PAY_003453,CUST_0202,SUB_0202,324.57,INSUFFICIENT_FUNDS,low_engagement,WAIT_AND_RETRY,0.3875,2.0,123.76,15.5
FAIL_001286,PAY_008435,CUST_0493,SUB_0493,489.64,CARD_EXPIRED,low_engagement,WAIT_AND_RETRY,0.3353,2.0,162.17,21.34
FAIL_001353,PAY_008952,CUST_0527,SUB_0527,633.24,LIMIT_EXCEEDED,friction_prone,WAIT_AND_RETRY,0.343,2.0,215.22,27.63
FAIL_000287,PAY_001842,CUST_0113,SUB_0113,324.58,AUTHENTICATION_FAILED,low_engagement,WAIT_AND_RETRY,0.3626,2.0,115.68,15.05
FAIL_001767,PAY_011583,CUST_0680,SUB_0680,1595.24,INSUFFICIENT_FUNDS,friction_prone,WAIT_AND_RETRY,0.4349,2.0,691.82,75.44
FAIL_001492,PAY_009805,CUST_0580,SUB_0580,1096.45,BANK_DECLINED,low_engagement,WAIT_AND_RETRY,0.348,2.0,379.61,47.47
FAIL_000808,PAY_005504,CUST_0333,SUB_0333,1523.74,INSUFFICIENT_FUNDS,friction_prone,WAIT_AND_RETRY,0.4236,2.0,643.42,71.49
FAIL_002206,PAY_014079,CUST_0823,SUB_0823,10550.69,BANK_DECLINED,high_value_loyal,WAIT_AND_RETRY,0.4842,2.0,5106.94,506.06
FAIL_002130,PAY_013614,CUST_0795,SUB_0795,408.24,AUTHENTICATION_FAILED,low_engagement,WAIT_AND_RETRY,0.3566,2.0,143.59,18.52
FAIL_000007,PAY_000073,CUST_0008,SUB_0008,11574.78,LIMIT_EXCEEDED,high_value_loyal,WAIT_AND_RETRY,0.4471,2.0,5172.59,545.54
FAIL_001787,PAY_011737,CUST_0688,SUB_0688,703.54,NETWORK_ERROR,friction_prone,WAIT_AND_RETRY,0.5212,2.0,364.67,34.89
FAIL_000182,PAY_001116,CUST_0074,SUB_0074,756.59,CARD_EXPIRED,low_engagement,WAIT_AND_RETRY,0.3196,2.0,239.82,31.57
FAIL_001044,PAY_007106,CUST_0426,SUB_0426,542.66,BANK_DECLINED,friction_prone,WAIT_AND_RETRY,0.377,2.0,202.57,24.94
FAIL_000779,PAY_005362,CUST_0322,SUB_0322,676.83,BANK_DECLINED,friction_prone,WAIT_AND_RETRY,0.3759,2.0,252.43,30.82
FAIL_001578,PAY_010560,CUST_0625,SUB_0625,2210.87,BANK_DECLINED,friction_prone,WAIT_AND_RETRY,0.3773,2.0,832.06,98.55
FAIL_000474,PAY_003091,CUST_0180,SUB_0180,1171.97,INSUFFICIENT_FUNDS,normal,WAIT_AND_RETRY,0.4843,2.0,565.59,57.1
FAIL_002095,PAY_013344,CUST_0780,SUB_0780,2075.84,INSUFFICIENT_FUNDS,normal,WAIT_AND_RETRY,0.4853,2.0,1005.31,100.4
FAIL_001788,PAY_011739,CUST_0688,SUB_0688,703.54,INSUFFICIENT_FUNDS,friction_prone,WAIT_AND_RETRY,0.431,2.0,301.21,33.74
FAIL_002501,PAY_015379,CUST_0904,SUB_0904,3422.48,CARD_EXPIRED,normal,WAIT_AND_RETRY,0.4182,2.0,1429.28,158.61
FAIL_001416,PAY_009293,CUST_0552,SUB_0552,507.97,BANK_DECLINED,low_engagement,WAIT_AND_RETRY,0.3456,2.0,173.57,22.45
FAIL_001780,PAY_011715,CUST_0687,SUB_0687,345.77,BANK_DECLINED,normal,WAIT_AND_RETRY,0.4261,2.0,145.32,17.03
FAIL_000445,PAY_002898,CUST_0169,SUB_0169,14872.16,LIMIT_EXCEEDED,high_value_loyal,WAIT_AND_RETRY,0.4555,2.0,6772.36,704.12
FAIL_000157,PAY_000901,CUST_0058,SUB_0058,1656.39,BANK_DECLINED,reliable,WAIT_AND_RETRY,0.4665,2.0,770.64,79.74
FAIL_002468,PAY_015210,CUST_0892,SUB_0892,429.37,NETWORK_ERROR,friction_prone,WAIT_AND_RETRY,0.5255,2.0,223.61,21.68
FAIL_002641,PAY_016266,CUST_0949,SUB_0949,974.33,INSUFFICIENT_FUNDS,low_engagement,WAIT_AND_RETRY,0.403,2.0,390.66,45.24
FAIL_001070,PAY_007246,CUST_0431,SUB_0431,745.87,LIMIT_EXCEEDED,low_engagement,WAIT_AND_RETRY,0.3185,2.0,235.54,31.07
FAIL_002435,PAY_015087,CUST_0886,SUB_0886,938.96,AUTHENTICATION_FAILED,low_engagement,WAIT_AND_RETRY,0.3612,2.0,337.12,41.57
FAIL_000114,PAY_000713,CUST_0046,SUB_0046,405.71,INSUFFICIENT_FUNDS,friction_prone,WAIT_AND_RETRY,0.435,2.0,174.5,19.93
FAIL_001357,PAY_008980,CUST_0531,SUB_0531,412.94,INSUFFICIENT_FUNDS,friction_prone,WAIT_AND_RETRY,0.4303,2.0,175.7,20.2
FAIL_002543,PAY_015620,CUST_0915,SUB_0915,1705.4,BANK_DECLINED,friction_prone,WAIT_AND_RETRY,0.3732,2.0,634.42,75.87
FAIL_001638,PAY_010859,CUST_0638,SUB_0638,1633.25,BANK_DECLINED,friction_prone,WAIT_AND_RETRY,0.3775,2.0,614.5,73.09
FAIL_002087,PAY_013298,CUST_0778,SUB_0778,1859.33,BANK_DECLINED,normal,WAIT_AND_RETRY,0.4279,2.0,793.52,87.31
FAIL_001439,PAY_009481,CUST_0563,SUB_0563,404.63,NETWORK_ERROR,low_engagement,WAIT_AND_RETRY,0.4948,2.0,198.21,20.43
FAIL_001144,PAY_007751,CUST_0458,SUB_0458,3086.94,BANK_DECLINED,normal,WAIT_AND_RETRY,0.4224,2.0,1301.94,143.67
FAIL_002736,PAY_016842,CUST_0978,SUB_0978,445.63,INSUFFICIENT_FUNDS,friction_prone,WAIT_AND_RETRY,0.4376,2.0,193.0,21.83
FAIL_001142,PAY_007745,CUST_0458,SUB_0458,3086.94,INSUFFICIENT_FUNDS,normal,WAIT_AND_RETRY,0.4821,2.0,1486.14,148.67
FAIL_001345,PAY_008883,CUST_0523,SUB_0523,1492.87,CARD_EXPIRED,normal,WAIT_AND_RETRY,0.3996,2.0,594.5,68.55
FAIL_001633,PAY_010818,CUST_0636,SUB_0636,666.71,NETWORK_ERROR,friction_prone,WAIT_AND_RETRY,0.5235,2.0,347.01,33.12
FAIL_000792,PAY_005444,CUST_0330,SUB_0330,998.82,BANK_DECLINED,normal,WAIT_AND_RETRY,0.4285,2.0,425.95,47.39
FAIL_000097,PAY_000558,CUST_0037,SUB_0037,9606.42,LIMIT_EXCEEDED,high_value_loyal,WAIT_AND_RETRY,0.4526,2.0,4346.03,454.43
FAIL_000914,PAY_006136,CUST_0372,SUB_0372,454.36,CARD_EXPIRED,friction_prone,WAIT_AND_RETRY,0.365,2.0,163.83,20.73
FAIL_000933,PAY_006275,CUST_0377,SUB_0377,929.32,INSUFFICIENT_FUNDS,normal,WAIT_AND_RETRY,0.4855,2.0,449.19,45.5
FAIL_001251,PAY_008244,CUST_0482,SUB_0482,1120.08,BANK_DECLINED,normal,WAIT_AND_RETRY,0.4279,2.0,477.23,52.99
FAIL_001433,PAY_009409,CUST_0556,SUB_0556,1271.26,NETWORK_ERROR,friction_prone,WAIT_AND_RETRY,0.5242,2.0,664.41,62.24
FAIL_001886,PAY_012128,CUST_0708,SUB_0708,1097.17,INSUFFICIENT_FUNDS,normal,WAIT_AND_RETRY,0.4882,2.0,533.62,53.58
FAIL_000818,PAY_005541,CUST_0336,SUB_0336,1661.44,INSUFFICIENT_FUNDS,friction_prone,WAIT_AND_RETRY,0.4344,2.0,719.68,78.5
FAIL_000912,PAY_006129,CUST_0372,SUB_0372,454.36,AUTHENTICATION_FAILED,friction_prone,WAIT_AND_RETRY,0.3957,2.0,177.79,21.48
FAIL_001928,PAY_012368,CUST_0723,SUB_0723,720.89,CARD_EXPIRED,low_engagement,WAIT_AND_RETRY,0.3323,2.0,237.58,30.79
FAIL_000159,PAY_000912,CUST_0058,SUB_0058,1656.39,INSUFFICIENT_FUNDS,reliable,WAIT_AND_RETRY,0.5267,2.0,870.39,80.79
FAIL_001567,PAY_010518,CUST_0623,SUB_0623,1621.46,BANK_DECLINED,friction_prone,WAIT_AND_RETRY,0.3748,2.0,605.65,72.32
FAIL_000443,PAY_002890,CUST_0169,SUB_0169,14872.16,NETWORK_ERROR,high_value_loyal,WAIT_AND_RETRY,0.6333,2.0,9417.23,682.43
FAIL_000653,PAY_004462,CUST_0262,SUB_0262,1739.87,LIMIT_EXCEEDED,reliable,WAIT_AND_RETRY,0.436,2.0,756.65,82.26
FAIL_002652,PAY_016358,CUST_0955,SUB_0955,319.2,INSUFFICIENT_FUNDS,low_engagement,WAIT_AND_RETRY,0.4006,2.0,125.88,15.46
FAIL_001017,PAY_006865,CUST_0412,SUB_0412,449.29,INSUFFICIENT_FUNDS,low_engagement,WAIT_AND_RETRY,0.4027,2.0,178.93,21.39
FAIL_001687,PAY_011069,CUST_0650,SUB_0650,300.09,LIMIT_EXCEEDED,friction_prone,WAIT_AND_RETRY,0.3456,2.0,101.7,13.67
FAIL_001361,PAY_009014,CUST_0532,SUB_0532,8636.92,INSUFFICIENT_FUNDS,high_value_loyal,WAIT_AND_RETRY,0.541,2.0,4670.25,416.6
FAIL_000735,PAY_005089,CUST_0303,SUB_0303,1311.68,BANK_DECLINED,normal,WAIT_AND_RETRY,0.4264,2.0,557.27,61.82
FAIL_000102,PAY_000574,CUST_0039,SUB_0039,13129.92,CARD_EXPIRED,high_value_loyal,WAIT_AND_RETRY,0.4676,2.0,6137.23,625.51
FAIL_001689,PAY_011074,CUST_0650,SUB_0650,300.09,CARD_EXPIRED,friction_prone,WAIT_AND_RETRY,0.3615,2.0,106.48,13.97
FAIL_000726,PAY_004993,CUST_0299,SUB_0299,8559.42,LIMIT_EXCEEDED,high_value_loyal,WAIT_AND_RETRY,0.4485,2.0,3837.25,404.04
FAIL_000666,PAY_004597,CUST_0269,SUB_0269,1477.76,BANK_DECLINED,friction_prone,WAIT_AND_RETRY,0.3702,2.0,545.12,65.63
FAIL_000970,PAY_006446,CUST_0387,SUB_0387,524.81,AUTHENTICATION_FAILED,low_engagement,WAIT_AND_RETRY,0.3582,2.0,186.01,23.58
FAIL_000634,PAY_004294,CUST_0252,SUB_0252,609.3,INSUFFICIENT_FUNDS,low_engagement,WAIT_AND_RETRY,0.3991,2.0,241.17,28.56
FAIL_002525,PAY_015522,CUST_0911,SUB_0911,2077.0,BANK_DECLINED,normal,WAIT_AND_RETRY,0.431,2.0,893.22,97.64
FAIL_002294,PAY_014467,CUST_0849,SUB_0849,951.12,BANK_DECLINED,low_engagement,WAIT_AND_RETRY,0.3362,2.0,317.77,40.56
FAIL_001449,PAY_009527,CUST_0565,SUB_0565,200.0,BANK_DECLINED,friction_prone,WAIT_AND_RETRY,0.3755,2.0,73.1,9.81
FAIL_000422,PAY_002768,CUST_0162,SUB_0162,293.46,CARD_EXPIRED,low_engagement,WAIT_AND_RETRY,0.3354,2.0,96.42,13.19
FAIL_001023,PAY_006879,CUST_0412,SUB_0412,449.29,AUTHENTICATION_FAILED,low_engagement,WAIT_AND_RETRY,0.3644,2.0,161.71,20.5
FAIL_000861,PAY_005846,CUST_0354,SUB_0354,886.93,AUTHENTICATION_FAILED,normal,WAIT_AND_RETRY,0.4457,2.0,393.27,42.69
FAIL_001466,PAY_009650,CUST_0573,SUB_0573,557.68,INSUFFICIENT_FUNDS,friction_prone,WAIT_AND_RETRY,0.4344,2.0,240.24,27.01
FAIL_000164,PAY_000987,CUST_0063,SUB_0063,961.34,AUTHENTICATION_FAILED,normal,WAIT_AND_RETRY,0.4482,2.0,428.9,46.26
FAIL_001494,PAY_009816,CUST_0581,SUB_0581,369.27,INSUFFICIENT_FUNDS,friction_prone,WAIT_AND_RETRY,0.4298,2.0,156.7,18.17
FAIL_001263,PAY_008301,CUST_0485,SUB_0485,929.62,INSUFFICIENT_FUNDS,friction_prone,WAIT_AND_RETRY,0.4263,2.0,394.29,44.1
FAIL_000172,PAY_001070,CUST_0070,SUB_0070,11107.73,NETWORK_ERROR,high_value_loyal,WAIT_AND_RETRY,0.6287,2.0,6981.84,512.13
FAIL_000523,PAY_003553,CUST_0211,SUB_0211,1170.85,BANK_DECLINED,friction_prone,WAIT_AND_RETRY,0.3815,2.0,444.73,52.93
FAIL_001761,PAY_011571,CUST_0680,SUB_0680,1595.24,BANK_DECLINED,friction_prone,WAIT_AND_RETRY,0.3768,2.0,599.16,71.35
FAIL_000607,PAY_004108,CUST_0243,SUB_0243,928.54,BANK_DECLINED,friction_prone,WAIT_AND_RETRY,0.3701,2.0,341.64,41.6
FAIL_002264,PAY_014397,CUST_0843,SUB_0843,638.25,AUTHENTICATION_FAILED,low_engagement,WAIT_AND_RETRY,0.3607,2.0,228.24,28.56
FAIL_002386,PAY_014942,CUST_0875,SUB_0875,1152.64,INSUFFICIENT_FUNDS,friction_prone,WAIT_AND_RETRY,0.4355,2.0,499.94,54.81
FAIL_001513,PAY_009962,CUST_0588,SUB_0588,278.46,CARD_EXPIRED,low_engagement,WAIT_AND_RETRY,0.3293,2.0,89.7,12.45
FAIL_000148,PAY_000840,CUST_0053,SUB_0053,619.66,CARD_EXPIRED,low_engagement,WAIT_AND_RETRY,0.3262,2.0,200.14,26.34
FAIL_002235,PAY_014227,CUST_0832,SUB_0832,2452.06,INSUFFICIENT_FUNDS,normal,WAIT_AND_RETRY,0.4875,2.0,1193.31,118.5
FAIL_000611,PAY_004117,CUST_0244,SUB_0244,1067.83,NETWORK_ERROR,normal,WAIT_AND_RETRY,0.579,2.0,616.27,51.81
FAIL_002535,PAY_015589,CUST_0913,SUB_0913,1397.1,BANK_DECLINED,low_engagement,WAIT_AND_RETRY,0.3459,2.0,481.25,60.02
FAIL_002707,PAY_016677,CUST_0970,SUB_0970,827.8,AUTHENTICATION_FAILED,low_engagement,WAIT_AND_RETRY,0.3659,2.0,300.92,37.0
FAIL_000040,PAY_000230,CUST_0020,SUB_0020,641.27,BANK_DECLINED,friction_prone,WAIT_AND_RETRY,0.3804,2.0,241.97,29.41
FAIL_002298,PAY_014489,CUST_0851,SUB_0851,741.13,CARD_EXPIRED,normal,WAIT_AND_RETRY,0.4078,2.0,300.25,34.81
FAIL_001752,PAY_011500,CUST_0676,SUB_0676,208.63,CARD_EXPIRED,low_engagement,WAIT_AND_RETRY,0.3367,2.0,68.25,9.69
FAIL_002260,PAY_014391,CUST_0842,SUB_0842,5745.9,BANK_DECLINED,high_value_loyal,WAIT_AND_RETRY,0.4716,2.0,2707.85,274.78
FAIL_001810,PAY_011855,CUST_0697,SUB_0697,671.72,AUTHENTICATION_FAILED,normal,WAIT_AND_RETRY,0.446,2.0,297.59,32.58
FAIL_002630,PAY_016150,CUST_0942,SUB_0942,568.27,INSUFFICIENT_FUNDS,friction_prone,WAIT_AND_RETRY,0.437,2.0,246.31,27.56
FAIL_001073,PAY_007262,CUST_0433,SUB_0433,699.79,BANK_DECLINED,friction_prone,WAIT_AND_RETRY,0.368,2.0,255.53,31.52
FAIL_000536,PAY_003589,CUST_0212,SUB_0212,404.59,CARD_EXPIRED,low_engagement,WAIT_AND_RETRY,0.3345,2.0,133.33,17.78
FAIL_001367,PAY_009026,CUST_0533,SUB_0533,444.14,AUTHENTICATION_FAILED,low_engagement,WAIT_AND_RETRY,0.3602,2.0,158.0,20.16
FAIL_000015,PAY_000116,CUST_0011,SUB_0011,1603.39,BANK_DECLINED,friction_prone,WAIT_AND_RETRY,0.3683,2.0,588.45,70.94
FAIL_000181,PAY_001113,CUST_0074,SUB_0074,756.59,CARD_EXPIRED,low_engagement,WAIT_AND_RETRY,0.3196,2.0,239.82,31.57
FAIL_001134,PAY_007711,CUST_0457,SUB_0457,1961.94,INSUFFICIENT_FUNDS,friction_prone,WAIT_AND_RETRY,0.4402,2.0,861.72,92.89
FAIL_002555,PAY_015662,CUST_0917,SUB_0917,881.56,BANK_DECLINED,low_engagement,WAIT_AND_RETRY,0.3338,2.0,292.26,37.52
FAIL_000379,PAY_002551,CUST_0151,SUB_0151,1459.65,INSUFFICIENT_FUNDS,friction_prone,WAIT_AND_RETRY,0.4311,2.0,627.23,68.92
FAIL_000209,PAY_001440,CUST_0093,SUB_0093,333.96,BANK_DECLINED,low_engagement,WAIT_AND_RETRY,0.3444,2.0,113.02,15.08
FAIL_001029,PAY_006960,CUST_0417,SUB_0417,850.96,INSUFFICIENT_FUNDS,friction_prone,WAIT_AND_RETRY,0.4395,2.0,371.98,40.84
FAIL_002624,PAY_016134,CUST_0942,SUB_0942,568.27,BANK_DECLINED,friction_prone,WAIT_AND_RETRY,0.3788,2.0,213.26,26.12
FAIL_002071,PAY_013148,CUST_0769,SUB_0769,1716.97,BANK_DECLINED,friction_prone,WAIT_AND_RETRY,0.3765,2.0,644.41,76.69
FAIL_001082,PAY_007328,CUST_0436,SUB_0436,829.5,INSUFFICIENT_FUNDS,friction_prone,WAIT_AND_RETRY,0.432,2.0,356.37,39.63
FAIL_000834,PAY_005674,CUST_0348,SUB_0348,10125.65,BANK_DECLINED,high_value_loyal,WAIT_AND_RETRY,0.4828,2.0,4886.43,485.49
FAIL_001405,PAY_009211,CUST_0547,SUB_0547,2231.07,BANK_DECLINED,friction_prone,WAIT_AND_RETRY,0.3769,2.0,839.0,99.41
FAIL_000863,PAY_005855,CUST_0354,SUB_0354,886.93,NETWORK_ERROR,normal,WAIT_AND_RETRY,0.5761,2.0,508.94,43.26
FAIL_001155,PAY_007798,CUST_0461,SUB_0461,1652.19,BANK_DECLINED,friction_prone,WAIT_AND_RETRY,0.375,2.0,617.55,73.7
FAIL_001116,PAY_007506,CUST_0444,SUB_0444,1927.55,CARD_EXPIRED,friction_prone,WAIT_AND_RETRY,0.3657,2.0,702.93,84.8
FAIL_002760,PAY_017013,CUST_0989,SUB_0989,997.84,INSUFFICIENT_FUNDS,friction_prone,WAIT_AND_RETRY,0.4265,2.0,423.62,47.27
FAIL_002656,PAY_016363,CUST_0955,SUB_0955,319.2,AUTHENTICATION_FAILED,low_engagement,WAIT_AND_RETRY,0.3624,2.0,113.67,14.81
FAIL_000439,PAY_002873,CUST_0168,SUB_0168,1204.32,BANK_DECLINED,normal,WAIT_AND_RETRY,0.4242,2.0,508.92,56.74
FAIL_000473,PAY_003085,CUST_0180,SUB_0180,1171.97,BANK_DECLINED,normal,WAIT_AND_RETRY,0.4246,2.0,495.6,55.26
FAIL_002750,PAY_016989,CUST_0988,SUB_0988,747.97,BANK_DECLINED,low_engagement,WAIT_AND_RETRY,0.343,2.0,254.54,32.45
FAIL_000551,PAY_003710,CUST_0217,SUB_0217,437.85,CARD_EXPIRED,low_engagement,WAIT_AND_RETRY,0.3351,2.0,144.71,19.18
FAIL_000425,PAY_002777,CUST_0162,SUB_0162,293.46,BANK_DECLINED,low_engagement,WAIT_AND_RETRY,0.3469,2.0,99.81,13.42
FAIL_001227,PAY_008134,CUST_0477,SUB_0477,580.5,NETWORK_ERROR,friction_prone,WAIT_AND_RETRY,0.5249,2.0,302.69,28.97
FAIL_002272,PAY_014416,CUST_0844,SUB_0844,471.41,LIMIT_EXCEEDED,friction_prone,WAIT_AND_RETRY,0.3335,2.0,155.19,20.52
FAIL_000033,PAY_000201,CUST_0017,SUB_0017,988.37,NETWORK_ERROR,low_engagement,WAIT_AND_RETRY,0.4874,2.0,479.75,48.36
FAIL_002167,PAY_013823,CUST_0807,SUB_0807,200.0,BANK_DECLINED,low_engagement,WAIT_AND_RETRY,0.3471,2.0,67.43,9.47
FAIL_001240,PAY_008189,CUST_0481,SUB_0481,3208.7,INSUFFICIENT_FUNDS,high_value_loyal,WAIT_AND_RETRY,0.5379,2.0,1724.06,155.46
FAIL_002226,PAY_014174,CUST_0830,SUB_0830,636.05,INSUFFICIENT_FUNDS,low_engagement,WAIT_AND_RETRY,0.403,2.0,254.3,29.88
FAIL_002595,PAY_015883,CUST_0929,SUB_0929,329.53,NETWORK_ERROR,friction_prone,WAIT_AND_RETRY,0.5276,2.0,171.85,16.87
FAIL_000647,PAY_004357,CUST_0255,SUB_0255,893.84,AUTHENTICATION_FAILED,low_engagement,WAIT_AND_RETRY,0.3595,2.0,319.34,39.53
FAIL_001168,PAY_007864,CUST_0465,SUB_0465,200.0,NETWORK_ERROR,low_engagement,WAIT_AND_RETRY,0.4673,2.0,91.46,10.51
FAIL_001514,PAY_009969,CUST_0588,SUB_0588,278.46,LIMIT_EXCEEDED,low_engagement,WAIT_AND_RETRY,0.3141,2.0,85.46,12.14
FAIL_001001,PAY_006733,CUST_0405,SUB_0405,703.31,INSUFFICIENT_FUNDS,low_engagement,WAIT_AND_RETRY,0.3958,2.0,276.4,32.7
FAIL_000282,PAY_001833,CUST_0113,SUB_0113,324.58,INSUFFICIENT_FUNDS,low_engagement,WAIT_AND_RETRY,0.4008,2.0,128.1,15.71
FAIL_001430,PAY_009399,CUST_0556,SUB_0556,1271.26,INSUFFICIENT_FUNDS,friction_prone,WAIT_AND_RETRY,0.434,2.0,549.66,60.28
FAIL_000543,PAY_003652,CUST_0214,SUB_0214,12636.68,INSUFFICIENT_FUNDS,high_value_loyal,WAIT_AND_RETRY,0.546,2.0,6897.39,608.59
FAIL_002515,PAY_015478,CUST_0908,SUB_0908,210.14,LIMIT_EXCEEDED,friction_prone,WAIT_AND_RETRY,0.3468,2.0,70.88,9.89
FAIL_002073,PAY_013157,CUST_0770,SUB_0770,601.44,AUTHENTICATION_FAILED,low_engagement,WAIT_AND_RETRY,0.3586,2.0,213.68,26.89
FAIL_000874,PAY_005928,CUST_0358,SUB_0358,533.16,INSUFFICIENT_FUNDS,normal,WAIT_AND_RETRY,0.487,2.0,257.66,26.54
FAIL_002203,PAY_014047,CUST_0820,SUB_0820,259.64,INSUFFICIENT_FUNDS,normal,WAIT_AND_RETRY,0.483,2.0,123.41,13.42
FAIL_000301,PAY_001950,CUST_0119,SUB_0119,15000.0,LIMIT_EXCEEDED,high_value_loyal,WAIT_AND_RETRY,0.4599,2.0,6896.5,711.82
FAIL_000410,PAY_002670,CUST_0156,SUB_0156,985.5,INSUFFICIENT_FUNDS,friction_prone,WAIT_AND_RETRY,0.4329,2.0,424.66,46.92
FAIL_002307,PAY_014535,CUST_0853,SUB_0853,256.05,LIMIT_EXCEEDED,low_engagement,WAIT_AND_RETRY,0.3183,2.0,79.49,11.32
FAIL_001878,PAY_012099,CUST_0708,SUB_0708,1097.17,INSUFFICIENT_FUNDS,normal,WAIT_AND_RETRY,0.4882,2.0,533.62,53.58
FAIL_000039,PAY_000221,CUST_0019,SUB_0019,2269.23,AUTHENTICATION_FAILED,reliable,WAIT_AND_RETRY,0.482,2.0,1091.77,109.55
FAIL_000298,PAY_001944,CUST_0119,SUB_0119,15000.0,INSUFFICIENT_FUNDS,high_value_loyal,WAIT_AND_RETRY,0.5502,2.0,8251.61,721.62
FAIL_002751,PAY_016995,CUST_0988,SUB_0988,747.97,INSUFFICIENT_FUNDS,low_engagement,WAIT_AND_RETRY,0.3992,2.0,296.58,34.83
FAIL_001873,PAY_012085,CUST_0707,SUB_0707,933.74,INSUFFICIENT_FUNDS,friction_prone,WAIT_AND_RETRY,0.4387,2.0,407.59,44.69
FAIL_001229,PAY_008138,CUST_0477,SUB_0477,580.5,BANK_DECLINED,friction_prone,WAIT_AND_RETRY,0.3765,2.0,216.58,26.59
FAIL_000537,PAY_003590,CUST_0212,SUB_0212,404.59,INSUFFICIENT_FUNDS,low_engagement,WAIT_AND_RETRY,0.4024,2.0,160.82,19.36
FAIL_001622,PAY_010798,CUST_0636,SUB_0636,666.71,CARD_EXPIRED,friction_prone,WAIT_AND_RETRY,0.3633,2.0,240.18,29.89
FAIL_001088,PAY_007334,CUST_0436,SUB_0436,829.5,BANK_DECLINED,friction_prone,WAIT_AND_RETRY,0.3741,2.0,308.3,37.46
FAIL_000978,PAY_006515,CUST_0393,SUB_0393,814.36,LIMIT_EXCEEDED,low_engagement,WAIT_AND_RETRY,0.3176,2.0,256.66,33.78
FAIL_001287,PAY_008436,CUST_0493,SUB_0493,489.64,AUTHENTICATION_FAILED,low_engagement,WAIT_AND_RETRY,0.365,2.0,176.7,22.26
FAIL_000837,PAY_005692,CUST_0348,SUB_0348,10125.65,NETWORK_ERROR,high_value_loyal,WAIT_AND_RETRY,0.6306,2.0,6383.56,466.13
FAIL_001069,PAY_007241,CUST_0431,SUB_0431,745.87,BANK_DECLINED,low_engagement,WAIT_AND_RETRY,0.3453,2.0,255.57,32.48
FAIL_001296,PAY_008485,CUST_0494,SUB_0494,14846.24,NETWORK_ERROR,high_value_loyal,WAIT_AND_RETRY,0.6343,2.0,9414.8,680.63
FAIL_002142,PAY_013691,CUST_0800,SUB_0800,1826.29,BANK_DECLINED,normal,WAIT_AND_RETRY,0.414,2.0,754.11,84.8
FAIL_002316,PAY_014565,CUST_0854,SUB_0854,272.78,AUTHENTICATION_FAILED,low_engagement,WAIT_AND_RETRY,0.3653,2.0,97.64,12.85
FAIL_002678,PAY_016511,CUST_0964,SUB_0964,1091.43,LIMIT_EXCEEDED,friction_prone,WAIT_AND_RETRY,0.3492,2.0,379.11,47.34
FAIL_001718,PAY_011268,CUST_0662,SUB_0662,8298.83,NETWORK_ERROR,high_value_loyal,WAIT_AND_RETRY,0.6323,2.0,5245.03,381.63
FAIL_000336,PAY_002207,CUST_0131,SUB_0131,569.52,AUTHENTICATION_FAILED,low_engagement,WAIT_AND_RETRY,0.3604,2.0,203.26,25.58
FAIL_000163,PAY_000982,CUST_0062,SUB_0062,438.99,INSUFFICIENT_FUNDS,low_engagement,WAIT_AND_RETRY,0.3944,2.0,171.12,20.76
FAIL_002436,PAY_015120,CUST_0887,SUB_0887,8464.41,BANK_DECLINED,high_value_loyal,WAIT_AND_RETRY,0.4837,2.0,4092.23,406.12
FAIL_002372,PAY_014910,CUST_0874,SUB_0874,763.19,BANK_DECLINED,low_engagement,WAIT_AND_RETRY,0.347,2.0,262.85,33.3
FAIL_001009,PAY_006796,CUST_0408,SUB_0408,1572.78,CARD_EXPIRED,friction_prone,WAIT_AND_RETRY,0.3593,2.0,563.18,68.78
FAIL_002334,PAY_014673,CUST_0862,SUB_0862,1374.15,BANK_DECLINED,friction_prone,WAIT_AND_RETRY,0.3783,2.0,517.8,61.71
FAIL_000492,PAY_003224,CUST_0188,SUB_0188,221.49,INSUFFICIENT_FUNDS,low_engagement,WAIT_AND_RETRY,0.3993,2.0,86.45,11.02
FAIL_001654,PAY_010897,CUST_0640,SUB_0640,1249.65,BANK_DECLINED,friction_prone,WAIT_AND_RETRY,0.3768,2.0,468.87,56.11
FAIL_000964,PAY_006438,CUST_0387,SUB_0387,524.81,AUTHENTICATION_FAILED,low_engagement,WAIT_AND_RETRY,0.3582,2.0,186.01,23.58
FAIL_000279,PAY_001827,CUST_0113,SUB_0113,324.58,INSUFFICIENT_FUNDS,low_engagement,WAIT_AND_RETRY,0.4008,2.0,128.1,15.71
FAIL_002438,PAY_015129,CUST_0888,SUB_0888,14993.1,INSUFFICIENT_FUNDS,high_value_loyal,WAIT_AND_RETRY,0.542,2.0,8123.67,722.35
FAIL_000281,PAY_001830,CUST_0113,SUB_0113,324.58,CARD_EXPIRED,low_engagement,WAIT_AND_RETRY,0.333,2.0,106.08,14.43
FAIL_000762,PAY_005226,CUST_0312,SUB_0312,13871.79,NETWORK_ERROR,high_value_loyal,WAIT_AND_RETRY,0.6295,2.0,8730.05,638.88
FAIL_000329,PAY_002193,CUST_0130,SUB_0130,785.26,CARD_EXPIRED,friction_prone,WAIT_AND_RETRY,0.3595,2.0,280.27,34.85
FAIL_002081,PAY_013271,CUST_0777,SUB_0777,772.21,NETWORK_ERROR,reliable,WAIT_AND_RETRY,0.6111,2.0,469.87,37.05
FAIL_000233,PAY_001571,CUST_0101,SUB_0101,247.97,NETWORK_ERROR,low_engagement,WAIT_AND_RETRY,0.4942,2.0,120.55,12.9
FAIL_000645,PAY_004352,CUST_0255,SUB_0255,893.84,AUTHENTICATION_FAILED,low_engagement,WAIT_AND_RETRY,0.3595,2.0,319.34,39.53
FAIL_002176,PAY_013872,CUST_0810,SUB_0810,1736.57,LIMIT_EXCEEDED,friction_prone,WAIT_AND_RETRY,0.351,2.0,607.56,74.94
FAIL_002060,PAY_013078,CUST_0764,SUB_0764,880.92,AUTHENTICATION_FAILED,low_engagement,WAIT_AND_RETRY,0.3637,2.0,318.42,39.19
FAIL_001953,PAY_012520,CUST_0732,SUB_0732,1339.11,NETWORK_ERROR,normal,WAIT_AND_RETRY,0.5756,2.0,768.78,64.82
FAIL_002393,PAY_014953,CUST_0875,SUB_0875,1152.64,BANK_DECLINED,friction_prone,WAIT_AND_RETRY,0.3774,2.0,432.97,51.87
FAIL_000206,PAY_001428,CUST_0093,SUB_0093,333.96,INSUFFICIENT_FUNDS,low_engagement,WAIT_AND_RETRY,0.4007,2.0,131.82,16.13
FAIL_000235,PAY_001580,CUST_0101,SUB_0101,247.97,INSUFFICIENT_FUNDS,low_engagement,WAIT_AND_RETRY,0.4047,2.0,98.36,12.28
FAIL_001285,PAY_008418,CUST_0491,SUB_0491,540.07,NETWORK_ERROR,friction_prone,WAIT_AND_RETRY,0.5284,2.0,283.37,27.02
FAIL_000250,PAY_001724,CUST_0108,SUB_0108,200.0,INSUFFICIENT_FUNDS,friction_prone,WAIT_AND_RETRY,0.4374,2.0,85.48,10.35
FAIL_002221,PAY_014145,CUST_0827,SUB_0827,768.09,INSUFFICIENT_FUNDS,low_engagement,WAIT_AND_RETRY,0.3958,2.0,302.04,35.62
FAIL_002373,PAY_014911,CUST_0874,SUB_0874,763.19,INSUFFICIENT_FUNDS,low_engagement,WAIT_AND_RETRY,0.4035,2.0,305.95,35.67
FAIL_000240,PAY_001601,CUST_0101,SUB_0101,247.97,NETWORK_ERROR,low_engagement,WAIT_AND_RETRY,0.4942,2.0,120.55,12.9
FAIL_000892,PAY_005993,CUST_0364,SUB_0364,376.34,BANK_DECLINED,friction_prone,WAIT_AND_RETRY,0.3772,2.0,139.96,17.6
FAIL_001216,PAY_008109,CUST_0476,SUB_0476,457.08,AUTHENTICATION_FAILED,low_engagement,WAIT_AND_RETRY,0.3609,2.0,162.94,20.74
FAIL_000778,PAY_005355,CUST_0322,SUB_0322,676.83,AUTHENTICATION_FAILED,friction_prone,WAIT_AND_RETRY,0.3946,2.0,265.08,31.47
FAIL_000635,PAY_004297,CUST_0252,SUB_0252,609.3,INSUFFICIENT_FUNDS,low_engagement,WAIT_AND_RETRY,0.3991,2.0,241.17,28.56
FAIL_001994,PAY_012707,CUST_0744,SUB_0744,200.0,AUTHENTICATION_FAILED,low_engagement,WAIT_AND_RETRY,0.3625,2.0,70.51,9.66
FAIL_002277,PAY_014430,CUST_0845,SUB_0845,1868.13,INSUFFICIENT_FUNDS,normal,WAIT_AND_RETRY,0.4799,2.0,894.58,90.3
FAIL_001733,PAY_011356,CUST_0668,SUB_0668,1279.62,CARD_EXPIRED,reliable,WAIT_AND_RETRY,0.4532,2.0,577.93,61.42
FAIL_001169,PAY_007915,CUST_0467,SUB_0467,2634.12,INSUFFICIENT_FUNDS,reliable,WAIT_AND_RETRY,0.5302,2.0,1394.61,127.88
FAIL_001864,PAY_012049,CUST_0705,SUB_0705,937.29,CARD_EXPIRED,low_engagement,WAIT_AND_RETRY,0.3352,2.0,312.14,39.92
FAIL_001087,PAY_007333,CUST_0436,SUB_0436,829.5,BANK_DECLINED,friction_prone,WAIT_AND_RETRY,0.3741,2.0,308.3,37.46
FAIL_001600,PAY_010652,CUST_0628,SUB_0628,1735.47,INSUFFICIENT_FUNDS,normal,WAIT_AND_RETRY,0.4863,2.0,841.89,84.13
FAIL_000009,PAY_000087,CUST_0009,SUB_0009,2904.8,BANK_DECLINED,reliable,WAIT_AND_RETRY,0.4667,2.0,1353.81,139.11
FAIL_001553,PAY_010354,CUST_0610,SUB_0610,11684.35,INSUFFICIENT_FUNDS,high_value_loyal,WAIT_AND_RETRY,0.545,2.0,6366.36,562.89
FAIL_000675,PAY_004692,CUST_0277,SUB_0277,470.05,NETWORK_ERROR,low_engagement,WAIT_AND_RETRY,0.4845,2.0,225.73,23.5
FAIL_000241,PAY_001620,CUST_0102,SUB_0102,689.76,BANK_DECLINED,reliable,WAIT_AND_RETRY,0.4623,2.0,316.91,33.73
FAIL_001643,PAY_010878,CUST_0640,SUB_0640,1249.65,INSUFFICIENT_FUNDS,friction_prone,WAIT_AND_RETRY,0.4349,2.0,541.45,59.31
FAIL_000876,PAY_005933,CUST_0359,SUB_0359,762.6,NETWORK_ERROR,low_engagement,WAIT_AND_RETRY,0.4867,2.0,369.13,37.53
FAIL_001972,PAY_012635,CUST_0739,SUB_0739,325.73,AUTHENTICATION_FAILED,friction_prone,WAIT_AND_RETRY,0.3973,2.0,127.42,15.7
FAIL_001990,PAY_012697,CUST_0744,SUB_0744,200.0,AUTHENTICATION_FAILED,low_engagement,WAIT_AND_RETRY,0.3625,2.0,70.51,9.66
FAIL_001665,PAY_010956,CUST_0644,SUB_0644,289.39,BANK_DECLINED,low_engagement,WAIT_AND_RETRY,0.345,2.0,97.83,13.21
FAIL_000682,PAY_004706,CUST_0277,SUB_0277,470.05,INSUFFICIENT_FUNDS,low_engagement,WAIT_AND_RETRY,0.3954,2.0,183.84,22.18
FAIL_000969,PAY_006445,CUST_0387,SUB_0387,524.81,NETWORK_ERROR,low_engagement,WAIT_AND_RETRY,0.4855,2.0,252.78,26.13
FAIL_000383,PAY_002580,CUST_0152,SUB_0152,979.43,INSUFFICIENT_FUNDS,normal,WAIT_AND_RETRY,0.4837,2.0,471.74,47.88
FAIL_000061,PAY_000301,CUST_0023,SUB_0023,1192.85,LIMIT_EXCEEDED,normal,WAIT_AND_RETRY,0.3978,2.0,472.54,54.88
FAIL_002215,PAY_014117,CUST_0825,SUB_0825,8971.98,INSUFFICIENT_FUNDS,high_value_loyal,WAIT_AND_RETRY,0.5402,2.0,4844.28,432.77
FAIL_000208,PAY_001435,CUST_0093,SUB_0093,333.96,INSUFFICIENT_FUNDS,low_engagement,WAIT_AND_RETRY,0.4007,2.0,131.82,16.13
FAIL_000402,PAY_002656,CUST_0156,SUB_0156,985.5,INSUFFICIENT_FUNDS,friction_prone,WAIT_AND_RETRY,0.4329,2.0,424.66,46.92
FAIL_002255,PAY_014372,CUST_0841,SUB_0841,609.78,INSUFFICIENT_FUNDS,friction_prone,WAIT_AND_RETRY,0.4318,2.0,261.31,29.39
FAIL_001816,PAY_011883,CUST_0698,SUB_0698,636.44,LIMIT_EXCEEDED,friction_prone,WAIT_AND_RETRY,0.3438,2.0,216.84,27.8
FAIL_000309,PAY_002022,CUST_0121,SUB_0121,746.25,AUTHENTICATION_FAILED,low_engagement,WAIT_AND_RETRY,0.3663,2.0,271.34,33.47
FAIL_001024,PAY_006884,CUST_0412,SUB_0412,449.29,BANK_DECLINED,low_engagement,WAIT_AND_RETRY,0.3463,2.0,153.58,19.99
FAIL_001895,PAY_012189,CUST_0713,SUB_0713,200.0,BANK_DECLINED,low_engagement,WAIT_AND_RETRY,0.3457,2.0,67.14,9.45
FAIL_002667,PAY_016439,CUST_0959,SUB_0959,1165.14,INSUFFICIENT_FUNDS,low_engagement,WAIT_AND_RETRY,0.3992,2.0,463.09,53.7
FAIL_000752,PAY_005156,CUST_0307,SUB_0307,2288.88,LIMIT_EXCEEDED,friction_prone,WAIT_AND_RETRY,0.3476,2.0,793.66,97.95
FAIL_002783,PAY_017131,CUST_0998,SUB_0998,1639.15,INSUFFICIENT_FUNDS,normal,WAIT_AND_RETRY,0.4884,2.0,798.6,79.57
FAIL_000575,PAY_003877,CUST_0227,SUB_0227,9730.73,INSUFFICIENT_FUNDS,high_value_loyal,WAIT_AND_RETRY,0.5407,2.0,5258.94,469.25
FAIL_001838,PAY_011978,CUST_0703,SUB_0703,360.66,BANK_DECLINED,friction_prone,WAIT_AND_RETRY,0.3795,2.0,134.87,16.96
FAIL_002747,PAY_016915,CUST_0984,SUB_0984,634.7,CARD_EXPIRED,low_engagement,WAIT_AND_RETRY,0.3264,2.0,205.19,26.96
FAIL_002560,PAY_015675,CUST_0918,SUB_0918,595.63,NETWORK_ERROR,friction_prone,WAIT_AND_RETRY,0.5238,2.0,310.02,29.69
FAIL_000785,PAY_005400,CUST_0325,SUB_0325,726.01,INSUFFICIENT_FUNDS,low_engagement,WAIT_AND_RETRY,0.4008,2.0,288.96,33.89
FAIL_001019,PAY_006872,CUST_0412,SUB_0412,449.29,INSUFFICIENT_FUNDS,low_engagement,WAIT_AND_RETRY,0.4027,2.0,178.93,21.39
FAIL_000448,PAY_002939,CUST_0171,SUB_0171,14917.0,BANK_DECLINED,high_value_loyal,WAIT_AND_RETRY,0.4908,2.0,7319.44,716.45
FAIL_001390,PAY_009154,CUST_0543,SUB_0543,601.97,CARD_EXPIRED,low_engagement,WAIT_AND_RETRY,0.334,2.0,199.05,25.95
FAIL_001650,PAY_010891,CUST_0640,SUB_0640,1249.65,INSUFFICIENT_FUNDS,friction_prone,WAIT_AND_RETRY,0.4349,2.0,541.45,59.31
FAIL_000249,PAY_001717,CUST_0107,SUB_0107,1689.93,NETWORK_ERROR,reliable,WAIT_AND_RETRY,0.6096,2.0,1028.25,79.98
FAIL_000404,PAY_002659,CUST_0156,SUB_0156,985.5,AUTHENTICATION_FAILED,friction_prone,WAIT_AND_RETRY,0.3936,2.0,385.92,45.32
FAIL_000222,PAY_001476,CUST_0096,SUB_0096,722.92,BANK_DECLINED,friction_prone,WAIT_AND_RETRY,0.3721,2.0,266.98,32.69
FAIL_001913,PAY_012287,CUST_0719,SUB_0719,984.04,INSUFFICIENT_FUNDS,friction_prone,WAIT_AND_RETRY,0.4333,2.0,424.35,46.86
FAIL_001684,PAY_011029,CUST_0647,SUB_0647,1055.34,LIMIT_EXCEEDED,friction_prone,WAIT_AND_RETRY,0.3517,2.0,369.2,45.98
FAIL_001735,PAY_011399,CUST_0670,SUB_0670,891.7,NETWORK_ERROR,normal,WAIT_AND_RETRY,0.5737,2.0,509.56,43.53
FAIL_001452,PAY_009556,CUST_0567,SUB_0567,950.44,INSUFFICIENT_FUNDS,low_engagement,WAIT_AND_RETRY,0.4026,2.0,380.68,44.14
FAIL_001766,PAY_011582,CUST_0680,SUB_0680,1595.24,BANK_DECLINED,friction_prone,WAIT_AND_RETRY,0.3768,2.0,599.16,71.35
FAIL_000398,PAY_002648,CUST_0156,SUB_0156,985.5,BANK_DECLINED,friction_prone,WAIT_AND_RETRY,0.3749,2.0,367.51,44.36
FAIL_000387,PAY_002621,CUST_0155,SUB_0155,663.98,INSUFFICIENT_FUNDS,friction_prone,WAIT_AND_RETRY,0.438,2.0,288.83,32.05
FAIL_000780,PAY_005367,CUST_0323,SUB_0323,262.8,INSUFFICIENT_FUNDS,low_engagement,WAIT_AND_RETRY,0.3995,2.0,103.0,12.89
FAIL_001668,PAY_010992,CUST_0646,SUB_0646,232.1,BANK_DECLINED,low_engagement,WAIT_AND_RETRY,0.3304,2.0,74.68,10.56
FAIL_001938,PAY_012425,CUST_0728,SUB_0728,1036.92,INSUFFICIENT_FUNDS,friction_prone,WAIT_AND_RETRY,0.4369,2.0,451.02,49.46
FAIL_000996,PAY_006650,CUST_0400,SUB_0400,7063.31,INSUFFICIENT_FUNDS,high_value_loyal,WAIT_AND_RETRY,0.5424,2.0,3829.07,340.81
FAIL_001937,PAY_012424,CUST_0728,SUB_0728,1036.92,AUTHENTICATION_FAILED,friction_prone,WAIT_AND_RETRY,0.3975,2.0,410.15,47.82
FAIL_002361,PAY_014833,CUST_0868,SUB_0868,848.64,CARD_EXPIRED,friction_prone,WAIT_AND_RETRY,0.3589,2.0,302.57,37.55
FAIL_002339,PAY_014722,CUST_0863,SUB_0863,9301.15,AUTHENTICATION_FAILED,high_value_loyal,WAIT_AND_RETRY,0.5038,2.0,4683.87,448.34
FAIL_000542,PAY_003650,CUST_0214,SUB_0214,12636.68,LIMIT_EXCEEDED,high_value_loyal,WAIT_AND_RETRY,0.4556,2.0,5755.66,598.47
FAIL_002600,PAY_015936,CUST_0931,SUB_0931,729.59,BANK_DECLINED,normal,WAIT_AND_RETRY,0.4263,2.0,309.06,34.83
FAIL_000878,PAY_005939,CUST_0359,SUB_0359,762.6,AUTHENTICATION_FAILED,low_engagement,WAIT_AND_RETRY,0.3593,2.0,272.03,33.86
FAIL_001989,PAY_012696,CUST_0744,SUB_0744,200.0,INSUFFICIENT_FUNDS,low_engagement,WAIT_AND_RETRY,0.4008,2.0,78.16,10.06
FAIL_001141,PAY_007744,CUST_0458,SUB_0458,3086.94,CARD_EXPIRED,normal,WAIT_AND_RETRY,0.4099,2.0,1263.35,142.11
FAIL_000975,PAY_006500,CUST_0393,SUB_0393,814.36,BANK_DECLINED,low_engagement,WAIT_AND_RETRY,0.3445,2.0,278.51,35.33
FAIL_002106,PAY_013411,CUST_0785,SUB_0785,1990.77,LIMIT_EXCEEDED,friction_prone,WAIT_AND_RETRY,0.3458,2.0,686.37,85.09
FAIL_002580,PAY_015820,CUST_0925,SUB_0925,200.0,AUTHENTICATION_FAILED,low_engagement,WAIT_AND_RETRY,0.3595,2.0,69.9,9.62
FAIL_001354,PAY_008965,CUST_0530,SUB_0530,2315.15,CARD_EXPIRED,normal,WAIT_AND_RETRY,0.4095,2.0,946.11,106.79
FAIL_000129,PAY_000787,CUST_0051,SUB_0051,706.77,AUTHENTICATION_FAILED,friction_prone,WAIT_AND_RETRY,0.3918,2.0,274.91,32.72
FAIL_000277,PAY_001824,CUST_0112,SUB_0112,553.77,INSUFFICIENT_FUNDS,friction_prone,WAIT_AND_RETRY,0.4335,2.0,238.04,26.81
FAIL_000938,PAY_006328,CUST_0380,SUB_0380,2093.21,AUTHENTICATION_FAILED,friction_prone,WAIT_AND_RETRY,0.3989,2.0,833.0,95.65
FAIL_000242,PAY_001634,CUST_0103,SUB_0103,10145.96,NETWORK_ERROR,high_value_loyal,WAIT_AND_RETRY,0.6303,2.0,6393.28,467.19
FAIL_000291,PAY_001902,CUST_0117,SUB_0117,1714.93,INSUFFICIENT_FUNDS,friction_prone,WAIT_AND_RETRY,0.4365,2.0,746.53,81.12
FAIL_000030,PAY_000196,CUST_0017,SUB_0017,988.37,NETWORK_ERROR,low_engagement,WAIT_AND_RETRY,0.4874,2.0,479.75,48.36
FAIL_002769,PAY_017045,CUST_0991,SUB_0991,885.95,AUTHENTICATION_FAILED,friction_prone,WAIT_AND_RETRY,0.3928,2.0,346.01,40.8
FAIL_002411,PAY_015040,CUST_0883,SUB_0883,1083.08,BANK_DECLINED,friction_prone,WAIT_AND_RETRY,0.3752,2.0,404.32,48.67
FAIL_000943,PAY_006383,CUST_0384,SUB_0384,686.09,CARD_EXPIRED,friction_prone,WAIT_AND_RETRY,0.3598,2.0,244.88,30.59
FAIL_002269,PAY_014413,CUST_0843,SUB_0843,638.25,LIMIT_EXCEEDED,low_engagement,WAIT_AND_RETRY,0.316,2.0,199.67,26.61
FAIL_002410,PAY_015039,CUST_0883,SUB_0883,1083.08,NETWORK_ERROR,friction_prone,WAIT_AND_RETRY,0.5234,2.0,564.89,53.18
FAIL_000087,PAY_000444,CUST_0032,SUB_0032,10611.56,LIMIT_EXCEEDED,high_value_loyal,WAIT_AND_RETRY,0.4464,2.0,4735.24,500.02
FAIL_001385,PAY_009117,CUST_0540,SUB_0540,2023.63,INSUFFICIENT_FUNDS,friction_prone,WAIT_AND_RETRY,0.4383,2.0,884.99,95.66
FAIL_000263,PAY_001776,CUST_0110,SUB_0110,697.76,BANK_DECLINED,normal,WAIT_AND_RETRY,0.4254,2.0,294.86,33.33
FAIL_000921,PAY_006182,CUST_0374,SUB_0374,1655.04,BANK_DECLINED,friction_prone,WAIT_AND_RETRY,0.3813,2.0,629.01,74.38
FAIL_001016,PAY_006858,CUST_0412,SUB_0412,449.29,INSUFFICIENT_FUNDS,low_engagement,WAIT_AND_RETRY,0.4027,2.0,178.93,21.39
FAIL_000496,PAY_003241,CUST_0188,SUB_0188,221.49,CARD_EXPIRED,low_engagement,WAIT_AND_RETRY,0.3316,2.0,71.45,10.14
FAIL_001850,PAY_012013,CUST_0704,SUB_0704,685.76,INSUFFICIENT_FUNDS,friction_prone,WAIT_AND_RETRY,0.4388,2.0,298.94,33.09
FAIL_002120,PAY_013497,CUST_0788,SUB_0788,1672.99,BANK_DECLINED,reliable,WAIT_AND_RETRY,0.4682,2.0,781.25,80.6
FAIL_001795,PAY_011806,CUST_0693,SUB_0693,1009.84,CARD_EXPIRED,low_engagement,WAIT_AND_RETRY,0.3292,2.0,330.47,42.51
FAIL_001530,PAY_010123,CUST_0597,SUB_0597,12778.74,LIMIT_EXCEEDED,high_value_loyal,WAIT_AND_RETRY,0.441,2.0,5634.04,599.86
FAIL_001635,PAY_010820,CUST_0636,SUB_0636,666.71,LIMIT_EXCEEDED,friction_prone,WAIT_AND_RETRY,0.3473,2.0,229.53,29.23
FAIL_001277,PAY_008396,CUST_0491,SUB_0491,540.07,INSUFFICIENT_FUNDS,friction_prone,WAIT_AND_RETRY,0.4381,2.0,234.6,26.26
FAIL_000824,PAY_005554,CUST_0336,SUB_0336,1661.44,CARD_EXPIRED,friction_prone,WAIT_AND_RETRY,0.3643,2.0,603.29,73.09
FAIL_002209,PAY_014096,CUST_0824,SUB_0824,311.11,CARD_EXPIRED,low_engagement,WAIT_AND_RETRY,0.3273,2.0,99.83,13.75
FAIL_000868,PAY_005892,CUST_0356,SUB_0356,8418.6,BANK_DECLINED,high_value_loyal,WAIT_AND_RETRY,0.4831,2.0,4064.85,403.85
FAIL_001734,PAY_011398,CUST_0670,SUB_0670,891.7,INSUFFICIENT_FUNDS,normal,WAIT_AND_RETRY,0.4836,2.0,429.2,43.68
FAIL_002485,PAY_015272,CUST_0897,SUB_0897,994.96,INSUFFICIENT_FUNDS,normal,WAIT_AND_RETRY,0.4852,2.0,480.74,48.64
FAIL_002162,PAY_013806,CUST_0807,SUB_0807,200.0,NETWORK_ERROR,low_engagement,WAIT_AND_RETRY,0.493,2.0,96.61,10.6
FAIL_001086,PAY_007332,CUST_0436,SUB_0436,829.5,INSUFFICIENT_FUNDS,friction_prone,WAIT_AND_RETRY,0.432,2.0,356.37,39.63
FAIL_000677,PAY_004699,CUST_0277,SUB_0277,470.05,CARD_EXPIRED,low_engagement,WAIT_AND_RETRY,0.328,2.0,152.16,20.28
FAIL_002252,PAY_014363,CUST_0841,SUB_0841,609.78,BANK_DECLINED,friction_prone,WAIT_AND_RETRY,0.3739,2.0,225.98,27.79
FAIL_001947,PAY_012492,CUST_0731,SUB_0731,1784.87,LIMIT_EXCEEDED,friction_prone,WAIT_AND_RETRY,0.3529,2.0,627.79,77.2
FAIL_000526,PAY_003561,CUST_0211,SUB_0211,1170.85,NETWORK_ERROR,friction_prone,WAIT_AND_RETRY,0.5302,2.0,618.75,57.4
FAIL_000516,PAY_003495,CUST_0207,SUB_0207,1213.6,CARD_EXPIRED,friction_prone,WAIT_AND_RETRY,0.3598,2.0,434.66,53.33
FAIL_002182,PAY_013895,CUST_0810,SUB_0810,1736.57,INSUFFICIENT_FUNDS,friction_prone,WAIT_AND_RETRY,0.4373,2.0,757.37,82.17
FAIL_000284,PAY_001835,CUST_0113,SUB_0113,324.58,INSUFFICIENT_FUNDS,low_engagement,WAIT_AND_RETRY,0.4008,2.0,128.1,15.71
FAIL_001991,PAY_012701,CUST_0744,SUB_0744,200.0,INSUFFICIENT_FUNDS,low_engagement,WAIT_AND_RETRY,0.4008,2.0,78.16,10.06
FAIL_000351,PAY_002307,CUST_0136,SUB_0136,671.28,LIMIT_EXCEEDED,low_engagement,WAIT_AND_RETRY,0.318,2.0,211.5,28.04
FAIL_002744,PAY_016877,CUST_0981,SUB_0981,622.68,NETWORK_ERROR,friction_prone,WAIT_AND_RETRY,0.5177,2.0,320.36,30.99
FAIL_002695,PAY_016595,CUST_0967,SUB_0967,10771.74,BANK_DECLINED,high_value_loyal,WAIT_AND_RETRY,0.4863,2.0,5235.93,516.97
FAIL_000987,PAY_006602,CUST_0398,SUB_0398,669.19,LIMIT_EXCEEDED,low_engagement,WAIT_AND_RETRY,0.3199,2.0,212.1,28.06
FAIL_000238,PAY_001591,CUST_0101,SUB_0101,247.97,INSUFFICIENT_FUNDS,low_engagement,WAIT_AND_RETRY,0.4047,2.0,98.36,12.28
FAIL_000981,PAY_006545,CUST_0396,SUB_0396,5752.09,INSUFFICIENT_FUNDS,high_value_loyal,WAIT_AND_RETRY,0.5394,2.0,3100.57,277.84
FAIL_001260,PAY_008294,CUST_0485,SUB_0485,929.62,BANK_DECLINED,friction_prone,WAIT_AND_RETRY,0.3686,2.0,340.66,41.57
FAIL_001487,PAY_009764,CUST_0578,SUB_0578,1586.51,BANK_DECLINED,friction_prone,WAIT_AND_RETRY,0.3755,2.0,593.76,70.85
FAIL_000459,PAY_003001,CUST_0174,SUB_0174,623.9,CARD_EXPIRED,low_engagement,WAIT_AND_RETRY,0.3313,2.0,204.7,26.74
FAIL_000080,PAY_000353,CUST_0026,SUB_0026,15000.0,INSUFFICIENT_FUNDS,high_value_loyal,WAIT_AND_RETRY,0.5469,2.0,8201.61,722.1
FAIL_002002,PAY_012749,CUST_0746,SUB_0746,450.36,BANK_DECLINED,friction_prone,WAIT_AND_RETRY,0.3701,2.0,164.69,20.69
FAIL_001328,PAY_008697,CUST_0511,SUB_0511,418.75,INSUFFICIENT_FUNDS,low_engagement,WAIT_AND_RETRY,0.3958,2.0,163.72,19.87
FAIL_002454,PAY_015172,CUST_0890,SUB_0890,251.0,INSUFFICIENT_FUNDS,normal,WAIT_AND_RETRY,0.4811,2.0,118.76,13.0
FAIL_000003,PAY_000034,CUST_0004,SUB_0004,406.32,INSUFFICIENT_FUNDS,normal,WAIT_AND_RETRY,0.4848,2.0,194.97,20.45
FAIL_002173,PAY_013836,CUST_0808,SUB_0808,642.76,INSUFFICIENT_FUNDS,low_engagement,WAIT_AND_RETRY,0.3942,2.0,251.41,29.92
FAIL_002210,PAY_014098,CUST_0824,SUB_0824,311.11,CARD_EXPIRED,low_engagement,WAIT_AND_RETRY,0.3273,2.0,99.83,13.75
FAIL_000662,PAY_004578,CUST_0268,SUB_0268,648.75,INSUFFICIENT_FUNDS,normal,WAIT_AND_RETRY,0.4863,2.0,313.49,32.08
FAIL_001532,PAY_010153,CUST_0599,SUB_0599,1262.66,AUTHENTICATION_FAILED,normal,WAIT_AND_RETRY,0.439,2.0,552.25,60.09
FAIL_002668,PAY_016491,CUST_0964,SUB_0964,1091.43,BANK_DECLINED,friction_prone,WAIT_AND_RETRY,0.3772,2.0,409.69,49.16
FAIL_002773,PAY_017095,CUST_0995,SUB_0995,1739.2,LIMIT_EXCEEDED,friction_prone,WAIT_AND_RETRY,0.3456,2.0,599.05,74.44
FAIL_002495,PAY_015353,CUST_0902,SUB_0902,1011.26,CARD_EXPIRED,friction_prone,WAIT_AND_RETRY,0.3573,2.0,359.28,44.45
FAIL_002640,PAY_016232,CUST_0947,SUB_0947,773.95,INSUFFICIENT_FUNDS,low_engagement,WAIT_AND_RETRY,0.4021,2.0,309.21,36.11
FAIL_002618,PAY_016090,CUST_0939,SUB_0939,368.13,BANK_DECLINED,low_engagement,WAIT_AND_RETRY,0.3398,2.0,123.08,16.4
FAIL_001223,PAY_008125,CUST_0477,SUB_0477,580.5,BANK_DECLINED,friction_prone,WAIT_AND_RETRY,0.3765,2.0,216.58,26.59
FAIL_002562,PAY_015685,CUST_0918,SUB_0918,595.63,BANK_DECLINED,friction_prone,WAIT_AND_RETRY,0.3756,2.0,221.7,27.23
FAIL_000436,PAY_002868,CUST_0168,SUB_0168,1204.32,INSUFFICIENT_FUNDS,normal,WAIT_AND_RETRY,0.484,2.0,580.84,58.65
FAIL_002080,PAY_013265,CUST_0777,SUB_0777,772.21,LIMIT_EXCEEDED,reliable,WAIT_AND_RETRY,0.4321,2.0,331.68,36.96
FAIL_000732,PAY_005068,CUST_0303,SUB_0303,1311.68,NETWORK_ERROR,normal,WAIT_AND_RETRY,0.5762,2.0,753.79,63.49
FAIL_002051,PAY_013036,CUST_0763,SUB_0763,580.18,INSUFFICIENT_FUNDS,low_engagement,WAIT_AND_RETRY,0.4036,2.0,232.18,27.36
FAIL_001079,PAY_007298,CUST_0435,SUB_0435,779.11,CARD_EXPIRED,low_engagement,WAIT_AND_RETRY,0.3322,2.0,256.84,33.19
FAIL_000014,PAY_000115,CUST_0011,SUB_0011,1603.39,INSUFFICIENT_FUNDS,friction_prone,WAIT_AND_RETRY,0.4259,2.0,680.91,75.31
FAIL_001859,PAY_012036,CUST_0705,SUB_0705,937.29,AUTHENTICATION_FAILED,low_engagement,WAIT_AND_RETRY,0.3648,2.0,339.93,41.7
FAIL_000648,PAY_004358,CUST_0255,SUB_0255,893.84,NETWORK_ERROR,low_engagement,WAIT_AND_RETRY,0.4868,2.0,433.16,43.82
FAIL_001781,PAY_011724,CUST_0687,SUB_0687,345.77,LIMIT_EXCEEDED,normal,WAIT_AND_RETRY,0.3967,2.0,135.18,16.6
FAIL_001203,PAY_008059,CUST_0474,SUB_0474,468.79,NETWORK_ERROR,reliable,WAIT_AND_RETRY,0.6077,2.0,282.88,22.94
FAIL_002794,PAY_017200,CUST_1000,SUB_1000,307.85,INSUFFICIENT_FUNDS,low_engagement,WAIT_AND_RETRY,0.4022,2.0,121.81,14.97
FAIL_002762,PAY_017023,CUST_0990,SUB_0990,1096.67,INSUFFICIENT_FUNDS,normal,WAIT_AND_RETRY,0.4857,2.0,530.7,53.52
FAIL_002626,PAY_016140,CUST_0942,SUB_0942,568.27,BANK_DECLINED,friction_prone,WAIT_AND_RETRY,0.3788,2.0,213.26,26.12
FAIL_001093,PAY_007362,CUST_0437,SUB_0437,1516.92,CARD_EXPIRED,normal,WAIT_AND_RETRY,0.4142,2.0,626.29,70.61
FAIL_002200,PAY_014028,CUST_0819,SUB_0819,1986.45,BANK_DECLINED,reliable,WAIT_AND_RETRY,0.4641,2.0,919.87,95.33
FAIL_000470,PAY_003078,CUST_0180,SUB_0180,1171.97,INSUFFICIENT_FUNDS,normal,WAIT_AND_RETRY,0.4843,2.0,565.59,57.1
FAIL_000048,PAY_000262,CUST_0021,SUB_0021,7397.62,BANK_DECLINED,high_value_loyal,WAIT_AND_RETRY,0.4656,2.0,3442.38,352.54
FAIL_002267,PAY_014408,CUST_0843,SUB_0843,638.25,AUTHENTICATION_FAILED,low_engagement,WAIT_AND_RETRY,0.3607,2.0,228.24,28.56
FAIL_001030,PAY_006973,CUST_0419,SUB_0419,1157.68,INSUFFICIENT_FUNDS,reliable,WAIT_AND_RETRY,0.5237,2.0,604.33,56.77
FAIL_002168,PAY_013825,CUST_0807,SUB_0807,200.0,INSUFFICIENT_FUNDS,low_engagement,WAIT_AND_RETRY,0.4036,2.0,78.72,10.09
FAIL_001918,PAY_012318,CUST_0720,SUB_0720,566.77,BANK_DECLINED,friction_prone,WAIT_AND_RETRY,0.3783,2.0,212.42,26.04
FAIL_002441,PAY_015138,CUST_0888,SUB_0888,14993.1,INSUFFICIENT_FUNDS,high_value_loyal,WAIT_AND_RETRY,0.542,2.0,8123.67,722.35
FAIL_001564,PAY_010470,CUST_0617,SUB_0617,469.95,INSUFFICIENT_FUNDS,normal,WAIT_AND_RETRY,0.4782,2.0,222.72,23.45
FAIL_001577,PAY_010557,CUST_0625,SUB_0625,2210.87,NETWORK_ERROR,friction_prone,WAIT_AND_RETRY,0.5256,2.0,1160.11,107.51
FAIL_000261,PAY_001768,CUST_0110,SUB_0110,697.76,AUTHENTICATION_FAILED,normal,WAIT_AND_RETRY,0.4449,2.0,308.4,33.78
FAIL_002443,PAY_015144,CUST_0889,SUB_0889,1368.01,INSUFFICIENT_FUNDS,friction_prone,WAIT_AND_RETRY,0.4356,2.0,593.92,64.87
FAIL_001730,PAY_011343,CUST_0666,SUB_0666,1090.5,INSUFFICIENT_FUNDS,friction_prone,WAIT_AND_RETRY,0.4344,2.0,471.74,51.87
FAIL_000656,PAY_004480,CUST_0262,SUB_0262,1739.87,BANK_DECLINED,reliable,WAIT_AND_RETRY,0.466,2.0,808.85,83.7
FAIL_002571,PAY_015740,CUST_0921,SUB_0921,415.4,CARD_EXPIRED,friction_prone,WAIT_AND_RETRY,0.3634,2.0,148.94,19.0
FAIL_000627,PAY_004208,CUST_0248,SUB_0248,200.0,INSUFFICIENT_FUNDS,low_engagement,WAIT_AND_RETRY,0.3982,2.0,77.64,10.04
FAIL_000450,PAY_002947,CUST_0171,SUB_0171,14917.0,NETWORK_ERROR,high_value_loyal,WAIT_AND_RETRY,0.6381,2.0,9516.41,681.33
FAIL_000193,PAY_001279,CUST_0083,SUB_0083,1152.82,INSUFFICIENT_FUNDS,friction_prone,WAIT_AND_RETRY,0.4353,2.0,499.82,54.81
FAIL_000373,PAY_002470,CUST_0145,SUB_0145,1162.18,CARD_EXPIRED,low_engagement,WAIT_AND_RETRY,0.3348,2.0,387.14,49.23
FAIL_002022,PAY_012793,CUST_0748,SUB_0748,200.0,AUTHENTICATION_FAILED,low_engagement,WAIT_AND_RETRY,0.3528,2.0,68.55,9.54
FAIL_002088,PAY_013305,CUST_0778,SUB_0778,1859.33,NETWORK_ERROR,normal,WAIT_AND_RETRY,0.5777,2.0,1072.09,89.53
FAIL_000567,PAY_003794,CUST_0222,SUB_0222,1605.38,INSUFFICIENT_FUNDS,friction_prone,WAIT_AND_RETRY,0.4328,2.0,692.85,75.8
FAIL_000899,PAY_006027,CUST_0366,SUB_0366,1420.91,BANK_DECLINED,normal,WAIT_AND_RETRY,0.4247,2.0,601.4,66.79
FAIL_001483,PAY_009732,CUST_0577,SUB_0577,576.58,INSUFFICIENT_FUNDS,low_engagement,WAIT_AND_RETRY,0.4053,2.0,231.71,27.24
FAIL_001636,PAY_010822,CUST_0636,SUB_0636,666.71,INSUFFICIENT_FUNDS,friction_prone,WAIT_AND_RETRY,0.4332,2.0,286.85,32.07
FAIL_002391,PAY_014950,CUST_0875,SUB_0875,1152.64,INSUFFICIENT_FUNDS,friction_prone,WAIT_AND_RETRY,0.4355,2.0,499.94,54.81
FAIL_001755,PAY_011530,CUST_0679,SUB_0679,1699.94,INSUFFICIENT_FUNDS,normal,WAIT_AND_RETRY,0.4892,2.0,829.62,82.5
FAIL_002395,PAY_014955,CUST_0875,SUB_0875,1152.64,BANK_DECLINED,friction_prone,WAIT_AND_RETRY,0.3774,2.0,432.97,51.87
FAIL_001077,PAY_007290,CUST_0434,SUB_0434,418.23,NETWORK_ERROR,normal,WAIT_AND_RETRY,0.5788,2.0,240.06,20.9
FAIL_002208,PAY_014093,CUST_0824,SUB_0824,311.11,BANK_DECLINED,low_engagement,WAIT_AND_RETRY,0.3387,2.0,103.38,13.99
FAIL_002300,PAY_014497,CUST_0851,SUB_0851,741.13,BANK_DECLINED,normal,WAIT_AND_RETRY,0.4203,2.0,309.5,35.19
FAIL_001011,PAY_006805,CUST_0409,SUB_0409,432.26,CARD_EXPIRED,low_engagement,WAIT_AND_RETRY,0.3367,2.0,143.54,18.99
FAIL_002789,PAY_017176,CUST_1000,SUB_1000,307.85,INSUFFICIENT_FUNDS,low_engagement,WAIT_AND_RETRY,0.4022,2.0,121.81,14.97
FAIL_001085,PAY_007331,CUST_0436,SUB_0436,829.5,BANK_DECLINED,friction_prone,WAIT_AND_RETRY,0.3741,2.0,308.3,37.46
FAIL_000586,PAY_003964,CUST_0234,SUB_0234,992.15,INSUFFICIENT_FUNDS,normal,WAIT_AND_RETRY,0.4891,2.0,483.22,48.56
FAIL_001880,PAY_012113,CUST_0708,SUB_0708,1097.17,INSUFFICIENT_FUNDS,normal,WAIT_AND_RETRY,0.4882,2.0,533.62,53.58
FAIL_002634,PAY_016214,CUST_0947,SUB_0947,773.95,CARD_EXPIRED,low_engagement,WAIT_AND_RETRY,0.3342,2.0,256.64,33.08
FAIL_001621,PAY_010789,CUST_0635,SUB_0635,13569.88,BANK_DECLINED,high_value_loyal,WAIT_AND_RETRY,0.4858,2.0,6590.22,650.91
FAIL_002045,PAY_012938,CUST_0758,SUB_0758,372.35,NETWORK_ERROR,friction_prone,WAIT_AND_RETRY,0.5252,2.0,193.54,18.94
FAIL_002685,PAY_016528,CUST_0965,SUB_0965,817.6,INSUFFICIENT_FUNDS,normal,WAIT_AND_RETRY,0.4879,2.0,396.87,40.18
FAIL_000871,PAY_005919,CUST_0358,SUB_0358,533.16,BANK_DECLINED,normal,WAIT_AND_RETRY,0.4272,2.0,225.79,25.74
FAIL_001289,PAY_008443,CUST_0493,SUB_0493,489.64,BANK_DECLINED,low_engagement,WAIT_AND_RETRY,0.3469,2.0,167.83,21.72
FAIL_002324,PAY_014605,CUST_0857,SUB_0857,436.65,INSUFFICIENT_FUNDS,low_engagement,WAIT_AND_RETRY,0.3957,2.0,170.77,20.68
FAIL_000865,PAY_005882,CUST_0356,SUB_0356,8418.6,INSUFFICIENT_FUNDS,high_value_loyal,WAIT_AND_RETRY,0.5433,2.0,4571.5,405.96
FAIL_000272,PAY_001812,CUST_0112,SUB_0112,553.77,INSUFFICIENT_FUNDS,friction_prone,WAIT_AND_RETRY,0.4335,2.0,238.04,26.81
FAIL_001097,PAY_007411,CUST_0439,SUB_0439,694.64,AUTHENTICATION_FAILED,low_engagement,WAIT_AND_RETRY,0.361,2.0,248.76,31.0
FAIL_001644,PAY_010880,CUST_0640,SUB_0640,1249.65,INSUFFICIENT_FUNDS,friction_prone,WAIT_AND_RETRY,0.4349,2.0,541.45,59.31
FAIL_001293,PAY_008460,CUST_0493,SUB_0493,489.64,LIMIT_EXCEEDED,low_engagement,WAIT_AND_RETRY,0.3199,2.0,154.65,20.8
FAIL_000132,PAY_000794,CUST_0051,SUB_0051,706.77,INSUFFICIENT_FUNDS,friction_prone,WAIT_AND_RETRY,0.4311,2.0,302.66,33.89
FAIL_000939,PAY_006332,CUST_0380,SUB_0380,2093.21,CARD_EXPIRED,friction_prone,WAIT_AND_RETRY,0.3681,2.0,768.48,92.29
FAIL_000230,PAY_001514,CUST_0098,SUB_0098,1282.95,LIMIT_EXCEEDED,friction_prone,WAIT_AND_RETRY,0.3512,2.0,448.58,55.64
FAIL_001329,PAY_008719,CUST_0512,SUB_0512,2720.0,CARD_EXPIRED,reliable,WAIT_AND_RETRY,0.4486,2.0,1218.31,129.09
FAIL_000900,PAY_006032,CUST_0366,SUB_0366,1420.91,BANK_DECLINED,normal,WAIT_AND_RETRY,0.4247,2.0,601.4,66.79
FAIL_002282,PAY_014438,CUST_0846,SUB_0846,518.72,BANK_DECLINED,low_engagement,WAIT_AND_RETRY,0.3338,2.0,171.14,22.49
FAIL_002622,PAY_016132,CUST_0942,SUB_0942,568.27,BANK_DECLINED,friction_prone,WAIT_AND_RETRY,0.3788,2.0,213.26,26.12
FAIL_001106,PAY_007450,CUST_0441,SUB_0441,791.33,CARD_EXPIRED,friction_prone,WAIT_AND_RETRY,0.3593,2.0,282.31,35.1
FAIL_001555,PAY_010362,CUST_0610,SUB_0610,11684.35,INSUFFICIENT_FUNDS,high_value_loyal,WAIT_AND_RETRY,0.545,2.0,6366.36,562.89
FAIL_001894,PAY_012179,CUST_0713,SUB_0713,200.0,NETWORK_ERROR,low_engagement,WAIT_AND_RETRY,0.4915,2.0,96.3,10.59
FAIL_000670,PAY_004676,CUST_0276,SUB_0276,382.33,BANK_DECLINED,low_engagement,WAIT_AND_RETRY,0.342,2.0,128.76,17.05
FAIL_001003,PAY_006742,CUST_0406,SUB_0406,449.13,NETWORK_ERROR,low_engagement,WAIT_AND_RETRY,0.4909,2.0,218.46,22.54
FAIL_002188,PAY_013912,CUST_0812,SUB_0812,926.3,CARD_EXPIRED,low_engagement,WAIT_AND_RETRY,0.324,2.0,298.08,38.73
FAIL_000701,PAY_004795,CUST_0285,SUB_0285,472.43,NETWORK_ERROR,normal,WAIT_AND_RETRY,0.5731,2.0,268.75,23.54
FAIL_002601,PAY_015975,CUST_0932,SUB_0932,2080.35,BANK_DECLINED,normal,WAIT_AND_RETRY,0.4318,2.0,896.24,97.86
FAIL_002496,PAY_015360,CUST_0902,SUB_0902,1011.26,INSUFFICIENT_FUNDS,friction_prone,WAIT_AND_RETRY,0.4269,2.0,429.67,47.9
FAIL_000293,PAY_001906,CUST_0117,SUB_0117,1714.93,BANK_DECLINED,friction_prone,WAIT_AND_RETRY,0.3783,2.0,646.81,76.77
FAIL_002655,PAY_016362,CUST_0955,SUB_0955,319.2,INSUFFICIENT_FUNDS,low_engagement,WAIT_AND_RETRY,0.4006,2.0,125.88,15.46
FAIL_001094,PAY_007383,CUST_0438,SUB_0438,1106.29,INSUFFICIENT_FUNDS,normal,WAIT_AND_RETRY,0.4901,2.0,540.19,54.05
FAIL_000859,PAY_005828,CUST_0353,SUB_0353,1421.41,INSUFFICIENT_FUNDS,normal,WAIT_AND_RETRY,0.49,2.0,694.51,69.16
FAIL_001456,PAY_009624,CUST_0572,SUB_0572,12441.81,LIMIT_EXCEEDED,high_value_loyal,WAIT_AND_RETRY,0.4493,2.0,5587.85,587.12
FAIL_001517,PAY_009979,CUST_0589,SUB_0589,998.51,BANK_DECLINED,normal,WAIT_AND_RETRY,0.4243,2.0,421.71,47.22
FAIL_000667,PAY_004608,CUST_0270,SUB_0270,462.89,NETWORK_ERROR,friction_prone,WAIT_AND_RETRY,0.5201,2.0,238.73,23.3
FAIL_001495,PAY_009821,CUST_0581,SUB_0581,369.27,LIMIT_EXCEEDED,friction_prone,WAIT_AND_RETRY,0.3441,2.0,125.05,16.56
FAIL_002604,PAY_016036,CUST_0935,SUB_0935,295.63,INSUFFICIENT_FUNDS,low_engagement,WAIT_AND_RETRY,0.4023,2.0,116.95,14.41
FAIL_001858,PAY_012034,CUST_0705,SUB_0705,937.29,INSUFFICIENT_FUNDS,low_engagement,WAIT_AND_RETRY,0.4032,2.0,375.87,43.57
FAIL_002761,PAY_017021,CUST_0990,SUB_0990,1096.67,BANK_DECLINED,normal,WAIT_AND_RETRY,0.426,2.0,465.17,51.83
FAIL_002755,PAY_017007,CUST_0989,SUB_0989,997.84,LIMIT_EXCEEDED,friction_prone,WAIT_AND_RETRY,0.3411,2.0,338.37,42.84
FAIL_000414,PAY_002686,CUST_0158,SUB_0158,2492.3,INSUFFICIENT_FUNDS,friction_prone,WAIT_AND_RETRY,0.433,2.0,1077.25,117.14
FAIL_000954,PAY_006420,CUST_0386,SUB_0386,978.94,CARD_EXPIRED,normal,WAIT_AND_RETRY,0.4092,2.0,398.59,45.72
FAIL_000327,PAY_002191,CUST_0130,SUB_0130,785.26,INSUFFICIENT_FUNDS,friction_prone,WAIT_AND_RETRY,0.4292,2.0,335.05,37.49
FAIL_001186,PAY_007944,CUST_0468,SUB_0468,1737.7,INSUFFICIENT_FUNDS,friction_prone,WAIT_AND_RETRY,0.438,2.0,759.06,82.26
FAIL_000934,PAY_006277,CUST_0377,SUB_0377,929.32,INSUFFICIENT_FUNDS,normal,WAIT_AND_RETRY,0.4855,2.0,449.19,45.5
FAIL_002709,PAY_016695,CUST_0971,SUB_0971,401.23,BANK_DECLINED,friction_prone,WAIT_AND_RETRY,0.3754,2.0,148.63,18.66
FAIL_000188,PAY_001187,CUST_0079,SUB_0079,2676.77,INSUFFICIENT_FUNDS,normal,WAIT_AND_RETRY,0.488,2.0,1304.34,129.28
FAIL_000285,PAY_001836,CUST_0113,SUB_0113,324.58,BANK_DECLINED,low_engagement,WAIT_AND_RETRY,0.3445,2.0,109.82,14.68
FAIL_000788,PAY_005407,CUST_0325,SUB_0325,726.01,INSUFFICIENT_FUNDS,low_engagement,WAIT_AND_RETRY,0.4008,2.0,288.96,33.89
FAIL_002365,PAY_014883,CUST_0872,SUB_0872,471.51,LIMIT_EXCEEDED,low_engagement,WAIT_AND_RETRY,0.3169,2.0,147.4,19.95
FAIL_001482,PAY_009722,CUST_0577,SUB_0577,576.58,BANK_DECLINED,low_engagement,WAIT_AND_RETRY,0.3488,2.0,199.09,25.47
FAIL_002534,PAY_015570,CUST_0913,SUB_0913,1397.1,BANK_DECLINED,low_engagement,WAIT_AND_RETRY,0.3459,2.0,481.25,60.02
FAIL_002575,PAY_015784,CUST_0923,SUB_0923,786.88,INSUFFICIENT_FUNDS,low_engagement,WAIT_AND_RETRY,0.4007,2.0,313.26,36.65
FAIL_001201,PAY_008048,CUST_0473,SUB_0473,1039.13,CARD_EXPIRED,friction_prone,WAIT_AND_RETRY,0.3654,2.0,377.75,46.16
FAIL_002262,PAY_014394,CUST_0843,SUB_0843,638.25,BANK_DECLINED,low_engagement,WAIT_AND_RETRY,0.3427,2.0,216.75,27.83
FAIL_000323,PAY_002174,CUST_0128,SUB_0128,14456.27,AUTHENTICATION_FAILED,high_value_loyal,WAIT_AND_RETRY,0.5053,2.0,7302.14,696.43
FAIL_001551,PAY_010344,CUST_0609,SUB_0609,1520.27,CARD_EXPIRED,friction_prone,WAIT_AND_RETRY,0.3651,2.0,553.06,67.04
FAIL_000512,PAY_003464,CUST_0204,SUB_0204,213.4,BANK_DECLINED,low_engagement,WAIT_AND_RETRY,0.3399,2.0,70.53,9.93
FAIL_002197,PAY_013971,CUST_0816,SUB_0816,9124.45,BANK_DECLINED,high_value_loyal,WAIT_AND_RETRY,0.4815,2.0,4391.6,437.4
FAIL_001882,PAY_012117,CUST_0708,SUB_0708,1097.17,BANK_DECLINED,normal,WAIT_AND_RETRY,0.4284,2.0,468.0,51.95
FAIL_000178,PAY_001106,CUST_0073,SUB_0073,1637.14,BANK_DECLINED,friction_prone,WAIT_AND_RETRY,0.3728,2.0,608.31,72.84
FAIL_001084,PAY_007330,CUST_0436,SUB_0436,829.5,BANK_DECLINED,friction_prone,WAIT_AND_RETRY,0.3741,2.0,308.3,37.46
FAIL_002473,PAY_015227,CUST_0893,SUB_0893,2414.17,NETWORK_ERROR,normal,WAIT_AND_RETRY,0.5537,2.0,1334.81,116.89
FAIL_001409,PAY_009258,CUST_0550,SUB_0550,7064.05,INSUFFICIENT_FUNDS,high_value_loyal,WAIT_AND_RETRY,0.5393,2.0,3807.7,340.99
FAIL_001471,PAY_009670,CUST_0574,SUB_0574,918.08,LIMIT_EXCEEDED,reliable,WAIT_AND_RETRY,0.4381,2.0,400.25,43.94
FAIL_000397,PAY_002646,CUST_0156,SUB_0156,985.5,BANK_DECLINED,friction_prone,WAIT_AND_RETRY,0.3749,2.0,367.51,44.36
FAIL_001557,PAY_010374,CUST_0610,SUB_0610,11684.35,INSUFFICIENT_FUNDS,high_value_loyal,WAIT_AND_RETRY,0.545,2.0,6366.36,562.89
FAIL_000380,PAY_002556,CUST_0151,SUB_0151,1459.65,CARD_EXPIRED,friction_prone,WAIT_AND_RETRY,0.3612,2.0,525.26,64.07
FAIL_000419,PAY_002728,CUST_0161,SUB_0161,9716.42,LIMIT_EXCEEDED,high_value_loyal,WAIT_AND_RETRY,0.4554,2.0,4422.79,460.34
FAIL_001379,PAY_009095,CUST_0537,SUB_0537,547.66,BANK_DECLINED,low_engagement,WAIT_AND_RETRY,0.3373,2.0,182.73,23.82
FAIL_000882,PAY_005955,CUST_0361,SUB_0361,1451.55,INSUFFICIENT_FUNDS,normal,WAIT_AND_RETRY,0.4729,2.0,684.45,70.2
FAIL_000637,PAY_004303,CUST_0252,SUB_0252,609.3,INSUFFICIENT_FUNDS,low_engagement,WAIT_AND_RETRY,0.3991,2.0,241.17,28.56
FAIL_001139,PAY_007742,CUST_0457,SUB_0457,1961.94,BANK_DECLINED,friction_prone,WAIT_AND_RETRY,0.3819,2.0,747.31,88.06
FAIL_001394,PAY_009174,CUST_0545,SUB_0545,321.75,INSUFFICIENT_FUNDS,low_engagement,WAIT_AND_RETRY,0.401,2.0,127.02,15.58
FAIL_001732,PAY_011352,CUST_0667,SUB_0667,651.62,NETWORK_ERROR,low_engagement,WAIT_AND_RETRY,0.4751,2.0,307.58,32.09
FAIL_000654,PAY_004463,CUST_0262,SUB_0262,1739.87,BANK_DECLINED,reliable,WAIT_AND_RETRY,0.466,2.0,808.85,83.7
FAIL_000027,PAY_000181,CUST_0015,SUB_0015,1187.03,INSUFFICIENT_FUNDS,friction_prone,WAIT_AND_RETRY,0.436,2.0,515.6,56.44
FAIL_001140,PAY_007743,CUST_0458,SUB_0458,3086.94,INSUFFICIENT_FUNDS,normal,WAIT_AND_RETRY,0.4821,2.0,1486.14,148.67
FAIL_002414,PAY_015044,CUST_0883,SUB_0883,1083.08,INSUFFICIENT_FUNDS,friction_prone,WAIT_AND_RETRY,0.4332,2.0,467.14,51.48
FAIL_001840,PAY_011987,CUST_0703,SUB_0703,360.66,LIMIT_EXCEEDED,friction_prone,WAIT_AND_RETRY,0.3514,2.0,124.73,16.36
FAIL_000903,PAY_006078,CUST_0369,SUB_0369,803.69,LIMIT_EXCEEDED,low_engagement,WAIT_AND_RETRY,0.319,2.0,254.35,33.44
FAIL_001719,PAY_011270,CUST_0662,SUB_0662,8298.83,AUTHENTICATION_FAILED,high_value_loyal,WAIT_AND_RETRY,0.5043,2.0,4182.8,400.16
FAIL_002233,PAY_014219,CUST_0832,SUB_0832,2452.06,INSUFFICIENT_FUNDS,normal,WAIT_AND_RETRY,0.4875,2.0,1193.31,118.5
FAIL_002662,PAY_016408,CUST_0958,SUB_0958,1863.63,INSUFFICIENT_FUNDS,normal,WAIT_AND_RETRY,0.4879,2.0,907.18,90.31
FAIL_000815,PAY_005524,CUST_0335,SUB_0335,997.42,BANK_DECLINED,friction_prone,WAIT_AND_RETRY,0.3743,2.0,371.36,44.85
FAIL_002299,PAY_014496,CUST_0851,SUB_0851,741.13,BANK_DECLINED,normal,WAIT_AND_RETRY,0.4203,2.0,309.5,35.19
FAIL_000109,PAY_000678,CUST_0044,SUB_0044,781.5,BANK_DECLINED,reliable,WAIT_AND_RETRY,0.4653,2.0,361.59,38.13
FAIL_002466,PAY_015207,CUST_0892,SUB_0892,429.37,BANK_DECLINED,friction_prone,WAIT_AND_RETRY,0.3771,2.0,159.91,19.94
FAIL_002070,PAY_013100,CUST_0766,SUB_0766,1882.53,LIMIT_EXCEEDED,friction_prone,WAIT_AND_RETRY,0.3444,2.0,646.3,80.34
FAIL_000953,PAY_006419,CUST_0386,SUB_0386,978.94,LIMIT_EXCEEDED,normal,WAIT_AND_RETRY,0.3925,2.0,382.19,44.96
FAIL_000896,PAY_006008,CUST_0364,SUB_0364,376.34,INSUFFICIENT_FUNDS,friction_prone,WAIT_AND_RETRY,0.4353,2.0,161.82,18.57
FAIL_000384,PAY_002602,CUST_0154,SUB_0154,413.01,BANK_DECLINED,reliable,WAIT_AND_RETRY,0.4651,2.0,190.1,20.62
FAIL_000123,PAY_000747,CUST_0047,SUB_0047,1330.55,CARD_EXPIRED,normal,WAIT_AND_RETRY,0.4095,2.0,542.82,61.8
FAIL_000131,PAY_000793,CUST_0051,SUB_0051,706.77,INSUFFICIENT_FUNDS,friction_prone,WAIT_AND_RETRY,0.4311,2.0,302.66,33.89
FAIL_001729,PAY_011337,CUST_0666,SUB_0666,1090.5,BANK_DECLINED,friction_prone,WAIT_AND_RETRY,0.3764,2.0,408.42,49.07
FAIL_002419,PAY_015054,CUST_0883,SUB_0883,1083.08,LIMIT_EXCEEDED,friction_prone,WAIT_AND_RETRY,0.3472,2.0,374.05,46.85
FAIL_000357,PAY_002348,CUST_0138,SUB_0138,1037.22,LIMIT_EXCEEDED,reliable,WAIT_AND_RETRY,0.4293,2.0,443.28,49.2
FAIL_002234,PAY_014224,CUST_0832,SUB_0832,2452.06,BANK_DECLINED,normal,WAIT_AND_RETRY,0.4277,2.0,1046.71,114.81
FAIL_002772,PAY_017079,CUST_0993,SUB_0993,6771.64,BANK_DECLINED,high_value_loyal,WAIT_AND_RETRY,0.4714,2.0,3190.04,323.62
FAIL_000420,PAY_002758,CUST_0162,SUB_0162,293.46,INSUFFICIENT_FUNDS,low_engagement,WAIT_AND_RETRY,0.4034,2.0,116.38,14.33
FAIL_000572,PAY_003822,CUST_0224,SUB_0224,1274.95,BANK_DECLINED,low_engagement,WAIT_AND_RETRY,0.3387,2.0,429.78,54.25
FAIL_000915,PAY_006138,CUST_0372,SUB_0372,454.36,BANK_DECLINED,friction_prone,WAIT_AND_RETRY,0.377,2.0,169.28,21.04
FAIL_001004,PAY_006746,CUST_0406,SUB_0406,449.13,LIMIT_EXCEEDED,low_engagement,WAIT_AND_RETRY,0.3183,2.0,140.95,19.1
FAIL_001127,PAY_007592,CUST_0449,SUB_0449,688.54,AUTHENTICATION_FAILED,low_engagement,WAIT_AND_RETRY,0.3577,2.0,244.27,30.6
FAIL_000103,PAY_000585,CUST_0039,SUB_0039,13129.92,CARD_EXPIRED,high_value_loyal,WAIT_AND_RETRY,0.4676,2.0,6137.23,625.51
FAIL_000457,PAY_002994,CUST_0173,SUB_0173,655.36,CARD_EXPIRED,low_engagement,WAIT_AND_RETRY,0.3344,2.0,217.13,28.18
FAIL_002620,PAY_016129,CUST_0942,SUB_0942,568.27,AUTHENTICATION_FAILED,friction_prone,WAIT_AND_RETRY,0.3975,2.0,223.91,26.66
