subscription_id,customer_id,plan,monthly_amount,billing_interval,start_date,next_billing_date,status
SUB_0001,CUST_0001,pro,1904.0,monthly,2026-07-06,2026-09-04,active
SUB_0002,CUST_0002,pro,492.77,monthly,2026-03-11,2026-09-07,active
SUB_0003,CUST_0003,starter,337.62,monthly,2025-12-20,2026-09-16,active
SUB_0004,CUST_0004,starter,406.32,monthly,2024-08-16,2026-09-05,active
SUB_0005,CUST_0005,pro,6267.08,monthly,2025-10-20,2026-09-15,active
SUB_0006,CUST_0006,growth,1013.11,monthly,2025-04-14,2026-09-06,active
SUB_0007,CUST_0007,growth,7726.04,monthly,2026-03-07,2026-09-03,active
SUB_0008,CUST_0008,pro,11574.78,monthly,2025-07-26,2026-09-19,active
SUB_0009,CUST_0009,pro,2904.8,monthly,2024-09-03,2026-09-23,active
SUB_0010,CUST_0010,pro,7957.62,monthly,2026-07-12,2026-09-10,active
SUB_0011,CUST_0011,pro,1603.39,monthly,2025-11-28,2026-09-24,active
SUB_0012,CUST_0012,growth,487.43,monthly,2026-02-12,2026-09-10,active
SUB_0013,CUST_0013,starter,709.07,monthly,2025-06-18,2026-09-11,active
SUB_0014,CUST_0014,growth,2172.96,monthly,2025-02-20,2026-09-13,active
SUB_0015,CUST_0015,starter,1187.03,monthly,2024-05-03,2026-09-20,active
SUB_0016,CUST_0016,pro,4281.76,monthly,2026-02-23,2026-09-21,active
SUB_0017,CUST_0017,starter,988.37,monthly,2025-03-30,2026-09-21,active
SUB_0018,CUST_0018,pro,472.83,monthly,2026-01-03,2026-08-31,active
SUB_0019,CUST_0019,starter,2269.23,monthly,2025-04-18,2026-09-10,active
SUB_0020,CUST_0020,pro,641.27,monthly,2023-12-20,2026-09-05,active
SUB_0021,CUST_0021,pro,7397.62,monthly,2026-03-23,2026-09-19,active
SUB_0022,CUST_0022,growth,929.98,monthly,2024-09-01,2026-09-21,active
SUB_0023,CUST_0023,pro,1192.85,monthly,2024-04-16,2026-09-03,active
SUB_0024,CUST_0024,growth,1472.48,monthly,2026-06-16,2026-09-14,active
SUB_0025,CUST_0025,pro,2062.52,monthly,2025-07-24,2026-09-17,active
SUB_0026,CUST_0026,pro,15000,monthly,2024-09-06,2026-09-26,active
SUB_0027,CUST_0027,starter,1361.13,monthly,2026-03-03,2026-09-29,active
SUB_0028,CUST_0028,growth,1163.57,monthly,2026-01-13,2026-09-10,active
SUB_0029,CUST_0029,growth,1707.17,monthly,2024-05-25,2026-09-12,active
SUB_0030,CUST_0030,growth,1347.23,monthly,2025-05-07,2026-09-29,active
SUB_0031,CUST_0031,growth,1539.65,monthly,2024-03-06,2026-09-22,active
SUB_0032,CUST_0032,growth,10611.56,monthly,2025-08-30,2026-09-24,active
SUB_0033,CUST_0033,pro,1856.81,monthly,2024-05-23,2026-09-10,active
SUB_0034,CUST_0034,pro,3230.65,monthly,2024-08-17,2026-09-06,active
SUB_0035,CUST_0035,pro,6640.78,monthly,2025-05-11,2026-09-03,active
SUB_0036,CUST_0036,growth,1214.61,monthly,2025-10-18,2026-09-13,active
SUB_0037,CUST_0037,pro,9606.42,monthly,2024-05-11,2026-09-28,active
SUB_0038,CUST_0038,starter,1015.59,monthly,2025-09-25,2026-09-20,active
SUB_0039,CUST_0039,pro,13129.92,monthly,2025-05-06,2026-09-28,active
SUB_0040,CUST_0040,starter,721.19,monthly,2025-12-12,2026-09-08,active
SUB_0041,CUST_0041,growth,1850.51,monthly,2023-12-04,2026-09-19,active
SUB_0042,CUST_0042,growth,7945.8,monthly,2023-12-09,2026-09-24,active
SUB_0043,CUST_0043,starter,432.96,monthly,2026-06-24,2026-09-22,active
SUB_0044,CUST_0044,starter,781.5,monthly,2024-05-31,2026-09-18,active
SUB_0045,CUST_0045,growth,382.43,monthly,2025-03-08,2026-09-29,active
SUB_0046,CUST_0046,pro,405.71,monthly,2024-07-18,2026-09-06,active
SUB_0047,CUST_0047,growth,1330.55,monthly,2025-03-04,2026-09-25,active
SUB_0048,CUST_0048,pro,14057.81,monthly,2025-09-10,2026-09-05,active
SUB_0049,CUST_0049,pro,4478.57,monthly,2025-05-03,2026-09-25,active
SUB_0050,CUST_0050,pro,1733.33,monthly,2025-12-06,2026-09-02,active
SUB_0051,CUST_0051,starter,706.77,monthly,2024-12-07,2026-09-28,active
SUB_0052,CUST_0052,starter,789.75,monthly,2024-11-17,2026-09-08,active
SUB_0053,CUST_0053,starter,619.66,monthly,2025-03-05,2026-09-26,active
SUB_0054,CUST_0054,growth,4617.73,monthly,2026-07-17,2026-09-15,active
SUB_0055,CUST_0055,pro,14168.18,monthly,2025-07-19,2026-09-12,active
SUB_0056,CUST_0056,growth,5536.93,monthly,2024-01-12,2026-09-28,active
SUB_0057,CUST_0057,growth,381.29,monthly,2026-03-28,2026-09-24,active
SUB_0058,CUST_0058,pro,1656.39,monthly,2024-05-17,2026-09-04,active
SUB_0059,CUST_0059,starter,1862.26,monthly,2025-03-31,2026-09-22,active
SUB_0060,CUST_0060,starter,708.78,monthly,2024-01-23,2026-09-09,active
SUB_0061,CUST_0061,pro,10336.72,monthly,2026-04-24,2026-09-21,active
SUB_0062,CUST_0062,starter,438.99,monthly,2025-08-28,2026-09-22,active
SUB_0063,CUST_0063,growth,961.34,monthly,2024-03-16,2026-09-02,active
SUB_0064,CUST_0064,starter,656.63,monthly,2025-07-18,2026-09-11,active
SUB_0065,CUST_0065,growth,742.96,monthly,2026-04-06,2026-09-03,active
SUB_0066,CUST_0066,pro,517.04,monthly,2026-06-15,2026-09-13,active
SUB_0067,CUST_0067,pro,2130.3,monthly,2026-01-03,2026-08-31,active
SUB_0068,CUST_0068,pro,2221.68,monthly,2025-07-07,2026-08-31,active
SUB_0069,CUST_0069,pro,12247.55,monthly,2025-10-08,2026-09-03,active
SUB_0070,CUST_0070,growth,11107.73,monthly,2025-02-10,2026-09-03,active
SUB_0071,CUST_0071,pro,3230.54,monthly,2026-01-31,2026-09-28,active
SUB_0072,CUST_0072,pro,614.63,monthly,2026-02-27,2026-09-25,active
SUB_0073,CUST_0073,pro,1637.14,monthly,2025-04-15,2026-09-07,active
SUB_0074,CUST_0074,starter,756.59,monthly,2026-02-27,2026-09-25,active
SUB_0075,CUST_0075,growth,1193.94,monthly,2026-06-21,2026-09-19,active
SUB_0076,CUST_0076,starter,677.01,monthly,2025-02-11,2026-09-04,active
SUB_0077,CUST_0077,starter,618.81,monthly,2024-01-05,2026-09-21,active
SUB_0078,CUST_0078,starter,697.74,monthly,2026-03-19,2026-09-15,active
SUB_0079,CUST_0079,pro,2676.77,monthly,2024-07-23,2026-09-11,active
SUB_0080,CUST_0080,growth,10046.48,monthly,2024-02-17,2026-09-04,active
SUB_0081,CUST_0081,pro,9640.99,monthly,2025-04-28,2026-09-20,active
SUB_0082,CUST_0082,growth,622.31,monthly,2025-01-29,2026-09-21,active
SUB_0083,CUST_0083,starter,1152.82,monthly,2024-06-26,2026-09-14,active
SUB_0084,CUST_0084,pro,10128.97,monthly,2025-11-14,2026-09-10,active
SUB_0085,CUST_0085,pro,13160.39,monthly,2024-01-27,2026-09-13,active
SUB_0086,CUST_0086,pro,3020.86,monthly,2026-06-30,2026-09-28,active
SUB_0087,CUST_0087,pro,12514.87,monthly,2026-06-26,2026-09-24,active
SUB_0088,CUST_0088,starter,391.81,monthly,2025-07-26,2026-09-19,active
SUB_0089,CUST_0089,growth,5310.59,monthly,2025-02-16,2026-09-09,active
SUB_0090,CUST_0090,pro,2363.03,monthly,2025-01-14,2026-09-06,active
SUB_0091,CUST_0091,growth,4944.64,monthly,2024-07-27,2026-09-15,active
SUB_0092,CUST_0092,pro,1483.62,monthly,2025-11-17,2026-09-13,active
SUB_0093,CUST_0093,starter,333.96,monthly,2024-07-24,2026-09-12,active
SUB_0094,CUST_0094,starter,251.16,monthly,2026-03-06,2026-09-02,active
SUB_0095,CUST_0095,growth,1425.63,monthly,2025-02-19,2026-09-12,active
SUB_0096,CUST_0096,starter,722.92,monthly,2025-03-09,2026-08-31,active
SUB_0097,CUST_0097,pro,4903.48,monthly,2025-06-16,2026-09-09,active
SUB_0098,CUST_0098,pro,1282.95,monthly,2024-06-18,2026-09-06,active
SUB_0099,CUST_0099,starter,2030.82,monthly,2024-11-27,2026-09-18,active
SUB_0100,CUST_0100,growth,1882.04,monthly,2024-08-08,2026-09-27,active
SUB_0101,CUST_0101,starter,247.97,monthly,2023-12-18,2026-09-03,active
SUB_0102,CUST_0102,growth,689.76,monthly,2025-01-14,2026-09-06,active
SUB_0103,CUST_0103,pro,10145.96,monthly,2024-05-16,2026-09-03,active
SUB_0104,CUST_0104,pro,6500.08,monthly,2024-04-06,2026-09-23,active
SUB_0105,CUST_0105,growth,11399.41,monthly,2026-02-25,2026-09-23,active
SUB_0106,CUST_0106,starter,1201.46,monthly,2024-06-11,2026-09-29,active
SUB_0107,CUST_0107,starter,1689.93,monthly,2025-06-21,2026-09-14,active
SUB_0108,CUST_0108,starter,200,monthly,2024-01-31,2026-09-17,active
SUB_0109,CUST_0109,growth,1524.5,monthly,2026-01-01,2026-09-28,active
SUB_0110,CUST_0110,starter,697.76,monthly,2024-06-19,2026-09-07,active
SUB_0111,CUST_0111,pro,7138.36,monthly,2025-06-08,2026-09-01,active
SUB_0112,CUST_0112,starter,553.77,monthly,2024-10-07,2026-09-27,active
SUB_0113,CUST_0113,starter,324.58,monthly,2024-08-10,2026-09-29,active
SUB_0114,CUST_0114,starter,1245.75,monthly,2025-07-08,2026-09-01,active
SUB_0115,CUST_0115,pro,11014.39,monthly,2026-01-24,2026-09-21,active
SUB_0116,CUST_0116,growth,2901.8,monthly,2024-06-09,2026-09-27,active
SUB_0117,CUST_0117,growth,1714.93,monthly,2024-04-18,2026-09-05,active
SUB_0118,CUST_0118,growth,8253.7,monthly,2025-10-27,2026-09-22,active
SUB_0119,CUST_0119,pro,15000,monthly,2023-12-23,2026-09-08,active
SUB_0120,CUST_0120,growth,1809.15,monthly,2024-07-31,2026-09-19,active
SUB_0121,CUST_0121,starter,746.25,monthly,2024-01-17,2026-09-03,active
SUB_0122,CUST_0122,pro,2857.25,monthly,2025-03-28,2026-09-19,active
SUB_0123,CUST_0123,pro,11232.86,monthly,2023-12-09,2026-09-24,active
SUB_0124,CUST_0124,growth,3507.97,monthly,2024-06-21,2026-09-09,active
SUB_0125,CUST_0125,pro,10848.47,monthly,2024-07-22,2026-09-10,active
SUB_0126,CUST_0126,growth,491.89,monthly,2026-01-02,2026-09-29,active
SUB_0127,CUST_0127,pro,861.92,monthly,2024-09-13,2026-09-03,active
SUB_0128,CUST_0128,pro,14456.27,monthly,2024-10-19,2026-09-09,active
SUB_0129,CUST_0129,starter,1254.19,monthly,2025-10-05,2026-08-31,active
SUB_0130,CUST_0130,starter,785.26,monthly,2025-01-22,2026-09-14,active
SUB_0131,CUST_0131,starter,569.52,monthly,2024-10-22,2026-09-12,active
SUB_0132,CUST_0132,starter,327.39,monthly,2025-11-18,2026-09-14,active
SUB_0133,CUST_0133,pro,3624.04,monthly,2025-06-14,2026-09-07,active
SUB_0134,CUST_0134,pro,14862.89,monthly,2025-12-20,2026-09-16,active
SUB_0135,CUST_0135,growth,771.04,monthly,2024-01-28,2026-09-14,active
SUB_0136,CUST_0136,starter,671.28,monthly,2024-09-03,2026-09-23,active
SUB_0137,CUST_0137,growth,1355.73,monthly,2024-01-02,2026-09-18,active
SUB_0138,CUST_0138,pro,1037.22,monthly,2025-07-27,2026-09-20,active
SUB_0139,CUST_0139,growth,5276.03,monthly,2025-02-28,2026-09-21,active
SUB_0140,CUST_0140,pro,9608.24,monthly,2024-07-14,2026-09-02,active
SUB_0141,CUST_0141,starter,702.86,monthly,2025-02-10,2026-09-03,active
SUB_0142,CUST_0142,pro,552.32,monthly,2025-07-04,2026-09-27,active
SUB_0143,CUST_0143,starter,890.67,monthly,2025-12-15,2026-09-11,active
SUB_0144,CUST_0144,growth,5420.76,monthly,2026-07-23,2026-09-21,active
SUB_0145,CUST_0145,growth,1162.18,monthly,2024-05-19,2026-09-06,active
SUB_0146,CUST_0146,starter,683.85,monthly,2026-04-27,2026-09-24,active
SUB_0147,CUST_0147,growth,5797.44,monthly,2024-06-26,2026-09-14,active
SUB_0148,CUST_0148,pro,9267.28,monthly,2025-09-19,2026-09-14,active
SUB_0149,CUST_0149,pro,13186.55,monthly,2025-02-21,2026-09-14,active
SUB_0150,CUST_0150,starter,1013.25,monthly,2024-12-12,2026-09-03,active
SUB_0151,CUST_0151,pro,1459.65,monthly,2025-10-18,2026-09-13,active
SUB_0152,CUST_0152,pro,979.43,monthly,2024-10-11,2026-09-01,active
SUB_0153,CUST_0153,starter,1228.93,monthly,2026-04-20,2026-09-17,active
SUB_0154,CUST_0154,starter,413.01,monthly,2024-06-09,2026-09-27,active
SUB_0155,CUST_0155,starter,663.98,monthly,2024-01-04,2026-09-20,active
SUB_0156,CUST_0156,pro,985.5,monthly,2024-07-10,2026-09-28,active
SUB_0157,CUST_0157,growth,1055.05,monthly,2025-11-18,2026-09-14,active
SUB_0158,CUST_0158,pro,2492.3,monthly,2025-01-18,2026-09-10,active
SUB_0159,CUST_0159,pro,5941.61,monthly,2024-08-09,2026-09-28,active
SUB_0160,CUST_0160,starter,730.63,monthly,2026-05-09,2026-09-06,active
SUB_0161,CUST_0161,pro,9716.42,monthly,2024-01-27,2026-09-13,active
SUB_0162,CUST_0162,starter,293.46,monthly,2024-01-21,2026-09-07,active
SUB_0163,CUST_0163,pro,1748.55,monthly,2024-12-28,2026-09-19,active
SUB_0164,CUST_0164,starter,873.36,monthly,2026-06-11,2026-09-09,active
SUB_0165,CUST_0165,pro,3582.84,monthly,2025-08-20,2026-09-14,active
SUB_0166,CUST_0166,starter,365.57,monthly,2024-10-08,2026-09-28,active
SUB_0167,CUST_0167,pro,7677.48,monthly,2025-03-01,2026-09-22,active
SUB_0168,CUST_0168,starter,1204.32,monthly,2024-10-07,2026-09-27,active
SUB_0169,CUST_0169,pro,14872.16,monthly,2024-12-10,2026-09-01,active
SUB_0170,CUST_0170,starter,476.76,monthly,2025-06-13,2026-09-06,active
SUB_0171,CUST_0171,pro,14917.0,monthly,2024-01-15,2026-09-01,active
SUB_0172,CUST_0172,pro,7519.64,monthly,2025-02-04,2026-09-27,active
SUB_0173,CUST_0173,growth,655.36,monthly,2024-06-09,2026-09-27,active
SUB_0174,CUST_0174,starter,623.9,monthly,2024-11-28,2026-09-19,active
SUB_0175,CUST_0175,growth,401.17,monthly,2024-10-31,2026-09-21,active
SUB_0176,CUST_0176,growth,1639.0,monthly,2026-04-06,2026-09-03,active
SUB_0177,CUST_0177,pro,625.68,monthly,2025-07-30,2026-09-23,active
SUB_0178,CUST_0178,growth,543.19,monthly,2026-05-16,2026-09-13,active
SUB_0179,CUST_0179,pro,5192.62,monthly,2025-10-01,2026-09-26,active
SUB_0180,CUST_0180,growth,1171.97,monthly,2024-09-20,2026-09-10,active
SUB_0181,CUST_0181,growth,860.38,monthly,2024-09-05,2026-09-25,active
SUB_0182,CUST_0182,growth,3068.11,monthly,2025-05-14,2026-09-06,active
SUB_0183,CUST_0183,pro,640.85,monthly,2025-11-27,2026-09-23,active
SUB_0184,CUST_0184,growth,11857.91,monthly,2025-04-30,2026-09-22,active
SUB_0185,CUST_0185,starter,1346.61,monthly,2024-04-16,2026-09-03,active
SUB_0186,CUST_0186,starter,2567.59,monthly,2024-06-16,2026-09-04,active
SUB_0187,CUST_0187,starter,621.6,monthly,2025-10-24,2026-09-19,active
SUB_0188,CUST_0188,growth,221.49,monthly,2024-10-22,2026-09-12,active
SUB_0189,CUST_0189,growth,1208.58,monthly,2026-04-13,2026-09-10,active
SUB_0190,CUST_0190,starter,880.29,monthly,2025-10-11,2026-09-06,active
SUB_0191,CUST_0191,starter,500.8,monthly,2024-07-01,2026-09-19,active
SUB_0192,CUST_0192,growth,378.71,monthly,2025-04-28,2026-09-20,active
SUB_0193,CUST_0193,growth,1194.76,monthly,2024-03-20,2026-09-06,active
SUB_0194,CUST_0194,pro,3368.12,monthly,2024-09-01,2026-09-21,active
SUB_0195,CUST_0195,pro,4257.08,monthly,2026-01-02,2026-09-29,active
SUB_0196,CUST_0196,pro,1000.06,monthly,2026-06-23,2026-09-21,active
SUB_0197,CUST_0197,starter,515.28,monthly,2026-05-20,2026-09-17,active
SUB_0198,CUST_0198,growth,10322.59,monthly,2024-10-24,2026-09-14,active
SUB_0199,CUST_0199,pro,5484.95,monthly,2024-05-07,2026-09-24,active
SUB_0200,CUST_0200,starter,339.89,monthly,2024-03-11,2026-09-27,active
SUB_0201,CUST_0201,growth,1286.25,monthly,2026-03-16,2026-09-12,active
SUB_0202,CUST_0202,growth,324.57,monthly,2026-04-11,2026-09-08,active
SUB_0203,CUST_0203,growth,775.95,monthly,2026-01-11,2026-09-08,active
SUB_0204,CUST_0204,starter,213.4,monthly,2025-06-12,2026-09-05,active
SUB_0205,CUST_0205,pro,11719.99,monthly,2025-07-24,2026-09-17,active
SUB_0206,CUST_0206,pro,535.18,monthly,2026-06-20,2026-09-18,active
SUB_0207,CUST_0207,pro,1213.6,monthly,2025-07-18,2026-09-11,active
SUB_0208,CUST_0208,starter,355.21,monthly,2025-01-20,2026-09-12,active
SUB_0209,CUST_0209,pro,3110.62,monthly,2026-02-28,2026-09-26,active
SUB_0210,CUST_0210,pro,799.69,monthly,2025-03-25,2026-09-16,active
SUB_0211,CUST_0211,starter,1170.85,monthly,2023-12-05,2026-09-20,active
SUB_0212,CUST_0212,starter,404.59,monthly,2024-04-05,2026-09-22,active
SUB_0213,CUST_0213,growth,793.46,monthly,2024-08-26,2026-09-15,active
SUB_0214,CUST_0214,pro,12636.68,monthly,2024-05-21,2026-09-08,active
SUB_0215,CUST_0215,growth,7312.97,monthly,2025-05-08,2026-08-31,active
SUB_0216,CUST_0216,growth,851.26,monthly,2024-09-14,2026-09-04,active
SUB_0217,CUST_0217,growth,437.85,monthly,2024-04-20,2026-09-07,active
SUB_0218,CUST_0218,pro,7125.56,monthly,2025-09-13,2026-09-08,active
SUB_0219,CUST_0219,starter,454.09,monthly,2024-03-27,2026-09-13,active
SUB_0220,CUST_0220,growth,9421.78,monthly,2026-03-30,2026-09-26,active
SUB_0221,CUST_0221,pro,3408.64,monthly,2025-09-01,2026-09-26,active
SUB_0222,CUST_0222,growth,1605.38,monthly,2025-04-26,2026-09-18,active
SUB_0223,CUST_0223,starter,819.65,monthly,2025-01-31,2026-09-23,active
SUB_0224,CUST_0224,growth,1274.95,monthly,2026-01-09,2026-09-06,active
SUB_0225,CUST_0225,pro,7537.84,monthly,2024-02-02,2026-09-19,active
SUB_0226,CUST_0226,growth,974.55,monthly,2025-06-20,2026-09-13,active
SUB_0227,CUST_0227,pro,9730.73,monthly,2024-10-28,2026-09-18,active
SUB_0228,CUST_0228,growth,662.65,monthly,2025-12-11,2026-09-07,active
SUB_0229,CUST_0229,pro,902.45,monthly,2025-04-07,2026-09-29,active
SUB_0230,CUST_0230,starter,937.32,monthly,2026-05-11,2026-09-08,active
SUB_0231,CUST_0231,starter,812.86,monthly,2025-10-13,2026-09-08,active
SUB_0232,CUST_0232,growth,1144.51,monthly,2025-09-06,2026-09-01,active
SUB_0233,CUST_0233,pro,6610.47,monthly,2025-09-15,2026-09-10,active
SUB_0234,CUST_0234,pro,992.15,monthly,2024-01-26,2026-09-12,active
SUB_0235,CUST_0235,pro,1093.64,monthly,2024-12-10,2026-09-01,active
SUB_0236,CUST_0236,growth,1414.91,monthly,2025-01-06,2026-09-28,active
SUB_0237,CUST_0237,starter,1122.72,monthly,2026-05-22,2026-09-19,active
SUB_0238,CUST_0238,starter,746.31,monthly,2025-04-23,2026-09-15,active
SUB_0239,CUST_0239,pro,15000,monthly,2024-10-13,2026-09-03,active
SUB_0240,CUST_0240,growth,2643.64,monthly,2025-04-08,2026-08-31,active
SUB_0241,CUST_0241,pro,15000,monthly,2026-01-18,2026-09-15,active
SUB_0242,CUST_0242,starter,408.16,monthly,2025-07-30,2026-09-23,active
SUB_0243,CUST_0243,starter,928.54,monthly,2025-06-04,2026-09-27,active
SUB_0244,CUST_0244,growth,1067.83,monthly,2024-02-01,2026-09-18,active
SUB_0245,CUST_0245,pro,4573.71,monthly,2024-07-13,2026-09-01,active
SUB_0246,CUST_0246,growth,1197.51,monthly,2025-03-02,2026-09-23,active
SUB_0247,CUST_0247,starter,450.31,monthly,2025-11-21,2026-09-17,active
SUB_0248,CUST_0248,starter,200,monthly,2024-09-28,2026-09-18,active
SUB_0249,CUST_0249,pro,347.81,monthly,2025-12-29,2026-09-25,active
SUB_0250,CUST_0250,growth,10968.64,monthly,2024-12-12,2026-09-03,active
SUB_0251,CUST_0251,growth,2072.59,monthly,2024-01-18,2026-09-04,active
SUB_0252,CUST_0252,starter,609.3,monthly,2024-09-05,2026-09-25,active
SUB_0253,CUST_0253,growth,762.66,monthly,2024-07-25,2026-09-13,active
SUB_0254,CUST_0254,pro,1610.91,monthly,2025-03-04,2026-09-25,active
SUB_0255,CUST_0255,starter,893.84,monthly,2025-03-17,2026-09-08,active
SUB_0256,CUST_0256,starter,904.37,monthly,2024-02-14,2026-09-01,active
SUB_0257,CUST_0257,pro,13540.03,monthly,2026-04-30,2026-09-27,active
SUB_0258,CUST_0258,starter,1337.6,monthly,2026-04-29,2026-09-26,active
SUB_0259,CUST_0259,starter,432.07,monthly,2024-11-12,2026-09-03,active
SUB_0260,CUST_0260,growth,8195.0,monthly,2024-03-08,2026-09-24,active
SUB_0261,CUST_0261,starter,768.63,monthly,2026-01-31,2026-09-28,active
SUB_0262,CUST_0262,starter,1739.87,monthly,2024-06-15,2026-09-03,active
SUB_0263,CUST_0263,pro,15000,monthly,2025-03-14,2026-09-05,active
SUB_0264,CUST_0264,pro,457.82,monthly,2025-11-13,2026-09-09,active
SUB_0265,CUST_0265,starter,1357.52,monthly,2026-01-14,2026-09-11,active
SUB_0266,CUST_0266,pro,7064.02,monthly,2024-01-30,2026-09-16,active
SUB_0267,CUST_0267,starter,768.06,monthly,2025-04-25,2026-09-17,active
SUB_0268,CUST_0268,growth,648.75,monthly,2024-06-04,2026-09-22,active
SUB_0269,CUST_0269,growth,1477.76,monthly,2026-03-01,2026-09-27,active
SUB_0270,CUST_0270,pro,462.89,monthly,2025-10-27,2026-09-22,active
SUB_0271,CUST_0271,pro,4185.02,monthly,2025-07-04,2026-09-27,active
SUB_0272,CUST_0272,starter,585.74,monthly,2026-03-19,2026-09-15,active
SUB_0273,CUST_0273,pro,11396.28,monthly,2025-04-06,2026-09-28,active
SUB_0274,CUST_0274,starter,228.33,monthly,2026-03-23,2026-09-19,active
SUB_0275,CUST_0275,pro,563.78,monthly,2025-02-01,2026-09-24,active
SUB_0276,CUST_0276,starter,382.33,monthly,2024-11-28,2026-09-19,active
SUB_0277,CUST_0277,starter,470.05,monthly,2024-12-17,2026-09-08,active
SUB_0278,CUST_0278,growth,1144.71,monthly,2026-04-10,2026-09-07,active
SUB_0279,CUST_0279,pro,1302.62,monthly,2024-08-02,2026-09-21,active
SUB_0280,CUST_0280,starter,454.9,monthly,2026-01-28,2026-09-25,active
SUB_0281,CUST_0281,growth,913.36,monthly,2024-08-01,2026-09-20,active
SUB_0282,CUST_0282,starter,200,monthly,2026-06-07,2026-09-05,active
SUB_0283,CUST_0283,pro,7559.48,monthly,2025-04-23,2026-09-15,active
SUB_0284,CUST_0284,growth,287.21,monthly,2026-07-04,2026-09-02,active
SUB_0285,CUST_0285,growth,472.43,monthly,2025-03-01,2026-09-22,active
SUB_0286,CUST_0286,starter,1293.21,monthly,2024-11-29,2026-09-20,active
SUB_0287,CUST_0287,pro,11785.54,monthly,2025-04-02,2026-09-24,active
SUB_0288,CUST_0288,growth,1223.26,monthly,2025-11-12,2026-09-08,active
SUB_0289,CUST_0289,starter,1199.82,monthly,2025-01-17,2026-09-09,active
SUB_0290,CUST_0290,pro,2040.67,monthly,2025-07-12,2026-09-05,active
SUB_0291,CUST_0291,starter,1068.05,monthly,2025-11-10,2026-09-06,active
SUB_0292,CUST_0292,starter,937.8,monthly,2024-11-14,2026-09-05,active
SUB_0293,CUST_0293,starter,780.36,monthly,2026-07-28,2026-09-26,active
SUB_0294,CUST_0294,pro,9361.25,monthly,2025-03-29,2026-09-20,active
SUB_0295,CUST_0295,starter,454.8,monthly,2026-05-10,2026-09-07,active
SUB_0296,CUST_0296,growth,2367.66,monthly,2025-01-10,2026-09-02,active
SUB_0297,CUST_0297,growth,3953.29,monthly,2026-07-15,2026-09-13,active
SUB_0298,CUST_0298,pro,706.23,monthly,2024-05-16,2026-09-03,active
SUB_0299,CUST_0299,pro,8559.42,monthly,2024-11-29,2026-09-20,active
SUB_0300,CUST_0300,growth,1306.39,monthly,2023-12-27,2026-09-12,active
SUB_0301,CUST_0301,starter,627.37,monthly,2024-11-05,2026-09-26,active
SUB_0302,CUST_0302,starter,548.74,monthly,2026-02-01,2026-09-29,active
SUB_0303,CUST_0303,growth,1311.68,monthly,2024-06-26,2026-09-14,active
SUB_0304,CUST_0304,pro,5470.67,monthly,2026-02-06,2026-09-04,active
SUB_0305,CUST_0305,starter,200,monthly,2025-01-11,2026-09-03,active
SUB_0306,CUST_0306,growth,11449.16,monthly,2024-07-10,2026-09-28,active
SUB_0307,CUST_0307,pro,2288.88,monthly,2024-10-28,2026-09-18,active
SUB_0308,CUST_0308,starter,1193.71,monthly,2025-07-22,2026-09-15,active
SUB_0309,CUST_0309,pro,1591.11,monthly,2025-08-04,2026-09-28,active
SUB_0310,CUST_0310,growth,1814.35,monthly,2026-01-20,2026-09-17,active
SUB_0311,CUST_0311,pro,3905.75,monthly,2024-08-17,2026-09-06,active
SUB_0312,CUST_0312,pro,13871.79,monthly,2025-04-19,2026-09-11,active
SUB_0313,CUST_0313,growth,1783.18,monthly,2026-02-16,2026-09-14,active
SUB_0314,CUST_0314,starter,2055.11,monthly,2024-09-18,2026-09-08,active
SUB_0315,CUST_0315,pro,13496.14,monthly,2025-08-19,2026-09-13,active
SUB_0316,CUST_0316,starter,389.48,monthly,2025-12-16,2026-09-12,active
SUB_0317,CUST_0317,starter,1595.17,monthly,2025-03-16,2026-09-07,active
SUB_0318,CUST_0318,pro,9947.05,monthly,2025-10-09,2026-09-04,active
SUB_0319,CUST_0319,pro,354.6,monthly,2026-05-25,2026-09-22,active
SUB_0320,CUST_0320,pro,9080.78,monthly,2024-10-15,2026-09-05,active
SUB_0321,CUST_0321,pro,12689.54,monthly,2026-01-29,2026-09-26,active
SUB_0322,CUST_0322,starter,676.83,monthly,2024-12-13,2026-09-04,active
SUB_0323,CUST_0323,starter,262.8,monthly,2024-10-15,2026-09-05,active
SUB_0324,CUST_0324,starter,1146.12,monthly,2026-02-23,2026-09-21,active
SUB_0325,CUST_0325,starter,726.01,monthly,2024-08-11,2026-08-31,active
SUB_0326,CUST_0326,growth,1188.57,monthly,2026-05-13,2026-09-10,active
SUB_0327,CUST_0327,growth,721.77,monthly,2026-06-28,2026-09-26,active
SUB_0328,CUST_0328,growth,4893.6,monthly,2026-04-01,2026-09-28,active
SUB_0329,CUST_0329,starter,483.89,monthly,2026-01-02,2026-09-29,active
SUB_0330,CUST_0330,pro,998.82,monthly,2024-03-08,2026-09-24,active
SUB_0331,CUST_0331,pro,13126.22,monthly,2024-06-11,2026-09-29,active
SUB_0332,CUST_0332,starter,270.98,monthly,2026-04-18,2026-09-15,active
SUB_0333,CUST_0333,growth,1523.74,monthly,2026-01-07,2026-09-04,active
SUB_0334,CUST_0334,growth,382.28,monthly,2025-10-25,2026-09-20,active
SUB_0335,CUST_0335,pro,997.42,monthly,2025-03-17,2026-09-08,active
SUB_0336,CUST_0336,growth,1661.44,monthly,2024-09-22,2026-09-12,active
SUB_0337,CUST_0337,growth,6301.58,monthly,2024-09-24,2026-09-14,active
SUB_0338,CUST_0338,pro,1129.28,monthly,2026-06-04,2026-09-02,active
SUB_0339,CUST_0339,starter,387.33,monthly,2026-05-06,2026-09-03,active
SUB_0340,CUST_0340,pro,570.98,monthly,2026-07-11,2026-09-09,active
SUB_0341,CUST_0341,pro,15000,monthly,2024-09-26,2026-09-16,active
SUB_0342,CUST_0342,starter,240.82,monthly,2025-12-24,2026-09-20,active
SUB_0343,CUST_0343,starter,308.67,monthly,2025-08-21,2026-09-15,active
SUB_0344,CUST_0344,starter,482.81,monthly,2025-02-19,2026-09-12,active
SUB_0345,CUST_0345,starter,1403.81,monthly,2025-07-23,2026-09-16,active
SUB_0346,CUST_0346,growth,278.73,monthly,2025-12-02,2026-09-28,active
SUB_0347,CUST_0347,starter,256.66,monthly,2026-02-18,2026-09-16,active
SUB_0348,CUST_0348,pro,10125.65,monthly,2024-05-21,2026-09-08,active
SUB_0349,CUST_0349,pro,3058.5,monthly,2023-12-17,2026-09-02,active
SUB_0350,CUST_0350,starter,2135.52,monthly,2025-01-30,2026-09-22,active
SUB_0351,CUST_0351,growth,10238.83,monthly,2024-07-07,2026-09-25,active
SUB_0352,CUST_0352,growth,953.66,monthly,2024-03-16,2026-09-02,active
SUB_0353,CUST_0353,pro,1421.41,monthly,2023-12-05,2026-09-20,active
SUB_0354,CUST_0354,starter,886.93,monthly,2024-07-31,2026-09-19,active
SUB_0355,CUST_0355,pro,6549.87,monthly,2026-03-18,2026-09-14,active
SUB_0356,CUST_0356,growth,8418.6,monthly,2024-02-20,2026-09-07,active
SUB_0357,CUST_0357,pro,9181.79,monthly,2026-04-07,2026-09-04,active
SUB_0358,CUST_0358,pro,533.16,monthly,2024-03-29,2026-09-15,active
SUB_0359,CUST_0359,starter,762.6,monthly,2025-04-24,2026-09-16,active
SUB_0360,CUST_0360,pro,11218.69,monthly,2026-05-01,2026-09-28,active
SUB_0361,CUST_0361,growth,1451.55,monthly,2026-03-30,2026-09-26,active
SUB_0362,CUST_0362,starter,275.12,monthly,2025-07-29,2026-09-22,active
SUB_0363,CUST_0363,starter,260.32,monthly,2025-08-16,2026-09-10,active
SUB_0364,CUST_0364,starter,376.34,monthly,2024-03-22,2026-09-08,active
SUB_0365,CUST_0365,pro,578.62,monthly,2026-01-23,2026-09-20,active
SUB_0366,CUST_0366,starter,1420.91,monthly,2024-09-28,2026-09-18,active
SUB_0367,CUST_0367,starter,543.21,monthly,2026-01-17,2026-09-14,active
SUB_0368,CUST_0368,pro,12064.37,monthly,2025-04-05,2026-09-27,active
SUB_0369,CUST_0369,starter,803.69,monthly,2024-07-19,2026-09-07,active
SUB_0370,CUST_0370,pro,12230.7,monthly,2026-03-19,2026-09-15,active
SUB_0371,CUST_0371,pro,1607.44,monthly,2024-05-07,2026-09-24,active
SUB_0372,CUST_0372,growth,454.36,monthly,2024-06-04,2026-09-22,active
SUB_0373,CUST_0373,starter,1062.38,monthly,2024-10-07,2026-09-27,active
SUB_0374,CUST_0374,pro,1655.04,monthly,2023-12-08,2026-09-23,active
SUB_0375,CUST_0375,growth,1091.55,monthly,2024-05-15,2026-09-02,active
SUB_0376,CUST_0376,growth,1048.92,monthly,2024-03-22,2026-09-08,active
SUB_0377,CUST_0377,starter,929.32,monthly,2024-08-02,2026-09-21,active
SUB_0378,CUST_0378,pro,3115.09,monthly,2024-08-19,2026-09-08,active
SUB_0379,CUST_0379,starter,1699.45,monthly,2026-03-28,2026-09-24,active
SUB_0380,CUST_0380,pro,2093.21,monthly,2024-05-22,2026-09-09,active
SUB_0381,CUST_0381,growth,525.92,monthly,2026-01-15,2026-09-12,active
SUB_0382,CUST_0382,growth,1828.58,monthly,2024-09-25,2026-09-15,active
SUB_0383,CUST_0383,pro,1267.95,monthly,2026-02-24,2026-09-22,active
SUB_0384,CUST_0384,starter,686.09,monthly,2025-06-27,2026-09-20,active
SUB_0385,CUST_0385,pro,15000,monthly,2025-01-11,2026-09-03,active
SUB_0386,CUST_0386,pro,978.94,monthly,2025-01-27,2026-09-19,active
SUB_0387,CUST_0387,growth,524.81,monthly,2025-01-01,2026-09-23,active
SUB_0388,CUST_0388,starter,1500.02,monthly,2024-01-08,2026-09-24,active
SUB_0389,CUST_0389,pro,1690.4,monthly,2026-04-30,2026-09-27,active
SUB_0390,CUST_0390,growth,1773.37,monthly,2026-06-24,2026-09-22,active
SUB_0391,CUST_0391,starter,1224.04,monthly,2026-07-24,2026-09-22,active
SUB_0392,CUST_0392,pro,13086.81,monthly,2026-04-09,2026-09-06,active
SUB_0393,CUST_0393,growth,814.36,monthly,2024-09-11,2026-09-01,active
SUB_0394,CUST_0394,pro,9198.37,monthly,2025-10-24,2026-09-19,active
SUB_0395,CUST_0395,growth,1512.62,monthly,2025-08-23,2026-09-17,active
SUB_0396,CUST_0396,pro,5752.09,monthly,2024-04-25,2026-09-12,active
SUB_0397,CUST_0397,growth,834.28,monthly,2025-01-05,2026-09-27,active
SUB_0398,CUST_0398,starter,669.19,monthly,2024-05-14,2026-09-01,active
SUB_0399,CUST_0399,pro,1294.46,monthly,2025-05-25,2026-09-17,active
SUB_0400,CUST_0400,growth,7063.31,monthly,2024-02-15,2026-09-02,active
SUB_0401,CUST_0401,pro,896.73,monthly,2026-01-30,2026-09-27,active
SUB_0402,CUST_0402,pro,568.13,monthly,2023-12-16,2026-09-01,active
SUB_0403,CUST_0403,growth,9056.34,monthly,2024-05-13,2026-08-31,active
SUB_0404,CUST_0404,growth,2937.04,monthly,2026-03-16,2026-09-12,active
SUB_0405,CUST_0405,growth,703.31,monthly,2025-08-21,2026-09-15,active
SUB_0406,CUST_0406,starter,449.13,monthly,2024-10-10,2026-08-31,active
SUB_0407,CUST_0407,growth,12772.18,monthly,2024-04-11,2026-09-28,active
SUB_0408,CUST_0408,growth,1572.78,monthly,2025-08-18,2026-09-12,active
SUB_0409,CUST_0409,starter,432.26,monthly,2024-01-08,2026-09-24,active
SUB_0410,CUST_0410,growth,1152.66,monthly,2025-06-28,2026-09-21,active
SUB_0411,CUST_0411,pro,7190.16,monthly,2026-05-27,2026-09-24,active
SUB_0412,CUST_0412,starter,449.29,monthly,2024-02-12,2026-09-29,active
SUB_0413,CUST_0413,starter,527.99,monthly,2026-03-29,2026-09-25,active
SUB_0414,CUST_0414,growth,461.99,monthly,2025-11-15,2026-09-11,active
SUB_0415,CUST_0415,pro,1312.45,monthly,2025-11-17,2026-09-13,active
SUB_0416,CUST_0416,growth,5049.84,monthly,2024-04-12,2026-09-29,active
SUB_0417,CUST_0417,starter,850.96,monthly,2024-01-13,2026-09-29,active
SUB_0418,CUST_0418,growth,3172.22,monthly,2026-05-24,2026-09-21,active
SUB_0419,CUST_0419,starter,1157.68,monthly,2024-08-01,2026-09-20,active
SUB_0420,CUST_0420,pro,2483.15,monthly,2024-11-07,2026-09-28,active
SUB_0421,CUST_0421,starter,926.0,monthly,2025-12-09,2026-09-05,active
SUB_0422,CUST_0422,starter,306.79,monthly,2024-02-19,2026-09-06,active
SUB_0423,CUST_0423,pro,8809.89,monthly,2025-05-06,2026-09-28,active
SUB_0424,CUST_0424,growth,6888.32,monthly,2025-01-02,2026-09-24,active
SUB_0425,CUST_0425,growth,752.67,monthly,2026-02-15,2026-09-13,active
SUB_0426,CUST_0426,pro,542.66,monthly,2024-08-17,2026-09-06,active
SUB_0427,CUST_0427,starter,317.18,monthly,2024-01-12,2026-09-28,active
SUB_0428,CUST_0428,pro,7431.85,monthly,2026-01-26,2026-09-23,active
SUB_0429,CUST_0429,growth,946.68,monthly,2024-01-20,2026-09-06,active
SUB_0430,CUST_0430,pro,2619.41,monthly,2023-12-11,2026-09-26,active
SUB_0431,CUST_0431,starter,745.87,monthly,2024-05-09,2026-09-26,active
SUB_0432,CUST_0432,starter,1528.56,monthly,2026-04-14,2026-09-11,active
SUB_0433,CUST_0433,starter,699.79,monthly,2025-12-18,2026-09-14,active
SUB_0434,CUST_0434,starter,418.23,monthly,2023-12-20,2026-09-05,active
SUB_0435,CUST_0435,growth,779.11,monthly,2024-09-20,2026-09-10,active
SUB_0436,CUST_0436,growth,829.5,monthly,2024-08-09,2026-09-28,active
SUB_0437,CUST_0437,growth,1516.92,monthly,2024-08-13,2026-09-02,active
SUB_0438,CUST_0438,starter,1106.29,monthly,2023-12-26,2026-09-11,active
SUB_0439,CUST_0439,starter,694.64,monthly,2024-12-22,2026-09-13,active
SUB_0440,CUST_0440,starter,591.55,monthly,2025-01-26,2026-09-18,active
SUB_0441,CUST_0441,starter,791.33,monthly,2025-07-24,2026-09-17,active
SUB_0442,CUST_0442,starter,976.78,monthly,2025-01-26,2026-09-18,active
SUB_0443,CUST_0443,growth,976.9,monthly,2024-09-07,2026-09-27,active
SUB_0444,CUST_0444,pro,1927.55,monthly,2024-05-26,2026-09-13,active
SUB_0445,CUST_0445,growth,8141.29,monthly,2025-03-30,2026-09-21,active
SUB_0446,CUST_0446,growth,330.54,monthly,2025-10-11,2026-09-06,active
SUB_0447,CUST_0447,pro,1097.93,monthly,2026-05-14,2026-09-11,active
SUB_0448,CUST_0448,starter,493.96,monthly,2024-06-30,2026-09-18,active
SUB_0449,CUST_0449,starter,688.54,monthly,2025-04-28,2026-09-20,active
SUB_0450,CUST_0450,pro,919.98,monthly,2025-10-07,2026-09-02,active
SUB_0451,CUST_0451,pro,10230.7,monthly,2024-01-30,2026-09-16,active
SUB_0452,CUST_0452,pro,488.96,monthly,2026-04-09,2026-09-06,active
SUB_0453,CUST_0453,growth,993.42,monthly,2024-09-17,2026-09-07,active
SUB_0454,CUST_0454,pro,9617.0,monthly,2024-11-27,2026-09-18,active
SUB_0455,CUST_0455,pro,1599.52,monthly,2025-12-09,2026-09-05,active
SUB_0456,CUST_0456,pro,9811.15,monthly,2025-02-09,2026-09-02,active
SUB_0457,CUST_0457,pro,1961.94,monthly,2024-01-13,2026-09-29,active
SUB_0458,CUST_0458,pro,3086.94,monthly,2025-01-31,2026-09-23,active
SUB_0459,CUST_0459,growth,2362.25,monthly,2025-10-08,2026-09-03,active
SUB_0460,CUST_0460,starter,447.47,monthly,2025-07-03,2026-09-26,active
SUB_0461,CUST_0461,growth,1652.19,monthly,2025-01-12,2026-09-04,active
SUB_0462,CUST_0462,growth,1399.49,monthly,2024-07-22,2026-09-10,active
SUB_0463,CUST_0463,pro,8177.88,monthly,2026-02-22,2026-09-20,active
SUB_0464,CUST_0464,starter,428.01,monthly,2024-04-17,2026-09-04,active
SUB_0465,CUST_0465,starter,200,monthly,2026-07-18,2026-09-16,active
SUB_0466,CUST_0466,growth,1309.62,monthly,2025-01-22,2026-09-14,active
SUB_0467,CUST_0467,growth,2634.12,monthly,2024-01-09,2026-09-25,active
SUB_0468,CUST_0468,pro,1737.7,monthly,2023-12-19,2026-09-04,active
SUB_0469,CUST_0469,starter,725.12,monthly,2025-01-28,2026-09-20,active
SUB_0470,CUST_0470,pro,3089.81,monthly,2025-10-03,2026-09-28,active
SUB_0471,CUST_0471,growth,1458.52,monthly,2024-08-18,2026-09-07,active
SUB_0472,CUST_0472,pro,1179.38,monthly,2024-02-10,2026-09-27,active
SUB_0473,CUST_0473,growth,1039.13,monthly,2024-10-07,2026-09-27,active
SUB_0474,CUST_0474,starter,468.79,monthly,2025-07-31,2026-09-24,active
SUB_0475,CUST_0475,starter,332.6,monthly,2024-05-07,2026-09-24,active
SUB_0476,CUST_0476,starter,457.08,monthly,2024-11-17,2026-09-08,active
SUB_0477,CUST_0477,starter,580.5,monthly,2024-06-10,2026-09-28,active
SUB_0478,CUST_0478,growth,7886.47,monthly,2026-02-19,2026-09-17,active
SUB_0479,CUST_0479,growth,493.48,monthly,2024-01-22,2026-09-08,active
SUB_0480,CUST_0480,pro,2425.48,monthly,2026-05-07,2026-09-04,active
SUB_0481,CUST_0481,growth,3208.7,monthly,2024-02-20,2026-09-07,active
SUB_0482,CUST_0482,starter,1120.08,monthly,2024-01-25,2026-09-11,active
SUB_0483,CUST_0483,pro,6848.66,monthly,2025-06-03,2026-09-26,active
SUB_0484,CUST_0484,starter,846.76,monthly,2023-12-14,2026-09-29,active
SUB_0485,CUST_0485,starter,929.62,monthly,2025-09-20,2026-09-15,active
SUB_0486,CUST_0486,starter,434.48,monthly,2025-08-22,2026-09-16,active
SUB_0487,CUST_0487,pro,15000,monthly,2024-01-18,2026-09-04,active
SUB_0488,CUST_0488,growth,2159.58,monthly,2024-07-18,2026-09-06,active
SUB_0489,CUST_0489,growth,8583.5,monthly,2025-07-12,2026-09-05,active
SUB_0490,CUST_0490,starter,648.86,monthly,2026-07-26,2026-09-24,active
SUB_0491,CUST_0491,starter,540.07,monthly,2023-12-26,2026-09-11,active
SUB_0492,CUST_0492,pro,7417.42,monthly,2025-05-14,2026-09-06,active
SUB_0493,CUST_0493,starter,489.64,monthly,2024-04-06,2026-09-23,active
SUB_0494,CUST_0494,pro,14846.24,monthly,2024-09-01,2026-09-21,active
SUB_0495,CUST_0495,growth,2001.46,monthly,2026-05-21,2026-09-18,active
SUB_0496,CUST_0496,growth,1134.96,monthly,2025-09-10,2026-09-05,active
SUB_0497,CUST_0497,starter,366.04,monthly,2026-04-17,2026-09-14,active
SUB_0498,CUST_0498,pro,8777.43,monthly,2025-12-12,2026-09-08,active
SUB_0499,CUST_0499,starter,1378.57,monthly,2026-04-09,2026-09-06,active
SUB_0500,CUST_0500,pro,878.95,monthly,2024-08-15,2026-09-04,active
SUB_0501,CUST_0501,growth,1796.45,monthly,2026-05-16,2026-09-13,active
SUB_0502,CUST_0502,growth,4047.84,monthly,2024-04-14,2026-09-01,active
SUB_0503,CUST_0503,pro,6464.53,monthly,2026-01-21,2026-09-18,active
SUB_0504,CUST_0504,pro,2913.77,monthly,2025-06-20,2026-09-13,active
SUB_0505,CUST_0505,pro,4374.76,monthly,2024-10-08,2026-09-28,active
SUB_0506,CUST_0506,pro,1460.98,monthly,2024-03-10,2026-09-26,active
SUB_0507,CUST_0507,pro,11079.34,monthly,2025-03-16,2026-09-07,active
SUB_0508,CUST_0508,starter,676.53,monthly,2024-09-24,2026-09-14,active
SUB_0509,CUST_0509,growth,898.72,monthly,2026-01-17,2026-09-14,active
SUB_0510,CUST_0510,starter,398.64,monthly,2026-04-10,2026-09-07,active
SUB_0511,CUST_0511,starter,418.75,monthly,2025-10-08,2026-09-03,active
SUB_0512,CUST_0512,pro,2720.0,monthly,2025-05-17,2026-09-09,active
SUB_0513,CUST_0513,starter,1546.99,monthly,2026-06-29,2026-09-27,active
SUB_0514,CUST_0514,pro,8629.72,monthly,2025-05-25,2026-09-17,active
SUB_0515,CUST_0515,starter,801.81,monthly,2023-12-25,2026-09-10,active
SUB_0516,CUST_0516,starter,635.27,monthly,2025-04-16,2026-09-08,active
SUB_0517,CUST_0517,growth,3107.07,monthly,2026-03-14,2026-09-10,active
SUB_0518,CUST_0518,pro,10718.51,monthly,2024-10-31,2026-09-21,active
SUB_0519,CUST_0519,starter,1408.58,monthly,2026-01-23,2026-09-20,active
SUB_0520,CUST_0520,growth,1276.97,monthly,2024-12-06,2026-09-27,active
SUB_0521,CUST_0521,growth,1196.46,monthly,2025-03-06,2026-09-27,active
SUB_0522,CUST_0522,growth,11070.11,monthly,2024-11-18,2026-09-09,active
SUB_0523,CUST_0523,growth,1492.87,monthly,2026-04-15,2026-09-12,active
SUB_0524,CUST_0524,growth,956.5,monthly,2026-05-29,2026-09-26,active
SUB_0525,CUST_0525,pro,7349.37,monthly,2024-06-10,2026-09-28,active
SUB_0526,CUST_0526,starter,1281.89,monthly,2024-09-01,2026-09-21,active
SUB_0527,CUST_0527,starter,633.24,monthly,2025-06-27,2026-09-20,active
SUB_0528,CUST_0528,pro,3000.68,monthly,2026-06-28,2026-09-26,active
SUB_0529,CUST_0529,growth,971.62,monthly,2026-03-11,2026-09-07,active
SUB_0530,CUST_0530,pro,2315.15,monthly,2025-03-13,2026-09-04,active
SUB_0531,CUST_0531,growth,412.94,monthly,2025-05-16,2026-09-08,active
SUB_0532,CUST_0532,pro,8636.92,monthly,2024-08-12,2026-09-01,active
SUB_0533,CUST_0533,starter,444.14,monthly,2024-09-29,2026-09-19,active
SUB_0534,CUST_0534,pro,5341.14,monthly,2024-08-08,2026-09-27,active
SUB_0535,CUST_0535,pro,11601.39,monthly,2025-07-03,2026-09-26,active
SUB_0536,CUST_0536,starter,200,monthly,2025-12-22,2026-09-18,active
SUB_0537,CUST_0537,growth,547.66,monthly,2025-06-29,2026-09-22,active
SUB_0538,CUST_0538,pro,1824.63,monthly,2026-05-05,2026-09-02,active
SUB_0539,CUST_0539,growth,10328.15,monthly,2026-06-22,2026-09-20,active
SUB_0540,CUST_0540,pro,2023.63,monthly,2024-05-21,2026-09-08,active
SUB_0541,CUST_0541,growth,1477.75,monthly,2025-12-05,2026-09-01,active
SUB_0542,CUST_0542,starter,815.82,monthly,2026-07-15,2026-09-13,active
SUB_0543,CUST_0543,starter,601.97,monthly,2024-07-26,2026-09-14,active
SUB_0544,CUST_0544,starter,1730.41,monthly,2026-04-14,2026-09-11,active
SUB_0545,CUST_0545,starter,321.75,monthly,2024-08-01,2026-09-20,active
SUB_0546,CUST_0546,growth,424.05,monthly,2025-11-25,2026-09-21,active
SUB_0547,CUST_0547,pro,2231.07,monthly,2025-01-04,2026-09-26,active
SUB_0548,CUST_0548,pro,8387.64,monthly,2024-10-22,2026-09-12,active
SUB_0549,CUST_0549,pro,2176.93,monthly,2025-08-21,2026-09-15,active
SUB_0550,CUST_0550,pro,7064.05,monthly,2024-08-14,2026-09-03,active
SUB_0551,CUST_0551,growth,996.1,monthly,2026-03-07,2026-09-03,active
SUB_0552,CUST_0552,growth,507.97,monthly,2024-02-12,2026-09-29,active
SUB_0553,CUST_0553,pro,2560.17,monthly,2024-07-28,2026-09-16,active
SUB_0554,CUST_0554,growth,1092.97,monthly,2024-03-22,2026-09-08,active
SUB_0555,CUST_0555,growth,7113.82,monthly,2025-02-03,2026-09-26,active
SUB_0556,CUST_0556,pro,1271.26,monthly,2024-09-23,2026-09-13,active
SUB_0557,CUST_0557,pro,829.31,monthly,2025-09-19,2026-09-14,active
SUB_0558,CUST_0558,pro,4623.56,monthly,2026-04-30,2026-09-27,active
SUB_0559,CUST_0559,starter,595.41,monthly,2025-02-15,2026-09-08,active
SUB_0560,CUST_0560,growth,798.04,monthly,2025-10-15,2026-09-10,active
SUB_0561,CUST_0561,starter,1744.32,monthly,2026-05-14,2026-09-11,active
SUB_0562,CUST_0562,pro,4845.26,monthly,2026-07-16,2026-09-14,active
SUB_0563,CUST_0563,starter,404.63,monthly,2024-01-02,2026-09-18,active
SUB_0564,CUST_0564,pro,5516.54,monthly,2025-01-01,2026-09-23,active
SUB_0565,CUST_0565,starter,200,monthly,2024-08-25,2026-09-14,active
SUB_0566,CUST_0566,pro,6189.75,monthly,2025-03-11,2026-09-02,active
SUB_0567,CUST_0567,starter,950.44,monthly,2024-07-30,2026-09-18,active
SUB_0568,CUST_0568,growth,554.06,monthly,2025-08-12,2026-09-06,active
SUB_0569,CUST_0569,growth,979.02,monthly,2026-02-25,2026-09-23,active
SUB_0570,CUST_0570,growth,10396.75,monthly,2025-08-27,2026-09-21,active
SUB_0571,CUST_0571,starter,1026.5,monthly,2026-03-07,2026-09-03,active
SUB_0572,CUST_0572,pro,12441.81,monthly,2025-05-22,2026-09-14,active
SUB_0573,CUST_0573,starter,557.68,monthly,2024-08-02,2026-09-21,active
SUB_0574,CUST_0574,growth,918.08,monthly,2024-01-11,2026-09-27,active
SUB_0575,CUST_0575,starter,200,monthly,2026-04-23,2026-09-20,active
SUB_0576,CUST_0576,starter,245.25,monthly,2024-03-26,2026-09-12,active
SUB_0577,CUST_0577,starter,576.58,monthly,2023-12-22,2026-09-07,active
SUB_0578,CUST_0578,pro,1586.51,monthly,2024-12-16,2026-09-07,active
SUB_0579,CUST_0579,starter,1224.26,monthly,2025-11-09,2026-09-05,active
SUB_0580,CUST_0580,growth,1096.45,monthly,2024-01-21,2026-09-07,active
SUB_0581,CUST_0581,starter,369.27,monthly,2024-12-17,2026-09-08,active
SUB_0582,CUST_0582,starter,1476.54,monthly,2024-02-08,2026-09-25,active
SUB_0583,CUST_0583,starter,687.18,monthly,2026-07-04,2026-09-02,active
SUB_0584,CUST_0584,pro,2485.65,monthly,2024-06-05,2026-09-23,active
SUB_0585,CUST_0585,pro,15000,monthly,2024-04-30,2026-09-17,active
SUB_0586,CUST_0586,starter,825.5,monthly,2025-11-09,2026-09-05,active
SUB_0587,CUST_0587,starter,918.65,monthly,2024-08-28,2026-09-17,active
SUB_0588,CUST_0588,starter,278.46,monthly,2024-12-26,2026-09-17,active
SUB_0589,CUST_0589,starter,998.51,monthly,2024-12-24,2026-09-15,active
SUB_0590,CUST_0590,growth,2278.63,monthly,2025-10-23,2026-09-18,active
SUB_0591,CUST_0591,growth,9218.33,monthly,2024-12-06,2026-09-27,active
SUB_0592,CUST_0592,starter,336.38,monthly,2025-07-18,2026-09-11,active
SUB_0593,CUST_0593,pro,11278.37,monthly,2023-12-31,2026-09-16,active
SUB_0594,CUST_0594,pro,1217.21,monthly,2026-07-28,2026-09-26,active
SUB_0595,CUST_0595,pro,10967.98,monthly,2024-09-28,2026-09-18,active
SUB_0596,CUST_0596,growth,644.07,monthly,2024-02-28,2026-09-15,active
SUB_0597,CUST_0597,pro,12778.74,monthly,2026-05-20,2026-09-17,active
SUB_0598,CUST_0598,pro,4042.08,monthly,2024-07-29,2026-09-17,active
SUB_0599,CUST_0599,starter,1262.66,monthly,2025-11-03,2026-09-29,active
SUB_0600,CUST_0600,starter,482.28,monthly,2024-12-27,2026-09-18,active
SUB_0601,CUST_0601,growth,2076.6,monthly,2024-03-12,2026-09-28,active
SUB_0602,CUST_0602,pro,10274.65,monthly,2025-04-17,2026-09-09,active
SUB_0603,CUST_0603,growth,1520.52,monthly,2024-05-05,2026-09-22,active
SUB_0604,CUST_0604,pro,10204.8,monthly,2026-04-03,2026-08-31,active
SUB_0605,CUST_0605,pro,11387.01,monthly,2025-09-27,2026-09-22,active
SUB_0606,CUST_0606,pro,10691.8,monthly,2024-11-23,2026-09-14,active
SUB_0607,CUST_0607,starter,472.62,monthly,2026-04-26,2026-09-23,active
SUB_0608,CUST_0608,growth,1135.3,monthly,2024-05-25,2026-09-12,active
SUB_0609,CUST_0609,pro,1520.27,monthly,2024-07-17,2026-09-05,active
SUB_0610,CUST_0610,pro,11684.35,monthly,2024-03-07,2026-09-23,active
SUB_0611,CUST_0611,pro,1755.93,monthly,2025-05-09,2026-09-01,active
SUB_0612,CUST_0612,growth,1619.28,monthly,2025-09-06,2026-09-01,active
SUB_0613,CUST_0613,growth,1400.65,monthly,2024-04-01,2026-09-18,active
SUB_0614,CUST_0614,pro,1335.49,monthly,2026-05-18,2026-09-15,active
SUB_0615,CUST_0615,growth,2225.6,monthly,2025-06-15,2026-09-08,active
SUB_0616,CUST_0616,starter,200,monthly,2026-02-25,2026-09-23,active
SUB_0617,CUST_0617,starter,469.95,monthly,2025-01-24,2026-09-16,active
SUB_0618,CUST_0618,pro,8001.98,monthly,2026-06-11,2026-09-09,active
SUB_0619,CUST_0619,pro,9630.47,monthly,2024-12-04,2026-09-25,active
SUB_0620,CUST_0620,starter,1511.7,monthly,2025-08-02,2026-09-26,active
SUB_0621,CUST_0621,pro,3237.73,monthly,2026-03-09,2026-09-05,active
SUB_0622,CUST_0622,growth,2104.71,monthly,2026-05-30,2026-09-27,active
SUB_0623,CUST_0623,pro,1621.46,monthly,2024-11-06,2026-09-27,active
SUB_0624,CUST_0624,pro,1572.39,monthly,2025-01-25,2026-09-17,active
SUB_0625,CUST_0625,pro,2210.87,monthly,2024-09-27,2026-09-17,active
SUB_0626,CUST_0626,growth,548.8,monthly,2024-02-08,2026-09-25,active
SUB_0627,CUST_0627,starter,200,monthly,2024-01-30,2026-09-16,active
SUB_0628,CUST_0628,growth,1735.47,monthly,2024-07-10,2026-09-28,active
SUB_0629,CUST_0629,pro,6133.24,monthly,2024-01-28,2026-09-14,active
SUB_0630,CUST_0630,growth,4465.68,monthly,2026-03-08,2026-09-04,active
SUB_0631,CUST_0631,starter,761.44,monthly,2025-04-05,2026-09-27,active
SUB_0632,CUST_0632,pro,6040.58,monthly,2024-06-15,2026-09-03,active
SUB_0633,CUST_0633,starter,228.11,monthly,2025-05-13,2026-09-05,active
SUB_0634,CUST_0634,growth,1890.32,monthly,2025-07-27,2026-09-20,active
SUB_0635,CUST_0635,pro,13569.88,monthly,2024-09-14,2026-09-04,active
SUB_0636,CUST_0636,pro,666.71,monthly,2024-07-03,2026-09-21,active
SUB_0637,CUST_0637,starter,1251.31,monthly,2024-12-13,2026-09-04,active
SUB_0638,CUST_0638,pro,1633.25,monthly,2024-11-10,2026-09-01,active
SUB_0639,CUST_0639,starter,676.5,monthly,2026-01-16,2026-09-13,active
SUB_0640,CUST_0640,growth,1249.65,monthly,2024-04-30,2026-09-17,active
SUB_0641,CUST_0641,starter,644.44,monthly,2025-05-09,2026-09-01,active
SUB_0642,CUST_0642,pro,1471.22,monthly,2024-07-31,2026-09-19,active
SUB_0643,CUST_0643,growth,1063.34,monthly,2025-11-19,2026-09-15,active
SUB_0644,CUST_0644,starter,289.39,monthly,2024-08-13,2026-09-02,active
SUB_0645,CUST_0645,pro,1963.54,monthly,2025-02-05,2026-09-28,active
SUB_0646,CUST_0646,starter,232.1,monthly,2026-03-01,2026-09-27,active
SUB_0647,CUST_0647,pro,1055.34,monthly,2023-12-17,2026-09-02,active
SUB_0648,CUST_0648,starter,808.49,monthly,2025-01-01,2026-09-23,active
SUB_0649,CUST_0649,starter,2141.95,monthly,2025-02-06,2026-09-29,active
SUB_0650,CUST_0650,growth,300.09,monthly,2024-09-02,2026-09-22,active
SUB_0651,CUST_0651,starter,1314.12,monthly,2026-03-08,2026-09-04,active
SUB_0652,CUST_0652,growth,570.52,monthly,2026-01-03,2026-08-31,active
SUB_0653,CUST_0653,pro,15000,monthly,2025-11-14,2026-09-10,active
SUB_0654,CUST_0654,pro,8671.76,monthly,2026-05-24,2026-09-21,active
SUB_0655,CUST_0655,pro,5023.95,monthly,2025-10-13,2026-09-08,active
SUB_0656,CUST_0656,growth,397.94,monthly,2026-06-25,2026-09-23,active
SUB_0657,CUST_0657,starter,1695.02,monthly,2024-03-30,2026-09-16,active
SUB_0658,CUST_0658,starter,1786.82,monthly,2024-02-20,2026-09-07,active
SUB_0659,CUST_0659,pro,1906.5,monthly,2024-08-28,2026-09-17,active
SUB_0660,CUST_0660,growth,2082.3,monthly,2025-06-15,2026-09-08,active
SUB_0661,CUST_0661,growth,629.8,monthly,2024-12-26,2026-09-17,active
SUB_0662,CUST_0662,pro,8298.83,monthly,2023-12-15,2026-08-31,active
SUB_0663,CUST_0663,starter,774.01,monthly,2025-12-25,2026-09-21,active
SUB_0664,CUST_0664,pro,3710.81,monthly,2024-05-01,2026-09-18,active
SUB_0665,CUST_0665,starter,374.12,monthly,2025-08-13,2026-09-07,active
SUB_0666,CUST_0666,growth,1090.5,monthly,2024-08-02,2026-09-21,active
SUB_0667,CUST_0667,starter,651.62,monthly,2026-06-29,2026-09-27,active
SUB_0668,CUST_0668,pro,1279.62,monthly,2024-07-09,2026-09-27,active
SUB_0669,CUST_0669,growth,944.28,monthly,2025-11-25,2026-09-21,active
SUB_0670,CUST_0670,starter,891.7,monthly,2024-12-12,2026-09-03,active
SUB_0671,CUST_0671,starter,550.66,monthly,2024-08-05,2026-09-24,active
SUB_0672,CUST_0672,pro,2240.02,monthly,2025-05-21,2026-09-13,active
SUB_0673,CUST_0673,pro,14863.79,monthly,2026-07-19,2026-09-17,active
SUB_0674,CUST_0674,growth,2648.96,monthly,2025-09-08,2026-09-03,active
SUB_0675,CUST_0675,pro,859.71,monthly,2024-06-10,2026-09-28,active
SUB_0676,CUST_0676,starter,208.63,monthly,2023-12-06,2026-09-21,active
SUB_0677,CUST_0677,starter,607.4,monthly,2026-03-21,2026-09-17,active
SUB_0678,CUST_0678,pro,9037.23,monthly,2026-05-28,2026-09-25,active
SUB_0679,CUST_0679,starter,1699.94,monthly,2024-01-12,2026-09-28,active
SUB_0680,CUST_0680,pro,1595.24,monthly,2024-08-02,2026-09-21,active
SUB_0681,CUST_0681,pro,4855.18,monthly,2025-09-29,2026-09-24,active
SUB_0682,CUST_0682,pro,15000,monthly,2024-06-15,2026-09-03,active
SUB_0683,CUST_0683,pro,3147.8,monthly,2025-03-10,2026-09-01,active
SUB_0684,CUST_0684,pro,2007.25,monthly,2024-04-19,2026-09-06,active
SUB_0685,CUST_0685,growth,548.13,monthly,2025-03-15,2026-09-06,active
SUB_0686,CUST_0686,growth,752.05,monthly,2025-06-24,2026-09-17,active
SUB_0687,CUST_0687,growth,345.77,monthly,2024-02-05,2026-09-22,active
SUB_0688,CUST_0688,growth,703.54,monthly,2025-05-02,2026-09-24,active
SUB_0689,CUST_0689,growth,1779.03,monthly,2024-01-02,2026-09-18,active
SUB_0690,CUST_0690,growth,1914.49,monthly,2025-12-03,2026-09-29,active
SUB_0691,CUST_0691,starter,1184.77,monthly,2025-10-11,2026-09-06,active
SUB_0692,CUST_0692,pro,8785.82,monthly,2026-02-03,2026-09-01,active
SUB_0693,CUST_0693,growth,1009.84,monthly,2025-06-09,2026-09-02,active
SUB_0694,CUST_0694,pro,1377.46,monthly,2025-01-24,2026-09-16,active
SUB_0695,CUST_0695,pro,11278.62,monthly,2026-04-03,2026-08-31,active
SUB_0696,CUST_0696,pro,15000,monthly,2025-12-19,2026-09-15,active
SUB_0697,CUST_0697,starter,671.72,monthly,2024-07-28,2026-09-16,active
SUB_0698,CUST_0698,pro,636.44,monthly,2025-06-29,2026-09-22,active
SUB_0699,CUST_0699,pro,5610.27,monthly,2024-08-25,2026-09-14,active
SUB_0700,CUST_0700,starter,2210.31,monthly,2024-08-30,2026-09-19,active
SUB_0701,CUST_0701,growth,1717.11,monthly,2026-07-26,2026-09-24,active
SUB_0702,CUST_0702,growth,618.03,monthly,2024-05-31,2026-09-18,active
SUB_0703,CUST_0703,starter,360.66,monthly,2024-02-14,2026-09-01,active
SUB_0704,CUST_0704,starter,685.76,monthly,2024-01-01,2026-09-17,active
SUB_0705,CUST_0705,growth,937.29,monthly,2024-03-27,2026-09-13,active
SUB_0706,CUST_0706,pro,12766.65,monthly,2025-07-01,2026-09-24,active
SUB_0707,CUST_0707,growth,933.74,monthly,2023-12-18,2026-09-03,active
SUB_0708,CUST_0708,growth,1097.17,monthly,2024-02-04,2026-09-21,active
SUB_0709,CUST_0709,growth,3217.1,monthly,2026-06-19,2026-09-17,active
SUB_0710,CUST_0710,starter,387.53,monthly,2025-10-30,2026-09-25,active
SUB_0711,CUST_0711,pro,6710.91,monthly,2025-11-27,2026-09-23,active
SUB_0712,CUST_0712,pro,1746.84,monthly,2024-04-27,2026-09-14,active
SUB_0713,CUST_0713,starter,200,monthly,2024-06-23,2026-09-11,active
SUB_0714,CUST_0714,starter,552.79,monthly,2025-11-24,2026-09-20,active
SUB_0715,CUST_0715,starter,805.01,monthly,2025-05-10,2026-09-02,active
SUB_0716,CUST_0716,pro,1897.02,monthly,2024-11-08,2026-09-29,active
SUB_0717,CUST_0717,growth,716.86,monthly,2026-07-14,2026-09-12,active
SUB_0718,CUST_0718,starter,799.44,monthly,2024-08-01,2026-09-20,active
SUB_0719,CUST_0719,starter,984.04,monthly,2025-04-14,2026-09-06,active
SUB_0720,CUST_0720,starter,566.77,monthly,2024-05-17,2026-09-04,active
SUB_0721,CUST_0721,pro,5728.49,monthly,2025-11-23,2026-09-19,active
SUB_0722,CUST_0722,starter,1554.01,monthly,2023-12-04,2026-09-19,active
SUB_0723,CUST_0723,growth,720.89,monthly,2024-12-09,2026-08-31,active
SUB_0724,CUST_0724,pro,999.55,monthly,2026-06-19,2026-09-17,active
SUB_0725,CUST_0725,starter,1331.22,monthly,2025-05-29,2026-09-21,active
SUB_0726,CUST_0726,pro,8570.6,monthly,2026-04-06,2026-09-03,active
SUB_0727,CUST_0727,pro,9497.23,monthly,2025-11-09,2026-09-05,active
SUB_0728,CUST_0728,starter,1036.92,monthly,2024-04-27,2026-09-14,active
SUB_0729,CUST_0729,pro,11458.05,monthly,2023-12-24,2026-09-09,active
SUB_0730,CUST_0730,starter,370.44,monthly,2026-06-09,2026-09-07,active
SUB_0731,CUST_0731,growth,1784.87,monthly,2024-03-20,2026-09-06,active
SUB_0732,CUST_0732,starter,1339.11,monthly,2024-08-25,2026-09-14,active
SUB_0733,CUST_0733,pro,2311.76,monthly,2025-10-15,2026-09-10,active
SUB_0734,CUST_0734,pro,6176.82,monthly,2024-09-28,2026-09-18,active
SUB_0735,CUST_0735,pro,8242.49,monthly,2026-04-27,2026-09-24,active
SUB_0736,CUST_0736,starter,573.26,monthly,2024-11-20,2026-09-11,active
SUB_0737,CUST_0737,starter,997.2,monthly,2023-12-26,2026-09-11,active
SUB_0738,CUST_0738,pro,15000,monthly,2025-11-29,2026-09-25,active
SUB_0739,CUST_0739,starter,325.73,monthly,2024-06-04,2026-09-22,active
SUB_0740,CUST_0740,starter,544.61,monthly,2025-09-18,2026-09-13,active
SUB_0741,CUST_0741,pro,2274.66,monthly,2026-04-06,2026-09-03,active
SUB_0742,CUST_0742,pro,13545.86,monthly,2025-02-23,2026-09-16,active
SUB_0743,CUST_0743,growth,1245.07,monthly,2026-01-14,2026-09-11,active
SUB_0744,CUST_0744,starter,200,monthly,2024-05-28,2026-09-15,active
SUB_0745,CUST_0745,growth,2286.0,monthly,2024-03-20,2026-09-06,active
SUB_0746,CUST_0746,starter,450.36,monthly,2025-06-10,2026-09-03,active
SUB_0747,CUST_0747,growth,795.67,monthly,2024-05-03,2026-09-20,active
SUB_0748,CUST_0748,starter,200,monthly,2026-04-13,2026-09-10,active
SUB_0749,CUST_0749,growth,505.43,monthly,2026-02-09,2026-09-07,active
SUB_0750,CUST_0750,growth,1696.9,monthly,2024-07-06,2026-09-24,active
SUB_0751,CUST_0751,starter,1054.67,monthly,2026-04-05,2026-09-02,active
SUB_0752,CUST_0752,starter,200,monthly,2026-03-31,2026-09-27,active
SUB_0753,CUST_0753,pro,2223.6,monthly,2024-08-30,2026-09-19,active
SUB_0754,CUST_0754,pro,6221.88,monthly,2025-03-18,2026-09-09,active
SUB_0755,CUST_0755,growth,1278.96,monthly,2025-04-22,2026-09-14,active
SUB_0756,CUST_0756,starter,1129.74,monthly,2026-04-10,2026-09-07,active
SUB_0757,CUST_0757,growth,1032.33,monthly,2024-05-04,2026-09-21,active
SUB_0758,CUST_0758,pro,372.35,monthly,2024-12-08,2026-09-29,active
SUB_0759,CUST_0759,growth,681.91,monthly,2025-04-09,2026-09-01,active
SUB_0760,CUST_0760,starter,444.48,monthly,2025-08-17,2026-09-11,active
SUB_0761,CUST_0761,pro,5726.73,monthly,2024-04-16,2026-09-03,active
SUB_0762,CUST_0762,growth,2463.56,monthly,2024-07-18,2026-09-06,active
SUB_0763,CUST_0763,starter,580.18,monthly,2024-01-23,2026-09-09,active
SUB_0764,CUST_0764,growth,880.92,monthly,2024-08-01,2026-09-20,active
SUB_0765,CUST_0765,growth,11739.79,monthly,2026-05-19,2026-09-16,active
SUB_0766,CUST_0766,pro,1882.53,monthly,2025-04-16,2026-09-08,active
SUB_0767,CUST_0767,starter,1753.9,monthly,2025-05-08,2026-08-31,active
SUB_0768,CUST_0768,growth,1718.0,monthly,2024-11-24,2026-09-15,active
SUB_0769,CUST_0769,growth,1716.97,monthly,2025-02-04,2026-09-27,active
SUB_0770,CUST_0770,starter,601.44,monthly,2025-04-16,2026-09-08,active
SUB_0771,CUST_0771,growth,1453.3,monthly,2025-11-06,2026-09-02,active
SUB_0772,CUST_0772,growth,992.92,monthly,2024-10-06,2026-09-26,active
SUB_0773,CUST_0773,starter,1265.53,monthly,2024-04-11,2026-09-28,active
SUB_0774,CUST_0774,starter,281.45,monthly,2024-08-16,2026-09-05,active
SUB_0775,CUST_0775,pro,1462.68,monthly,2026-04-30,2026-09-27,active
SUB_0776,CUST_0776,growth,803.01,monthly,2026-06-12,2026-09-10,active
SUB_0777,CUST_0777,starter,772.21,monthly,2024-10-23,2026-09-13,active
SUB_0778,CUST_0778,growth,1859.33,monthly,2024-04-12,2026-09-29,active
SUB_0779,CUST_0779,starter,223.4,monthly,2025-10-11,2026-09-06,active
SUB_0780,CUST_0780,growth,2075.84,monthly,2024-11-17,2026-09-08,active
SUB_0781,CUST_0781,starter,1082.52,monthly,2025-02-15,2026-09-08,active
SUB_0782,CUST_0782,pro,3075.04,monthly,2026-02-02,2026-08-31,active
SUB_0783,CUST_0783,starter,819.14,monthly,2026-04-11,2026-09-08,active
SUB_0784,CUST_0784,pro,2351.87,monthly,2024-11-02,2026-09-23,active
SUB_0785,CUST_0785,pro,1990.77,monthly,2025-04-25,2026-09-17,active
SUB_0786,CUST_0786,starter,313.47,monthly,2023-12-09,2026-09-24,active
SUB_0787,CUST_0787,growth,1715.08,monthly,2024-05-28,2026-09-15,active
SUB_0788,CUST_0788,pro,1672.99,monthly,2024-03-27,2026-09-13,active
SUB_0789,CUST_0789,pro,694.22,monthly,2024-04-26,2026-09-13,active
SUB_0790,CUST_0790,growth,1752.81,monthly,2024-09-15,2026-09-05,active
SUB_0791,CUST_0791,starter,368.47,monthly,2025-10-28,2026-09-23,active
SUB_0792,CUST_0792,growth,1046.53,monthly,2026-03-13,2026-09-09,active
SUB_0793,CUST_0793,growth,11116.12,monthly,2023-12-30,2026-09-15,active
SUB_0794,CUST_0794,pro,13890.45,monthly,2025-11-30,2026-09-26,active
SUB_0795,CUST_0795,starter,408.24,monthly,2025-10-01,2026-09-26,active
SUB_0796,CUST_0796,pro,4303.73,monthly,2025-12-01,2026-09-27,active
SUB_0797,CUST_0797,starter,802.81,monthly,2024-01-06,2026-09-22,active
SUB_0798,CUST_0798,starter,712.38,monthly,2025-01-20,2026-09-12,active
SUB_0799,CUST_0799,starter,1078.38,monthly,2025-08-30,2026-09-24,active
SUB_0800,CUST_0800,pro,1826.29,monthly,2026-05-18,2026-09-15,active
SUB_0801,CUST_0801,starter,708.99,monthly,2026-06-21,2026-09-19,active
SUB_0802,CUST_0802,starter,200,monthly,2025-12-03,2026-09-29,active
SUB_0803,CUST_0803,growth,414.82,monthly,2024-08-22,2026-09-11,active
SUB_0804,CUST_0804,growth,1094.39,monthly,2024-01-27,2026-09-13,active
SUB_0805,CUST_0805,starter,884.78,monthly,2024-09-01,2026-09-21,active
SUB_0806,CUST_0806,starter,778.26,monthly,2025-10-03,2026-09-28,active
SUB_0807,CUST_0807,starter,200,monthly,2023-12-18,2026-09-03,active
SUB_0808,CUST_0808,starter,642.76,monthly,2025-09-06,2026-09-01,active
SUB_0809,CUST_0809,pro,1243.67,monthly,2024-01-08,2026-09-24,active
SUB_0810,CUST_0810,growth,1736.57,monthly,2024-06-03,2026-09-21,active
SUB_0811,CUST_0811,starter,417.48,monthly,2025-06-01,2026-09-24,active
SUB_0812,CUST_0812,starter,926.3,monthly,2025-10-10,2026-09-05,active
SUB_0813,CUST_0813,growth,1808.34,monthly,2026-06-18,2026-09-16,active
SUB_0814,CUST_0814,growth,1173.58,monthly,2024-10-07,2026-09-27,active
SUB_0815,CUST_0815,pro,14666.4,monthly,2026-03-06,2026-09-02,active
SUB_0816,CUST_0816,pro,9124.45,monthly,2024-07-25,2026-09-13,active
SUB_0817,CUST_0817,pro,1248.51,monthly,2024-02-06,2026-09-23,active
SUB_0818,CUST_0818,growth,7060.68,monthly,2026-06-07,2026-09-05,active
SUB_0819,CUST_0819,growth,1986.45,monthly,2024-10-09,2026-09-29,active
SUB_0820,CUST_0820,starter,259.64,monthly,2025-01-11,2026-09-03,active
SUB_0821,CUST_0821,starter,235.88,monthly,2025-08-25,2026-09-19,active
SUB_0822,CUST_0822,pro,10906.5,monthly,2026-05-21,2026-09-18,active
SUB_0823,CUST_0823,pro,10550.69,monthly,2024-06-14,2026-09-02,active
SUB_0824,CUST_0824,starter,311.11,monthly,2025-02-28,2026-09-21,active
SUB_0825,CUST_0825,growth,8971.98,monthly,2024-10-09,2026-09-29,active
SUB_0826,CUST_0826,growth,355.24,monthly,2026-06-03,2026-09-01,active
SUB_0827,CUST_0827,starter,768.09,monthly,2025-06-01,2026-09-24,active
SUB_0828,CUST_0828,starter,1045.2,monthly,2026-06-07,2026-09-05,active
SUB_0829,CUST_0829,pro,1436.51,monthly,2026-04-04,2026-09-01,active
SUB_0830,CUST_0830,starter,636.05,monthly,2024-07-23,2026-09-11,active
SUB_0831,CUST_0831,growth,5317.8,monthly,2024-10-29,2026-09-19,active
SUB_0832,CUST_0832,pro,2452.06,monthly,2024-05-25,2026-09-12,active
SUB_0833,CUST_0833,starter,405.68,monthly,2026-05-30,2026-09-27,active
SUB_0834,CUST_0834,starter,264.25,monthly,2026-07-09,2026-09-07,active
SUB_0835,CUST_0835,growth,846.73,monthly,2024-03-03,2026-09-19,active
SUB_0836,CUST_0836,pro,468.26,monthly,2025-03-27,2026-09-18,active
SUB_0837,CUST_0837,growth,4189.2,monthly,2026-02-16,2026-09-14,active
SUB_0838,CUST_0838,growth,367.08,monthly,2024-12-02,2026-09-23,active
SUB_0839,CUST_0839,starter,1630.84,monthly,2024-12-30,2026-09-21,active
SUB_0840,CUST_0840,pro,12654.43,monthly,2024-04-10,2026-09-27,active
SUB_0841,CUST_0841,pro,609.78,monthly,2024-12-21,2026-09-12,active
SUB_0842,CUST_0842,pro,5745.9,monthly,2025-07-05,2026-09-28,active
SUB_0843,CUST_0843,starter,638.25,monthly,2024-09-14,2026-09-04,active
SUB_0844,CUST_0844,pro,471.41,monthly,2026-04-25,2026-09-22,active
SUB_0845,CUST_0845,growth,1868.13,monthly,2025-07-18,2026-09-11,active
SUB_0846,CUST_0846,starter,518.72,monthly,2025-10-08,2026-09-03,active
SUB_0847,CUST_0847,pro,2483.09,monthly,2025-02-12,2026-09-05,active
SUB_0848,CUST_0848,pro,9033.52,monthly,2026-04-29,2026-09-26,active
SUB_0849,CUST_0849,growth,951.12,monthly,2025-10-28,2026-09-23,active
SUB_0850,CUST_0850,pro,2224.07,monthly,2025-10-31,2026-09-26,active
SUB_0851,CUST_0851,starter,741.13,monthly,2025-03-19,2026-09-10,active
SUB_0852,CUST_0852,growth,730.17,monthly,2025-07-11,2026-09-04,active
SUB_0853,CUST_0853,starter,256.05,monthly,2024-06-13,2026-09-01,active
SUB_0854,CUST_0854,starter,272.78,monthly,2024-01-26,2026-09-12,active
SUB_0855,CUST_0855,growth,904.36,monthly,2025-10-24,2026-09-19,active
SUB_0856,CUST_0856,growth,598.61,monthly,2025-01-26,2026-09-18,active
SUB_0857,CUST_0857,starter,436.65,monthly,2025-05-25,2026-09-17,active
SUB_0858,CUST_0858,pro,3277.64,monthly,2026-04-09,2026-09-06,active
SUB_0859,CUST_0859,starter,1089.74,monthly,2025-11-21,2026-09-17,active
SUB_0860,CUST_0860,starter,399.54,monthly,2024-04-26,2026-09-13,active
SUB_0861,CUST_0861,pro,10326.66,monthly,2025-11-05,2026-09-01,active
SUB_0862,CUST_0862,growth,1374.15,monthly,2024-06-05,2026-09-23,active
SUB_0863,CUST_0863,pro,9301.15,monthly,2024-02-10,2026-09-27,active
SUB_0864,CUST_0864,growth,9370.08,monthly,2023-12-21,2026-09-06,active
SUB_0865,CUST_0865,pro,1983.69,monthly,2025-03-03,2026-09-24,active
SUB_0866,CUST_0866,pro,1434.91,monthly,2024-06-03,2026-09-21,active
SUB_0867,CUST_0867,growth,2055.45,monthly,2024-04-06,2026-09-23,active
SUB_0868,CUST_0868,starter,848.64,monthly,2025-11-06,2026-09-02,active
SUB_0869,CUST_0869,growth,2096.37,monthly,2026-07-16,2026-09-14,active
SUB_0870,CUST_0870,growth,1325.33,monthly,2024-10-10,2026-08-31,active
SUB_0871,CUST_0871,pro,1008.61,monthly,2025-11-14,2026-09-10,active
SUB_0872,CUST_0872,growth,471.51,monthly,2024-10-05,2026-09-25,active
SUB_0873,CUST_0873,pro,560.51,monthly,2026-02-02,2026-08-31,active
SUB_0874,CUST_0874,growth,763.19,monthly,2024-03-22,2026-09-08,active
SUB_0875,CUST_0875,pro,1152.64,monthly,2024-03-31,2026-09-17,active
SUB_0876,CUST_0876,starter,1111.89,monthly,2026-07-30,2026-09-28,active
SUB_0877,CUST_0877,pro,1893.79,monthly,2026-04-20,2026-09-17,active
SUB_0878,CUST_0878,growth,9603.23,monthly,2026-06-19,2026-09-17,active
SUB_0879,CUST_0879,growth,289.72,monthly,2024-06-13,2026-09-01,active
SUB_0880,CUST_0880,growth,963.61,monthly,2025-04-22,2026-09-14,active
SUB_0881,CUST_0881,starter,827.1,monthly,2024-06-12,2026-08-31,active
SUB_0882,CUST_0882,pro,3100.62,monthly,2026-03-09,2026-09-05,active
SUB_0883,CUST_0883,growth,1083.08,monthly,2024-07-23,2026-09-11,active
SUB_0884,CUST_0884,growth,2190.71,monthly,2025-12-27,2026-09-23,active
SUB_0885,CUST_0885,starter,896.42,monthly,2026-07-26,2026-09-24,active
SUB_0886,CUST_0886,starter,938.96,monthly,2024-10-02,2026-09-22,active
SUB_0887,CUST_0887,growth,8464.41,monthly,2024-02-05,2026-09-22,active
SUB_0888,CUST_0888,pro,14993.1,monthly,2025-06-03,2026-09-26,active
SUB_0889,CUST_0889,pro,1368.01,monthly,2024-04-22,2026-09-09,active
SUB_0890,CUST_0890,starter,251.0,monthly,2024-12-06,2026-09-27,active
SUB_0891,CUST_0891,pro,13553.62,monthly,2025-07-28,2026-09-21,active
SUB_0892,CUST_0892,growth,429.37,monthly,2024-07-13,2026-09-01,active
SUB_0893,CUST_0893,pro,2414.17,monthly,2026-07-31,2026-09-29,active
SUB_0894,CUST_0894,pro,1406.99,monthly,2026-01-26,2026-09-23,active
SUB_0895,CUST_0895,pro,1907.66,monthly,2026-05-12,2026-09-09,active
SUB_0896,CUST_0896,pro,397.37,monthly,2024-05-05,2026-09-22,active
SUB_0897,CUST_0897,growth,994.96,monthly,2024-08-24,2026-09-13,active
SUB_0898,CUST_0898,pro,607.78,monthly,2026-06-15,2026-09-13,active
SUB_0899,CUST_0899,pro,14308.8,monthly,2025-03-20,2026-09-11,active
SUB_0900,CUST_0900,starter,600.87,monthly,2024-09-21,2026-09-11,active
SUB_0901,CUST_0901,growth,1460.37,monthly,2024-12-12,2026-09-03,active
SUB_0902,CUST_0902,growth,1011.26,monthly,2025-11-25,2026-09-21,active
SUB_0903,CUST_0903,pro,5512.84,monthly,2025-08-23,2026-09-17,active
SUB_0904,CUST_0904,pro,3422.48,monthly,2024-03-20,2026-09-06,active
SUB_0905,CUST_0905,growth,2661.58,monthly,2025-02-12,2026-09-05,active
SUB_0906,CUST_0906,starter,368.38,monthly,2025-02-17,2026-09-10,active
SUB_0907,CUST_0907,pro,2813.02,monthly,2024-09-26,2026-09-16,active
SUB_0908,CUST_0908,starter,210.14,monthly,2024-12-17,2026-09-08,active
SUB_0909,CUST_0909,growth,373.62,monthly,2025-03-03,2026-09-24,active
SUB_0910,CUST_0910,starter,293.13,monthly,2024-11-26,2026-09-17,active
SUB_0911,CUST_0911,growth,2077.0,monthly,2023-12-13,2026-09-28,active
SUB_0912,CUST_0912,growth,1241.22,monthly,2025-07-11,2026-09-04,active
SUB_0913,CUST_0913,growth,1397.1,monthly,2024-08-18,2026-09-07,active
SUB_0914,CUST_0914,growth,1851.67,monthly,2024-07-24,2026-09-12,active
SUB_0915,CUST_0915,pro,1705.4,monthly,2025-03-07,2026-09-28,active
SUB_0916,CUST_0916,pro,9014.74,monthly,2024-04-26,2026-09-13,active
SUB_0917,CUST_0917,starter,881.56,monthly,2026-04-01,2026-09-28,active
SUB_0918,CUST_0918,growth,595.63,monthly,2024-10-03,2026-09-23,active
SUB_0919,CUST_0919,starter,1309.45,monthly,2023-12-20,2026-09-05,active
SUB_0920,CUST_0920,pro,10697.87,monthly,2025-06-17,2026-09-10,active
SUB_0921,CUST_0921,starter,415.4,monthly,2024-10-05,2026-09-25,active
SUB_0922,CUST_0922,starter,374.63,monthly,2026-01-09,2026-09-06,active
SUB_0923,CUST_0923,starter,786.88,monthly,2024-10-09,2026-09-29,active
SUB_0924,CUST_0924,pro,2313.87,monthly,2024-05-22,2026-09-09,active
SUB_0925,CUST_0925,starter,200,monthly,2024-10-22,2026-09-12,active
SUB_0926,CUST_0926,starter,706.67,monthly,2024-06-19,2026-09-07,active
SUB_0927,CUST_0927,growth,837.28,monthly,2026-06-05,2026-09-03,active
SUB_0928,CUST_0928,growth,1406.33,monthly,2026-04-15,2026-09-12,active
SUB_0929,CUST_0929,growth,329.53,monthly,2024-06-01,2026-09-19,active
SUB_0930,CUST_0930,starter,556.37,monthly,2024-06-07,2026-09-25,active
SUB_0931,CUST_0931,growth,729.59,monthly,2024-06-22,2026-09-10,active
SUB_0932,CUST_0932,pro,2080.35,monthly,2023-12-11,2026-09-26,active
SUB_0933,CUST_0933,pro,5607.68,monthly,2025-03-10,2026-09-01,active
SUB_0934,CUST_0934,starter,577.3,monthly,2024-07-05,2026-09-23,active
SUB_0935,CUST_0935,starter,295.63,monthly,2024-03-13,2026-09-29,active
SUB_0936,CUST_0936,growth,1394.56,monthly,2025-02-08,2026-09-01,active
SUB_0937,CUST_0937,growth,3187.45,monthly,2026-07-23,2026-09-21,active
SUB_0938,CUST_0938,pro,7034.91,monthly,2026-03-21,2026-09-17,active
SUB_0939,CUST_0939,starter,368.13,monthly,2025-08-09,2026-09-03,active
SUB_0940,CUST_0940,growth,4405.7,monthly,2023-12-23,2026-09-08,active
SUB_0941,CUST_0941,pro,1872.97,monthly,2026-05-18,2026-09-15,active
SUB_0942,CUST_0942,growth,568.27,monthly,2024-02-01,2026-09-18,active
SUB_0943,CUST_0943,starter,1027.39,monthly,2024-10-07,2026-09-27,active
SUB_0944,CUST_0944,pro,1253.06,monthly,2026-03-17,2026-09-13,active
SUB_0945,CUST_0945,pro,12700.91,monthly,2024-12-21,2026-09-12,active
SUB_0946,CUST_0946,growth,3735.78,monthly,2026-02-04,2026-09-02,active
SUB_0947,CUST_0947,growth,773.95,monthly,2024-06-03,2026-09-21,active
SUB_0948,CUST_0948,pro,15000,monthly,2024-07-14,2026-09-02,active
SUB_0949,CUST_0949,starter,974.33,monthly,2024-05-22,2026-09-09,active
SUB_0950,CUST_0950,growth,999.49,monthly,2025-04-22,2026-09-14,active
SUB_0951,CUST_0951,starter,450.46,monthly,2026-02-02,2026-08-31,active
SUB_0952,CUST_0952,pro,3430.22,monthly,2025-07-27,2026-09-20,active
SUB_0953,CUST_0953,growth,1520.0,monthly,2026-01-05,2026-09-02,active
SUB_0954,CUST_0954,growth,1306.76,monthly,2024-12-14,2026-09-05,active
SUB_0955,CUST_0955,starter,319.2,monthly,2024-07-03,2026-09-21,active
SUB_0956,CUST_0956,growth,663.09,monthly,2024-06-16,2026-09-04,active
SUB_0957,CUST_0957,pro,823.18,monthly,2026-05-27,2026-09-24,active
SUB_0958,CUST_0958,pro,1863.63,monthly,2024-05-22,2026-09-09,active
SUB_0959,CUST_0959,growth,1165.14,monthly,2025-03-27,2026-09-18,active
SUB_0960,CUST_0960,starter,1460.77,monthly,2026-01-29,2026-09-26,active
SUB_0961,CUST_0961,pro,3401.46,monthly,2025-10-16,2026-09-11,active
SUB_0962,CUST_0962,growth,376.93,monthly,2024-11-14,2026-09-05,active
SUB_0963,CUST_0963,pro,928.27,monthly,2026-07-28,2026-09-26,active
SUB_0964,CUST_0964,pro,1091.43,monthly,2024-04-23,2026-09-10,active
SUB_0965,CUST_0965,starter,817.6,monthly,2024-04-18,2026-09-05,active
SUB_0966,CUST_0966,starter,231.48,monthly,2024-07-16,2026-09-04,active
SUB_0967,CUST_0967,pro,10771.74,monthly,2024-01-03,2026-09-19,active
SUB_0968,CUST_0968,pro,4979.97,monthly,2024-06-09,2026-09-27,active
SUB_0969,CUST_0969,growth,956.83,monthly,2024-03-16,2026-09-02,active
SUB_0970,CUST_0970,growth,827.8,monthly,2024-01-20,2026-09-06,active
SUB_0971,CUST_0971,starter,401.23,monthly,2024-07-24,2026-09-12,active
SUB_0972,CUST_0972,pro,10043.11,monthly,2024-02-13,2026-08-31,active
SUB_0973,CUST_0973,pro,12790.64,monthly,2024-06-05,2026-09-23,active
SUB_0974,CUST_0974,starter,285.57,monthly,2025-12-20,2026-09-16,active
SUB_0975,CUST_0975,pro,2477.71,monthly,2023-12-23,2026-09-08,active
SUB_0976,CUST_0976,starter,477.34,monthly,2026-04-28,2026-09-25,active
SUB_0977,CUST_0977,pro,1338.23,monthly,2025-07-31,2026-09-24,active
SUB_0978,CUST_0978,pro,445.63,monthly,2024-03-16,2026-09-02,active
SUB_0979,CUST_0979,growth,1219.18,monthly,2026-01-27,2026-09-24,active
SUB_0980,CUST_0980,starter,868.3,monthly,2026-04-19,2026-09-16,active
SUB_0981,CUST_0981,growth,622.68,monthly,2025-10-19,2026-09-14,active
SUB_0982,CUST_0982,pro,7991.56,monthly,2026-03-14,2026-09-10,active
SUB_0983,CUST_0983,growth,3081.37,monthly,2024-11-14,2026-09-05,active
SUB_0984,CUST_0984,starter,634.7,monthly,2025-09-30,2026-09-25,active
SUB_0985,CUST_0985,starter,649.85,monthly,2025-08-09,2026-09-03,active
SUB_0986,CUST_0986,pro,3677.54,monthly,2024-04-13,2026-08-31,active
SUB_0987,CUST_0987,starter,1375.78,monthly,2024-05-29,2026-09-16,active
SUB_0988,CUST_0988,starter,747.97,monthly,2025-01-26,2026-09-18,active
SUB_0989,CUST_0989,growth,997.84,monthly,2025-08-08,2026-09-02,active
SUB_0990,CUST_0990,starter,1096.67,monthly,2024-07-30,2026-09-18,active
SUB_0991,CUST_0991,growth,885.95,monthly,2025-04-26,2026-09-18,active
SUB_0992,CUST_0992,growth,10292.68,monthly,2025-03-21,2026-09-12,active
SUB_0993,CUST_0993,pro,6771.64,monthly,2025-09-03,2026-09-28,active
SUB_0994,CUST_0994,growth,10515.51,monthly,2025-12-24,2026-09-20,active
SUB_0995,CUST_0995,growth,1739.2,monthly,2025-04-23,2026-09-15,active
SUB_0996,CUST_0996,pro,1301.64,monthly,2026-02-04,2026-09-02,active
SUB_0997,CUST_0997,starter,885.93,monthly,2026-04-08,2026-09-05,active
SUB_0998,CUST_0998,pro,1639.15,monthly,2024-03-17,2026-09-03,active
SUB_0999,CUST_0999,starter,2023.2,monthly,2024-04-03,2026-09-20,active
SUB_1000,CUST_1000,starter,307.85,monthly,2024-03-25,2026-09-11,active
