audit_id,outcome_timestamp,execution_id,decision_id,failure_id,customer_id,subscription_id,amount,failure_reason,candidate_action,estimated_recovery_probability,expected_gross_recovery,intervention_cost,expected_net_recovery,policy_result,policy_reason,policy_checks,execution_result,execution_status,execution_reason,outcome_status,recovered,actual_recovered_amount,outcome_reason
AUD_0F305A14BCD4,2026-09-02T04:35:29.439806+00:00,EXE_000001_6EB70D76,DEC_000001,FAIL_000301,CUST_0119,SUB_0119,15000.0,LIMIT_EXCEEDED,UPDATE_PAYMENT_METHOD,0.9205904462703752,13808.856694055628,3.0,13805.856694055628,ALLOW,Recovery recommendation passed all deterministic policy and safety checks.,PASS: valid recovery action | PASS: expected net value above threshold | PASS: recovery probability valid | PASS: high-value confidence requirement | PASS: Payment-method update is permitted as an alternative recovery path.,UPDATE_PAYMENT_METHOD,EXECUTED_SIMULATION,Action passed deterministic policy controls and was executed in the RecoveryOS test environment.,RECOVERED,True,15000.0,Simulated payment recovery succeeded after the executed intervention.
AUD_6AF9BEB0CAA3,2026-09-02T04:35:29.439806+00:00,EXE_000002_73DE7F95,DEC_000002,FAIL_000450,CUST_0171,SUB_0171,14917.0,NETWORK_ERROR,RETRY_NOW,0.9224601742413324,13760.338419157952,2.0,13758.338419157952,ALLOW,Recovery recommendation passed all deterministic policy and safety checks.,PASS: valid recovery action | PASS: expected net value above threshold | PASS: recovery probability valid | PASS: high-value confidence requirement | PASS: retry action within maximum 2 attempts | PASS: Direct retry is permitted under bounded policy.,RETRY_NOW,EXECUTED_SIMULATION,Action passed deterministic policy controls and was executed in the RecoveryOS test environment.,RECOVERED,True,14917.0,Simulated payment recovery succeeded after the executed intervention.
AUD_D664CE0CF744,2026-09-02T04:35:29.439806+00:00,EXE_000003_E35E5798,DEC_000003,FAIL_000443,CUST_0169,SUB_0169,14872.16,NETWORK_ERROR,RETRY_NOW,0.9042269937480304,13447.808527339706,2.0,13445.808527339706,ALLOW,Recovery recommendation passed all deterministic policy and safety checks.,PASS: valid recovery action | PASS: expected net value above threshold | PASS: recovery probability valid | PASS: high-value confidence requirement | PASS: retry action within maximum 2 attempts | PASS: Direct retry is permitted under bounded policy.,RETRY_NOW,EXECUTED_SIMULATION,Action passed deterministic policy controls and was executed in the RecoveryOS test environment.,RECOVERED,True,14872.16,Simulated payment recovery succeeded after the executed intervention.
AUD_24E01982D2AA,2026-09-02T04:35:29.440803+00:00,EXE_000004_AE0D35BD,DEC_000004,FAIL_001296,CUST_0494,SUB_0494,14846.24,NETWORK_ERROR,RETRY_NOW,0.8777637465548183,13031.491244652005,2.0,13029.491244652005,ALLOW,Recovery recommendation passed all deterministic policy and safety checks.,PASS: valid recovery action | PASS: expected net value above threshold | PASS: recovery probability valid | PASS: high-value confidence requirement | PASS: retry action within maximum 2 attempts | PASS: Direct retry is permitted under bounded policy.,RETRY_NOW,EXECUTED_SIMULATION,Action passed deterministic policy controls and was executed in the RecoveryOS test environment.,RECOVERED,True,14846.24,Simulated payment recovery succeeded after the executed intervention.
AUD_012FF6E3CC6F,2026-09-02T04:35:29.440803+00:00,EXE_000005_DAF182C2,DEC_000005,FAIL_000298,CUST_0119,SUB_0119,15000.0,INSUFFICIENT_FUNDS,PAYMENT_LINK,0.8333248119597095,12499.872179395645,3.0,12496.872179395645,ALLOW,Recovery recommendation passed all deterministic policy and safety checks.,PASS: valid recovery action | PASS: expected net value above threshold | PASS: recovery probability valid | PASS: high-value confidence requirement | PASS: Payment link is permitted as an alternative recovery path.,PAYMENT_LINK,EXECUTED_SIMULATION,Action passed deterministic policy controls and was executed in the RecoveryOS test environment.,RECOVERED,True,15000.0,Simulated payment recovery succeeded after the executed intervention.
AUD_FFABA335D9C9,2026-09-02T04:35:29.440803+00:00,EXE_000006_BFAB7471,DEC_000006,FAIL_000299,CUST_0119,SUB_0119,15000.0,INSUFFICIENT_FUNDS,PAYMENT_LINK,0.8333248119597095,12499.872179395645,3.0,12496.872179395645,ALLOW,Recovery recommendation passed all deterministic policy and safety checks.,PASS: valid recovery action | PASS: expected net value above threshold | PASS: recovery probability valid | PASS: high-value confidence requirement | PASS: Payment link is permitted as an alternative recovery path.,PAYMENT_LINK,EXECUTED_SIMULATION,Action passed deterministic policy controls and was executed in the RecoveryOS test environment.,RECOVERED,True,15000.0,Simulated payment recovery succeeded after the executed intervention.
AUD_95E5F4CD8B77,2026-09-02T04:35:29.440803+00:00,EXE_000007_A26B6BEA,DEC_000007,FAIL_000080,CUST_0026,SUB_0026,15000.0,INSUFFICIENT_FUNDS,PAYMENT_LINK,0.82757160841332,12413.5741261998,3.0,12410.5741261998,ALLOW,Recovery recommendation passed all deterministic policy and safety checks.,PASS: valid recovery action | PASS: expected net value above threshold | PASS: recovery probability valid | PASS: high-value confidence requirement | PASS: Payment link is permitted as an alternative recovery path.,PAYMENT_LINK,EXECUTED_SIMULATION,Action passed deterministic policy controls and was executed in the RecoveryOS test environment.,NOT_RECOVERED,False,0.0,"Simulated intervention completed, but the payment was not recovered."
AUD_DA373D4F785E,2026-09-02T04:35:29.441804+00:00,EXE_000008_10B0CD18,DEC_000008,FAIL_000102,CUST_0039,SUB_0039,13129.92,CARD_EXPIRED,UPDATE_PAYMENT_METHOD,0.939334390026096,12333.38539429144,3.0,12330.38539429144,ALLOW,Recovery recommendation passed all deterministic policy and safety checks.,PASS: valid recovery action | PASS: expected net value above threshold | PASS: recovery probability valid | PASS: expired-card action is compatible | PASS: high-value confidence requirement | PASS: Payment-method update is permitted as an alternative recovery path.,UPDATE_PAYMENT_METHOD,EXECUTED_SIMULATION,Action passed deterministic policy controls and was executed in the RecoveryOS test environment.,RECOVERED,True,13129.92,Simulated payment recovery succeeded after the executed intervention.
AUD_8D8B777293B6,2026-09-02T04:35:29.441804+00:00,EXE_000009_E4455929,DEC_000009,FAIL_000103,CUST_0039,SUB_0039,13129.92,CARD_EXPIRED,UPDATE_PAYMENT_METHOD,0.939334390026096,12333.38539429144,3.0,12330.38539429144,ALLOW,Recovery recommendation passed all deterministic policy and safety checks.,PASS: valid recovery action | PASS: expected net value above threshold | PASS: recovery probability valid | PASS: expired-card action is compatible | PASS: high-value confidence requirement | PASS: Payment-method update is permitted as an alternative recovery path.,UPDATE_PAYMENT_METHOD,EXECUTED_SIMULATION,Action passed deterministic policy controls and was executed in the RecoveryOS test environment.,RECOVERED,True,13129.92,Simulated payment recovery succeeded after the executed intervention.
AUD_294481759BE1,2026-09-02T04:35:29.441804+00:00,EXE_000010_7701E46A,DEC_000010,FAIL_000762,CUST_0312,SUB_0312,13871.79,NETWORK_ERROR,WAIT_AND_RETRY,0.8797088683614944,12203.136683048297,2.0,12201.136683048297,ALLOW,Recovery recommendation passed all deterministic policy and safety checks.,PASS: valid recovery action | PASS: expected net value above threshold | PASS: recovery probability valid | PASS: high-value confidence requirement | PASS: Delayed retry is permitted under bounded policy.,WAIT_AND_RETRY,EXECUTED_SIMULATION,Action passed deterministic policy controls and was executed in the RecoveryOS test environment.,RECOVERED,True,13871.79,Simulated payment recovery succeeded after the executed intervention.
AUD_011E805F9245,2026-09-02T04:35:29.442804+00:00,EXE_000011_0EA1E578,DEC_000011,FAIL_000445,CUST_0169,SUB_0169,14872.16,LIMIT_EXCEEDED,PAYMENT_LINK,0.7911660629728501,11766.348275102302,3.0,11763.348275102302,ALLOW,Recovery recommendation passed all deterministic policy and safety checks.,PASS: valid recovery action | PASS: expected net value above threshold | PASS: recovery probability valid | PASS: high-value confidence requirement | PASS: Payment link is permitted as an alternative recovery path.,PAYMENT_LINK,EXECUTED_SIMULATION,Action passed deterministic policy controls and was executed in the RecoveryOS test environment.,RECOVERED,True,14872.16,Simulated payment recovery succeeded after the executed intervention.
AUD_3E9BA58880DC,2026-09-02T04:35:29.442804+00:00,EXE_000012_F9A01720,DEC_000012,FAIL_000448,CUST_0171,SUB_0171,14917.0,BANK_DECLINED,PAYMENT_LINK,0.7779407093694058,11604.541561663427,3.0,11601.541561663427,ALLOW,Recovery recommendation passed all deterministic policy and safety checks.,PASS: valid recovery action | PASS: expected net value above threshold | PASS: recovery probability valid | PASS: high-value confidence requirement | PASS: Payment link is permitted as an alternative recovery path.,PAYMENT_LINK,EXECUTED_SIMULATION,Action passed deterministic policy controls and was executed in the RecoveryOS test environment.,RECOVERED,True,14917.0,Simulated payment recovery succeeded after the executed intervention.
AUD_5E4D920CF2A4,2026-09-02T04:35:29.442804+00:00,EXE_000013_518D7A7E,DEC_000013,FAIL_001267,CUST_0487,SUB_0487,15000.0,BANK_DECLINED,PAYMENT_LINK,0.7505074661354796,11257.611992032194,3.0,11254.611992032194,ALLOW,Recovery recommendation passed all deterministic policy and safety checks.,PASS: valid recovery action | PASS: expected net value above threshold | PASS: recovery probability valid | PASS: high-value confidence requirement | PASS: Payment link is permitted as an alternative recovery path.,PAYMENT_LINK,EXECUTED_SIMULATION,Action passed deterministic policy controls and was executed in the RecoveryOS test environment.,RECOVERED,True,15000.0,Simulated payment recovery succeeded after the executed intervention.
AUD_1F051BB64FB2,2026-09-02T04:35:29.442804+00:00,EXE_000014_FF3A2F37,DEC_000014,FAIL_002438,CUST_0888,SUB_0888,14993.1,INSUFFICIENT_FUNDS,WAIT_AND_RETRY,0.7120931947275058,10676.484477868968,2.0,10674.484477868968,ALLOW,Recovery recommendation passed all deterministic policy and safety checks.,PASS: valid recovery action | PASS: expected net value above threshold | PASS: recovery probability valid | PASS: high-value confidence requirement | PASS: Delayed retry is permitted under bounded policy.,WAIT_AND_RETRY,EXECUTED_SIMULATION,Action passed deterministic policy controls and was executed in the RecoveryOS test environment.,NOT_RECOVERED,False,0.0,"Simulated intervention completed, but the payment was not recovered."
AUD_358F56B7736A,2026-09-02T04:35:29.443809+00:00,EXE_000015_B66D61FE,DEC_000015,FAIL_002441,CUST_0888,SUB_0888,14993.1,INSUFFICIENT_FUNDS,WAIT_AND_RETRY,0.7120931947275058,10676.484477868968,2.0,10674.484477868968,ALLOW,Recovery recommendation passed all deterministic policy and safety checks.,PASS: valid recovery action | PASS: expected net value above threshold | PASS: recovery probability valid | PASS: high-value confidence requirement | PASS: Delayed retry is permitted under bounded policy.,WAIT_AND_RETRY,EXECUTED_SIMULATION,Action passed deterministic policy controls and was executed in the RecoveryOS test environment.,RECOVERED,True,14993.1,Simulated payment recovery succeeded after the executed intervention.
AUD_2F14DC24975A,2026-09-02T04:35:29.443809+00:00,EXE_000016_7B225FEF,DEC_000016,FAIL_000543,CUST_0214,SUB_0214,12636.68,INSUFFICIENT_FUNDS,WAIT_AND_RETRY,0.8325255972790981,10520.359564624834,2.0,10518.359564624834,ALLOW,Recovery recommendation passed all deterministic policy and safety checks.,PASS: valid recovery action | PASS: expected net value above threshold | PASS: recovery probability valid | PASS: high-value confidence requirement | PASS: Delayed retry is permitted under bounded policy.,WAIT_AND_RETRY,EXECUTED_SIMULATION,Action passed deterministic policy controls and was executed in the RecoveryOS test environment.,RECOVERED,True,12636.68,Simulated payment recovery succeeded after the executed intervention.
AUD_80250086005E,2026-09-02T04:35:29.443809+00:00,EXE_000017_FEF9ED77,DEC_000017,FAIL_000323,CUST_0128,SUB_0128,14456.27,AUTHENTICATION_FAILED,UPDATE_PAYMENT_METHOD,0.7198132172981075,10405.814218830114,3.0,10402.814218830114,ALLOW,Recovery recommendation passed all deterministic policy and safety checks.,PASS: valid recovery action | PASS: expected net value above threshold | PASS: recovery probability valid | PASS: high-value confidence requirement | PASS: Payment-method update is permitted as an alternative recovery path.,UPDATE_PAYMENT_METHOD,EXECUTED_SIMULATION,Action passed deterministic policy controls and was executed in the RecoveryOS test environment.,NOT_RECOVERED,False,0.0,"Simulated intervention completed, but the payment was not recovered."
AUD_65D26BBE96C4,2026-09-02T04:35:29.443809+00:00,EXE_000018_654D8B98,DEC_000018,FAIL_000172,CUST_0070,SUB_0070,11107.73,NETWORK_ERROR,WAIT_AND_RETRY,0.9187893554892383,10205.664087648478,2.0,10203.664087648478,ALLOW,Recovery recommendation passed all deterministic policy and safety checks.,PASS: valid recovery action | PASS: expected net value above threshold | PASS: recovery probability valid | PASS: high-value confidence requirement | PASS: Delayed retry is permitted under bounded policy.,WAIT_AND_RETRY,EXECUTED_SIMULATION,Action passed deterministic policy controls and was executed in the RecoveryOS test environment.,RECOVERED,True,11107.73,Simulated payment recovery succeeded after the executed intervention.
AUD_94C89EB15D92,2026-09-02T04:35:29.444803+00:00,EXE_000019_9AE3ADA3,DEC_000019,FAIL_000318,CUST_0125,SUB_0125,10848.47,NETWORK_ERROR,WAIT_AND_RETRY,0.9062040425790188,9830.927369797206,2.0,9828.927369797206,ALLOW,Recovery recommendation passed all deterministic policy and safety checks.,PASS: valid recovery action | PASS: expected net value above threshold | PASS: recovery probability valid | PASS: high-value confidence requirement | PASS: Delayed retry is permitted under bounded policy.,WAIT_AND_RETRY,EXECUTED_SIMULATION,Action passed deterministic policy controls and was executed in the RecoveryOS test environment.,RECOVERED,True,10848.47,Simulated payment recovery succeeded after the executed intervention.
AUD_E8DB2C74562C,2026-09-02T04:35:29.444803+00:00,EXE_000020_F855AD77,DEC_000020,FAIL_001553,CUST_0610,SUB_0610,11684.35,INSUFFICIENT_FUNDS,WAIT_AND_RETRY,0.832889192416069,9731.768835406696,2.0,9729.768835406696,ALLOW,Recovery recommendation passed all deterministic policy and safety checks.,PASS: valid recovery action | PASS: expected net value above threshold | PASS: recovery probability valid | PASS: high-value confidence requirement | PASS: Delayed retry is permitted under bounded policy.,WAIT_AND_RETRY,EXECUTED_SIMULATION,Action passed deterministic policy controls and was executed in the RecoveryOS test environment.,RECOVERED,True,11684.35,Simulated payment recovery succeeded after the executed intervention.
AUD_6B992A838232,2026-09-02T04:35:29.444803+00:00,EXE_000021_4DCB66ED,DEC_000021,FAIL_001555,CUST_0610,SUB_0610,11684.35,INSUFFICIENT_FUNDS,WAIT_AND_RETRY,0.832889192416069,9731.768835406696,2.0,9729.768835406696,ALLOW,Recovery recommendation passed all deterministic policy and safety checks.,PASS: valid recovery action | PASS: expected net value above threshold | PASS: recovery probability valid | PASS: high-value confidence requirement | PASS: Delayed retry is permitted under bounded policy.,WAIT_AND_RETRY,EXECUTED_SIMULATION,Action passed deterministic policy controls and was executed in the RecoveryOS test environment.,RECOVERED,True,11684.35,Simulated payment recovery succeeded after the executed intervention.
AUD_E830B83C4DE1,2026-09-02T04:35:29.444803+00:00,EXE_000022_7234DC5A,DEC_000022,FAIL_001557,CUST_0610,SUB_0610,11684.35,INSUFFICIENT_FUNDS,WAIT_AND_RETRY,0.832889192416069,9731.768835406696,2.0,9729.768835406696,ALLOW,Recovery recommendation passed all deterministic policy and safety checks.,PASS: valid recovery action | PASS: expected net value above threshold | PASS: recovery probability valid | PASS: high-value confidence requirement | PASS: Delayed retry is permitted under bounded policy.,WAIT_AND_RETRY,EXECUTED_SIMULATION,Action passed deterministic policy controls and was executed in the RecoveryOS test environment.,RECOVERED,True,11684.35,Simulated payment recovery succeeded after the executed intervention.
AUD_6F74F9DF6652,2026-09-02T04:35:29.445808+00:00,EXE_000023_DC5E8189,DEC_000023,FAIL_001530,CUST_0597,SUB_0597,12778.74,LIMIT_EXCEEDED,PAYMENT_LINK,0.73913010407715,9445.15142617484,3.0,9442.15142617484,ALLOW,Recovery recommendation passed all deterministic policy and safety checks.,PASS: valid recovery action | PASS: expected net value above threshold | PASS: recovery probability valid | PASS: high-value confidence requirement | PASS: Payment link is permitted as an alternative recovery path.,PAYMENT_LINK,EXECUTED_SIMULATION,Action passed deterministic policy controls and was executed in the RecoveryOS test environment.,RECOVERED,True,12778.74,Simulated payment recovery succeeded after the executed intervention.
AUD_66FCCAFADE81,2026-09-02T04:35:29.445808+00:00,EXE_000024_756CA0AE,DEC_000024,FAIL_000837,CUST_0348,SUB_0348,10125.65,NETWORK_ERROR,RETRY_NOW,0.8931481474001279,9043.705538722104,2.0,9041.705538722104,ALLOW,Recovery recommendation passed all deterministic policy and safety checks.,PASS: valid recovery action | PASS: expected net value above threshold | PASS: recovery probability valid | PASS: high-value confidence requirement | PASS: retry action within maximum 2 attempts | PASS: Direct retry is permitted under bounded policy.,RETRY_NOW,EXECUTED_SIMULATION,Action passed deterministic policy controls and was executed in the RecoveryOS test environment.,RECOVERED,True,10125.65,Simulated payment recovery succeeded after the executed intervention.
AUD_03B66F4B0ACF,2026-09-02T04:35:29.445808+00:00,EXE_000025_37053AE6,DEC_000025,FAIL_000242,CUST_0103,SUB_0103,10145.96,NETWORK_ERROR,RETRY_NOW,0.8762212271739539,8890.10552205785,2.0,8888.10552205785,ALLOW,Recovery recommendation passed all deterministic policy and safety checks.,PASS: valid recovery action | PASS: expected net value above threshold | PASS: recovery probability valid | PASS: high-value confidence requirement | PASS: retry action within maximum 2 attempts | PASS: Direct retry is permitted under bounded policy.,RETRY_NOW,EXECUTED_SIMULATION,Action passed deterministic policy controls and was executed in the RecoveryOS test environment.,NOT_RECOVERED,False,0.0,"Simulated intervention completed, but the payment was not recovered."
AUD_88DAE24702BB,2026-09-02T04:35:29.445808+00:00,EXE_000026_0CA4E621,DEC_000026,FAIL_001621,CUST_0635,SUB_0635,13569.88,BANK_DECLINED,PAYMENT_LINK,0.6257200245772141,8490.945647109846,3.0,8487.945647109846,HUMAN,High-value recovery opportunity does not meet the confidence threshold for autonomous execution.,PASS: valid recovery action | PASS: expected net value above threshold | PASS: recovery probability valid | REVIEW: high-value case requires confidence review,HUMAN_ESCALATION,NOT_AUTONOMOUSLY_EXECUTED,Policy requires human review before recovery execution.,AWAITING_HUMAN,False,0.0,Recovery action requires human approval and was not autonomously executed.
AUD_9D40A0BD6DCC,2026-09-02T04:35:29.446807+00:00,EXE_000027_18C5C2A4,DEC_000027,FAIL_002695,CUST_0967,SUB_0967,10771.74,BANK_DECLINED,WAIT_AND_RETRY,0.7661192547488221,8252.437421148077,2.0,8250.437421148077,ALLOW,Recovery recommendation passed all deterministic policy and safety checks.,PASS: valid recovery action | PASS: expected net value above threshold | PASS: recovery probability valid | PASS: high-value confidence requirement | PASS: Delayed retry is permitted under bounded policy.,WAIT_AND_RETRY,EXECUTED_SIMULATION,Action passed deterministic policy controls and was executed in the RecoveryOS test environment.,RECOVERED,True,10771.74,Simulated payment recovery succeeded after the executed intervention.
AUD_F868AE6464D3,2026-09-02T04:35:29.446807+00:00,EXE_000028_EE5B5D66,DEC_000028,FAIL_000575,CUST_0227,SUB_0227,9730.73,INSUFFICIENT_FUNDS,PAYMENT_LINK,0.8415486601585237,8188.882793864351,3.0,8185.882793864351,ALLOW,Recovery recommendation passed all deterministic policy and safety checks.,PASS: valid recovery action | PASS: expected net value above threshold | PASS: recovery probability valid | PASS: high-value confidence requirement | PASS: Payment link is permitted as an alternative recovery path.,PAYMENT_LINK,EXECUTED_SIMULATION,Action passed deterministic policy controls and was executed in the RecoveryOS test environment.,NOT_RECOVERED,False,0.0,"Simulated intervention completed, but the payment was not recovered."
AUD_F1001C76BC4C,2026-09-02T04:35:29.446807+00:00,EXE_000029_CED36764,DEC_000029,FAIL_000542,CUST_0214,SUB_0214,12636.68,LIMIT_EXCEEDED,PAYMENT_LINK,0.6262659914794235,7913.922929208202,3.0,7910.922929208202,HUMAN,High-value recovery opportunity does not meet the confidence threshold for autonomous execution.,PASS: valid recovery action | PASS: expected net value above threshold | PASS: recovery probability valid | REVIEW: high-value case requires confidence review,HUMAN_ESCALATION,NOT_AUTONOMOUSLY_EXECUTED,Policy requires human review before recovery execution.,AWAITING_HUMAN,False,0.0,Recovery action requires human approval and was not autonomously executed.
AUD_14EBF3972BAC,2026-09-02T04:35:29.446807+00:00,EXE_000030_FE7C4C3A,DEC_000030,FAIL_001373,CUST_0535,SUB_0535,11601.39,BANK_DECLINED,WAIT_AND_RETRY,0.6718193588849363,7794.038391974111,2.0,7792.038391974111,HUMAN,High-value recovery opportunity does not meet the confidence threshold for autonomous execution.,PASS: valid recovery action | PASS: expected net value above threshold | PASS: recovery probability valid | REVIEW: high-value case requires confidence review,HUMAN_ESCALATION,NOT_AUTONOMOUSLY_EXECUTED,Policy requires human review before recovery execution.,AWAITING_HUMAN,False,0.0,Recovery action requires human approval and was not autonomously executed.
AUD_E06EE633796D,2026-09-02T04:35:29.446807+00:00,EXE_000031_645D0246,DEC_000031,FAIL_001272,CUST_0489,SUB_0489,8583.5,NETWORK_ERROR,WAIT_AND_RETRY,0.9053226377459116,7770.836861092031,2.0,7768.836861092031,ALLOW,Recovery recommendation passed all deterministic policy and safety checks.,PASS: valid recovery action | PASS: expected net value above threshold | PASS: recovery probability valid | PASS: high-value confidence requirement | PASS: Delayed retry is permitted under bounded policy.,WAIT_AND_RETRY,EXECUTED_SIMULATION,Action passed deterministic policy controls and was executed in the RecoveryOS test environment.,RECOVERED,True,8583.5,Simulated payment recovery succeeded after the executed intervention.
AUD_A1CF0D1BFCE5,2026-09-02T04:35:29.447802+00:00,EXE_000032_09E7A8B8,DEC_000032,FAIL_002339,CUST_0863,SUB_0863,9301.15,AUTHENTICATION_FAILED,UPDATE_PAYMENT_METHOD,0.8274778970121329,7696.496041794399,3.0,7693.496041794399,ALLOW,Recovery recommendation passed all deterministic policy and safety checks.,PASS: valid recovery action | PASS: expected net value above threshold | PASS: recovery probability valid | PASS: high-value confidence requirement | PASS: Payment-method update is permitted as an alternative recovery path.,UPDATE_PAYMENT_METHOD,EXECUTED_SIMULATION,Action passed deterministic policy controls and was executed in the RecoveryOS test environment.,RECOVERED,True,9301.15,Simulated payment recovery succeeded after the executed intervention.
AUD_745675AEC465,2026-09-02T04:35:29.447802+00:00,EXE_000033_D3DEB3A6,DEC_000033,FAIL_000087,CUST_0032,SUB_0032,10611.56,LIMIT_EXCEEDED,UPDATE_PAYMENT_METHOD,0.7197579988945391,7637.755190749334,3.0,7634.755190749334,ALLOW,Recovery recommendation passed all deterministic policy and safety checks.,PASS: valid recovery action | PASS: expected net value above threshold | PASS: recovery probability valid | PASS: high-value confidence requirement | PASS: Payment-method update is permitted as an alternative recovery path.,UPDATE_PAYMENT_METHOD,EXECUTED_SIMULATION,Action passed deterministic policy controls and was executed in the RecoveryOS test environment.,RECOVERED,True,10611.56,Simulated payment recovery succeeded after the executed intervention.
AUD_738759503419,2026-09-02T04:35:29.447802+00:00,EXE_000034_7897DDAA,DEC_000034,FAIL_001718,CUST_0662,SUB_0662,8298.83,NETWORK_ERROR,RETRY_NOW,0.8979315801311331,7451.781535139651,2.0,7449.781535139651,ALLOW,Recovery recommendation passed all deterministic policy and safety checks.,PASS: valid recovery action | PASS: expected net value above threshold | PASS: recovery probability valid | PASS: high-value confidence requirement | PASS: retry action within maximum 2 attempts | PASS: Direct retry is permitted under bounded policy.,RETRY_NOW,EXECUTED_SIMULATION,Action passed deterministic policy controls and was executed in the RecoveryOS test environment.,NOT_RECOVERED,False,0.0,"Simulated intervention completed, but the payment was not recovered."
AUD_5BF8B4F6AF37,2026-09-02T04:35:29.447802+00:00,EXE_000035_B18A8028,DEC_000035,FAIL_002215,CUST_0825,SUB_0825,8971.98,INSUFFICIENT_FUNDS,PAYMENT_LINK,0.8276411930749904,7425.580231444952,3.0,7422.580231444952,ALLOW,Recovery recommendation passed all deterministic policy and safety checks.,PASS: valid recovery action | PASS: expected net value above threshold | PASS: recovery probability valid | PASS: high-value confidence requirement | PASS: Payment link is permitted as an alternative recovery path.,PAYMENT_LINK,EXECUTED_SIMULATION,Action passed deterministic policy controls and was executed in the RecoveryOS test environment.,RECOVERED,True,8971.98,Simulated payment recovery succeeded after the executed intervention.
AUD_535987D6C727,2026-09-02T04:35:29.449275+00:00,EXE_000036_C929089C,DEC_000036,FAIL_000419,CUST_0161,SUB_0161,9716.42,LIMIT_EXCEEDED,PAYMENT_LINK,0.7622497895677913,7406.339100352279,3.0,7403.339100352279,ALLOW,Recovery recommendation passed all deterministic policy and safety checks.,PASS: valid recovery action | PASS: expected net value above threshold | PASS: recovery probability valid | PASS: high-value confidence requirement | PASS: Payment link is permitted as an alternative recovery path.,PAYMENT_LINK,EXECUTED_SIMULATION,Action passed deterministic policy controls and was executed in the RecoveryOS test environment.,RECOVERED,True,9716.42,Simulated payment recovery succeeded after the executed intervention.
AUD_2984845C8933,2026-09-02T04:35:29.449275+00:00,EXE_000037_029987FF,DEC_000037,FAIL_001456,CUST_0572,SUB_0572,12441.81,LIMIT_EXCEEDED,PAYMENT_LINK,0.5775189153601017,7185.380616316466,3.0,7182.380616316466,HUMAN,High-value recovery opportunity does not meet the confidence threshold for autonomous execution.,PASS: valid recovery action | PASS: expected net value above threshold | PASS: recovery probability valid | REVIEW: high-value case requires confidence review,HUMAN_ESCALATION,NOT_AUTONOMOUSLY_EXECUTED,Policy requires human review before recovery execution.,AWAITING_HUMAN,False,0.0,Recovery action requires human approval and was not autonomously executed.
AUD_B022ACABC1BD,2026-09-02T04:35:29.449787+00:00,EXE_000038_4704583A,DEC_000038,FAIL_000834,CUST_0348,SUB_0348,10125.65,BANK_DECLINED,PAYMENT_LINK,0.6919986758112654,7006.936391728339,3.0,7003.936391728339,HUMAN,High-value recovery opportunity does not meet the confidence threshold for autonomous execution.,PASS: valid recovery action | PASS: expected net value above threshold | PASS: recovery probability valid | REVIEW: high-value case requires confidence review,HUMAN_ESCALATION,NOT_AUTONOMOUSLY_EXECUTED,Policy requires human review before recovery execution.,AWAITING_HUMAN,False,0.0,Recovery action requires human approval and was not autonomously executed.
AUD_0EBD91576CD5,2026-09-02T04:35:29.449787+00:00,EXE_000039_3EB65634,DEC_000039,FAIL_000097,CUST_0037,SUB_0037,9606.42,LIMIT_EXCEEDED,PAYMENT_LINK,0.7167137909072376,6885.053695247106,3.0,6882.053695247106,ALLOW,Recovery recommendation passed all deterministic policy and safety checks.,PASS: valid recovery action | PASS: expected net value above threshold | PASS: recovery probability valid | PASS: high-value confidence requirement | PASS: Payment link is permitted as an alternative recovery path.,PAYMENT_LINK,EXECUTED_SIMULATION,Action passed deterministic policy controls and was executed in the RecoveryOS test environment.,NOT_RECOVERED,False,0.0,"Simulated intervention completed, but the payment was not recovered."
AUD_F7C74A93A148,2026-09-02T04:35:29.449787+00:00,EXE_000040_68C4FD48,DEC_000040,FAIL_002436,CUST_0887,SUB_0887,8464.41,BANK_DECLINED,PAYMENT_LINK,0.8097832181648478,6854.337169666719,3.0,6851.337169666719,ALLOW,Recovery recommendation passed all deterministic policy and safety checks.,PASS: valid recovery action | PASS: expected net value above threshold | PASS: recovery probability valid | PASS: high-value confidence requirement | PASS: Payment link is permitted as an alternative recovery path.,PAYMENT_LINK,EXECUTED_SIMULATION,Action passed deterministic policy controls and was executed in the RecoveryOS test environment.,RECOVERED,True,8464.41,Simulated payment recovery succeeded after the executed intervention.
AUD_703E8C429492,2026-09-02T04:35:29.449787+00:00,EXE_000041_096D75C1,DEC_000041,FAIL_001361,CUST_0532,SUB_0532,8636.92,INSUFFICIENT_FUNDS,PAYMENT_LINK,0.7843994867912768,6774.795615457315,3.0,6771.795615457315,ALLOW,Recovery recommendation passed all deterministic policy and safety checks.,PASS: valid recovery action | PASS: expected net value above threshold | PASS: recovery probability valid | PASS: high-value confidence requirement | PASS: Payment link is permitted as an alternative recovery path.,PAYMENT_LINK,EXECUTED_SIMULATION,Action passed deterministic policy controls and was executed in the RecoveryOS test environment.,RECOVERED,True,8636.92,Simulated payment recovery succeeded after the executed intervention.
AUD_CE197584E5D1,2026-09-02T04:35:29.450800+00:00,EXE_000042_4D20DB4D,DEC_000042,FAIL_000007,CUST_0008,SUB_0008,11574.78,LIMIT_EXCEEDED,UPDATE_PAYMENT_METHOD,0.5779330352047651,6689.447737227411,3.0,6686.447737227411,HUMAN,High-value recovery opportunity does not meet the confidence threshold for autonomous execution.,PASS: valid recovery action | PASS: expected net value above threshold | PASS: recovery probability valid | REVIEW: high-value case requires confidence review,HUMAN_ESCALATION,NOT_AUTONOMOUSLY_EXECUTED,Policy requires human review before recovery execution.,AWAITING_HUMAN,False,0.0,Recovery action requires human approval and was not autonomously executed.
AUD_2EEBC7BB06C6,2026-09-02T04:35:29.450800+00:00,EXE_000043_4DCB5115,DEC_000043,FAIL_002197,CUST_0816,SUB_0816,9124.45,BANK_DECLINED,PAYMENT_LINK,0.7120731237596143,6497.275614088413,3.0,6494.275614088413,ALLOW,Recovery recommendation passed all deterministic policy and safety checks.,PASS: valid recovery action | PASS: expected net value above threshold | PASS: recovery probability valid | PASS: high-value confidence requirement | PASS: Payment link is permitted as an alternative recovery path.,PAYMENT_LINK,EXECUTED_SIMULATION,Action passed deterministic policy controls and was executed in the RecoveryOS test environment.,RECOVERED,True,9124.45,Simulated payment recovery succeeded after the executed intervention.
AUD_15353F3FC5D5,2026-09-02T04:35:29.450800+00:00,EXE_000044_C4EA89B1,DEC_000044,FAIL_000726,CUST_0299,SUB_0299,8559.42,LIMIT_EXCEEDED,PAYMENT_LINK,0.7471198776136792,6394.912822844078,3.0,6391.912822844078,ALLOW,Recovery recommendation passed all deterministic policy and safety checks.,PASS: valid recovery action | PASS: expected net value above threshold | PASS: recovery probability valid | PASS: high-value confidence requirement | PASS: Payment link is permitted as an alternative recovery path.,PAYMENT_LINK,EXECUTED_SIMULATION,Action passed deterministic policy controls and was executed in the RecoveryOS test environment.,RECOVERED,True,8559.42,Simulated payment recovery succeeded after the executed intervention.
AUD_01409344C536,2026-09-02T04:35:29.450800+00:00,EXE_000045_E96E296B,DEC_000045,FAIL_000865,CUST_0356,SUB_0356,8418.6,INSUFFICIENT_FUNDS,WAIT_AND_RETRY,0.7589637588232157,6389.412300029124,2.0,6387.412300029124,ALLOW,Recovery recommendation passed all deterministic policy and safety checks.,PASS: valid recovery action | PASS: expected net value above threshold | PASS: recovery probability valid | PASS: high-value confidence requirement | PASS: Delayed retry is permitted under bounded policy.,WAIT_AND_RETRY,EXECUTED_SIMULATION,Action passed deterministic policy controls and was executed in the RecoveryOS test environment.,RECOVERED,True,8418.6,Simulated payment recovery succeeded after the executed intervention.
AUD_9CC6757AF396,2026-09-02T04:35:29.450800+00:00,EXE_000046_3BD76008,DEC_000046,FAIL_001719,CUST_0662,SUB_0662,8298.83,AUTHENTICATION_FAILED,UPDATE_PAYMENT_METHOD,0.7318351985149965,6073.375900492208,3.0,6070.375900492208,ALLOW,Recovery recommendation passed all deterministic policy and safety checks.,PASS: valid recovery action | PASS: expected net value above threshold | PASS: recovery probability valid | PASS: high-value confidence requirement | PASS: Payment-method update is permitted as an alternative recovery path.,UPDATE_PAYMENT_METHOD,EXECUTED_SIMULATION,Action passed deterministic policy controls and was executed in the RecoveryOS test environment.,RECOVERED,True,8298.83,Simulated payment recovery succeeded after the executed intervention.
AUD_00264AC6C546,2026-09-02T04:35:29.450800+00:00,EXE_000047_F5B4A854,DEC_000047,FAIL_000996,CUST_0400,SUB_0400,7063.31,INSUFFICIENT_FUNDS,PAYMENT_LINK,0.856704034151391,6051.166171461861,3.0,6048.166171461861,ALLOW,Recovery recommendation passed all deterministic policy and safety checks.,PASS: valid recovery action | PASS: expected net value above threshold | PASS: recovery probability valid | PASS: high-value confidence requirement | PASS: Payment link is permitted as an alternative recovery path.,PAYMENT_LINK,EXECUTED_SIMULATION,Action passed deterministic policy controls and was executed in the RecoveryOS test environment.,RECOVERED,True,7063.31,Simulated payment recovery succeeded after the executed intervention.
AUD_8C564BF1B297,2026-09-02T04:35:29.451800+00:00,EXE_000048_271D100C,DEC_000048,FAIL_002206,CUST_0823,SUB_0823,10550.69,BANK_DECLINED,SEND_REMINDER,0.5721887453084253,6036.98607323815,1.0,6035.98607323815,HUMAN,High-value recovery opportunity does not meet the confidence threshold for autonomous execution.,PASS: valid recovery action | PASS: expected net value above threshold | PASS: recovery probability valid | REVIEW: high-value case requires confidence review,HUMAN_ESCALATION,NOT_AUTONOMOUSLY_EXECUTED,Policy requires human review before recovery execution.,AWAITING_HUMAN,False,0.0,Recovery action requires human approval and was not autonomously executed.
AUD_0FC9720F97D9,2026-09-02T04:35:29.451800+00:00,EXE_000049_F88C7993,DEC_000049,FAIL_000868,CUST_0356,SUB_0356,8418.6,BANK_DECLINED,PAYMENT_LINK,0.7157191340953456,6025.3531022950765,3.0,6022.3531022950765,ALLOW,Recovery recommendation passed all deterministic policy and safety checks.,PASS: valid recovery action | PASS: expected net value above threshold | PASS: recovery probability valid | PASS: high-value confidence requirement | PASS: Payment link is permitted as an alternative recovery path.,PAYMENT_LINK,EXECUTED_SIMULATION,Action passed deterministic policy controls and was executed in the RecoveryOS test environment.,RECOVERED,True,8418.6,Simulated payment recovery succeeded after the executed intervention.
AUD_0F3A20570E73,2026-09-02T04:35:29.451800+00:00,EXE_000050_08FC1E95,DEC_000050,FAIL_001409,CUST_0550,SUB_0550,7064.05,INSUFFICIENT_FUNDS,PAYMENT_LINK,0.7803604739573914,5512.505406058711,3.0,5509.505406058711,ALLOW,Recovery recommendation passed all deterministic policy and safety checks.,PASS: valid recovery action | PASS: expected net value above threshold | PASS: recovery probability valid | PASS: high-value confidence requirement | PASS: Payment link is permitted as an alternative recovery path.,PAYMENT_LINK,EXECUTED_SIMULATION,Action passed deterministic policy controls and was executed in the RecoveryOS test environment.,RECOVERED,True,7064.05,Simulated payment recovery succeeded after the executed intervention.
AUD_952243D4968C,2026-09-02T04:35:29.451800+00:00,EXE_000051_8D8F005A,DEC_000051,FAIL_000547,CUST_0215,SUB_0215,7312.97,LIMIT_EXCEEDED,PAYMENT_LINK,0.7381463121643156,5398.041836468276,3.0,5395.041836468276,ALLOW,Recovery recommendation passed all deterministic policy and safety checks.,PASS: valid recovery action | PASS: expected net value above threshold | PASS: recovery probability valid | PASS: high-value confidence requirement | PASS: Payment link is permitted as an alternative recovery path.,PAYMENT_LINK,EXECUTED_SIMULATION,Action passed deterministic policy controls and was executed in the RecoveryOS test environment.,RECOVERED,True,7312.97,Simulated payment recovery succeeded after the executed intervention.
AUD_B8C5BD067DBD,2026-09-02T04:35:29.451800+00:00,EXE_000052_9B6E3B4F,DEC_000052,FAIL_002499,CUST_0903,SUB_0903,5512.84,CARD_EXPIRED,UPDATE_PAYMENT_METHOD,0.939083649416764,5177.017905850714,3.0,5174.017905850714,ALLOW,Recovery recommendation passed all deterministic policy and safety checks.,PASS: valid recovery action | PASS: expected net value above threshold | PASS: recovery probability valid | PASS: expired-card action is compatible | PASS: high-value confidence requirement | PASS: Payment-method update is permitted as an alternative recovery path.,UPDATE_PAYMENT_METHOD,EXECUTED_SIMULATION,Action passed deterministic policy controls and was executed in the RecoveryOS test environment.,RECOVERED,True,5512.84,Simulated payment recovery succeeded after the executed intervention.
AUD_3DE0D5F6911D,2026-09-02T04:35:29.452800+00:00,EXE_000053_23DB19FC,DEC_000053,FAIL_000981,CUST_0396,SUB_0396,5752.09,INSUFFICIENT_FUNDS,WAIT_AND_RETRY,0.7873062037211813,4528.6561413625695,2.0,4526.6561413625695,ALLOW,Recovery recommendation passed all deterministic policy and safety checks.,PASS: valid recovery action | PASS: expected net value above threshold | PASS: recovery probability valid | PASS: high-value confidence requirement | PASS: Delayed retry is permitted under bounded policy.,WAIT_AND_RETRY,EXECUTED_SIMULATION,Action passed deterministic policy controls and was executed in the RecoveryOS test environment.,NOT_RECOVERED,False,0.0,"Simulated intervention completed, but the payment was not recovered."
AUD_90BCE71EB143,2026-09-02T04:35:29.452800+00:00,EXE_000054_4236000A,DEC_000054,FAIL_000048,CUST_0021,SUB_0021,7397.62,BANK_DECLINED,UPDATE_PAYMENT_METHOD,0.5854985057169223,4331.295455861618,3.0,4328.295455861618,ALLOW,Recovery recommendation passed all deterministic policy and safety checks.,PASS: valid recovery action | PASS: expected net value above threshold | PASS: recovery probability valid | PASS: high-value confidence requirement | PASS: Payment-method update is permitted as an alternative recovery path.,UPDATE_PAYMENT_METHOD,EXECUTED_SIMULATION,Action passed deterministic policy controls and was executed in the RecoveryOS test environment.,RECOVERED,True,7397.62,Simulated payment recovery succeeded after the executed intervention.
AUD_C24B2738A496,2026-09-02T04:35:29.452800+00:00,EXE_000055_40AB0A70,DEC_000055,FAIL_000980,CUST_0396,SUB_0396,5752.09,BANK_DECLINED,PAYMENT_LINK,0.7371012407835277,4239.872676098522,3.0,4236.872676098522,ALLOW,Recovery recommendation passed all deterministic policy and safety checks.,PASS: valid recovery action | PASS: expected net value above threshold | PASS: recovery probability valid | PASS: high-value confidence requirement | PASS: Payment link is permitted as an alternative recovery path.,PAYMENT_LINK,EXECUTED_SIMULATION,Action passed deterministic policy controls and was executed in the RecoveryOS test environment.,RECOVERED,True,5752.09,Simulated payment recovery succeeded after the executed intervention.
AUD_FC6CA0E627A1,2026-09-02T04:35:29.452800+00:00,EXE_000056_27A95DBB,DEC_000056,FAIL_002772,CUST_0993,SUB_0993,6771.64,BANK_DECLINED,PAYMENT_LINK,0.5871089118229696,3975.690191656896,3.0,3972.690191656896,ALLOW,Recovery recommendation passed all deterministic policy and safety checks.,PASS: valid recovery action | PASS: expected net value above threshold | PASS: recovery probability valid | PASS: high-value confidence requirement | PASS: Payment link is permitted as an alternative recovery path.,PAYMENT_LINK,EXECUTED_SIMULATION,Action passed deterministic policy controls and was executed in the RecoveryOS test environment.,RECOVERED,True,6771.64,Simulated payment recovery succeeded after the executed intervention.
AUD_08D3C0BC532A,2026-09-02T04:35:29.452800+00:00,EXE_000057_9E4F7A24,DEC_000057,FAIL_002501,CUST_0904,SUB_0904,3422.48,CARD_EXPIRED,UPDATE_PAYMENT_METHOD,0.8930571413434154,3056.470205105012,3.0,3053.470205105012,ALLOW,Recovery recommendation passed all deterministic policy and safety checks.,PASS: valid recovery action | PASS: expected net value above threshold | PASS: recovery probability valid | PASS: expired-card action is compatible | PASS: high-value confidence requirement | PASS: Payment-method update is permitted as an alternative recovery path.,UPDATE_PAYMENT_METHOD,EXECUTED_SIMULATION,Action passed deterministic policy controls and was executed in the RecoveryOS test environment.,RECOVERED,True,3422.48,Simulated payment recovery succeeded after the executed intervention.
AUD_75B6DDF0AF10,2026-09-02T04:35:29.453799+00:00,EXE_000058_3C0AA32E,DEC_000058,FAIL_002260,CUST_0842,SUB_0842,5745.9,BANK_DECLINED,WAIT_AND_RETRY,0.5284431118472696,3036.381276363226,2.0,3034.381276363226,ALLOW,Recovery recommendation passed all deterministic policy and safety checks.,PASS: valid recovery action | PASS: expected net value above threshold | PASS: recovery probability valid | PASS: high-value confidence requirement | PASS: Delayed retry is permitted under bounded policy.,WAIT_AND_RETRY,EXECUTED_SIMULATION,Action passed deterministic policy controls and was executed in the RecoveryOS test environment.,NOT_RECOVERED,False,0.0,"Simulated intervention completed, but the payment was not recovered."
AUD_794F4AB4DD86,2026-09-02T04:35:29.453799+00:00,EXE_000059_38492F15,DEC_000059,FAIL_001141,CUST_0458,SUB_0458,3086.94,CARD_EXPIRED,UPDATE_PAYMENT_METHOD,0.8692507260901022,2683.3248363965804,3.0,2680.3248363965804,ALLOW,Recovery recommendation passed all deterministic policy and safety checks.,PASS: valid recovery action | PASS: expected net value above threshold | PASS: recovery probability valid | PASS: expired-card action is compatible | PASS: high-value confidence requirement | PASS: Payment-method update is permitted as an alternative recovery path.,UPDATE_PAYMENT_METHOD,EXECUTED_SIMULATION,Action passed deterministic policy controls and was executed in the RecoveryOS test environment.,RECOVERED,True,3086.94,Simulated payment recovery succeeded after the executed intervention.
AUD_3F24E501EACA,2026-09-02T04:35:29.453799+00:00,EXE_000060_DD50054F,DEC_000060,FAIL_001329,CUST_0512,SUB_0512,2720.0,CARD_EXPIRED,UPDATE_PAYMENT_METHOD,0.895290225290505,2435.1894127901733,3.0,2432.1894127901733,ALLOW,Recovery recommendation passed all deterministic policy and safety checks.,PASS: valid recovery action | PASS: expected net value above threshold | PASS: recovery probability valid | PASS: expired-card action is compatible | PASS: high-value confidence requirement | PASS: Payment-method update is permitted as an alternative recovery path.,UPDATE_PAYMENT_METHOD,EXECUTED_SIMULATION,Action passed deterministic policy controls and was executed in the RecoveryOS test environment.,RECOVERED,True,2720.0,Simulated payment recovery succeeded after the executed intervention.
AUD_5A9FCCB22599,2026-09-02T04:35:29.453799+00:00,EXE_000061_0726C3EE,DEC_000061,FAIL_001240,CUST_0481,SUB_0481,3208.7,INSUFFICIENT_FUNDS,WAIT_AND_RETRY,0.7478391598133202,2399.5915120930003,2.0,2397.5915120930003,ALLOW,Recovery recommendation passed all deterministic policy and safety checks.,PASS: valid recovery action | PASS: expected net value above threshold | PASS: recovery probability valid | PASS: high-value confidence requirement | PASS: Delayed retry is permitted under bounded policy.,WAIT_AND_RETRY,EXECUTED_SIMULATION,Action passed deterministic policy controls and was executed in the RecoveryOS test environment.,RECOVERED,True,3208.7,Simulated payment recovery succeeded after the executed intervention.
AUD_A87FD29874B5,2026-09-02T04:35:29.453799+00:00,EXE_000062_55589739,DEC_000062,FAIL_001144,CUST_0458,SUB_0458,3086.94,BANK_DECLINED,PAYMENT_LINK,0.7446567302367028,2298.7106468368875,3.0,2295.7106468368875,ALLOW,Recovery recommendation passed all deterministic policy and safety checks.,PASS: valid recovery action | PASS: expected net value above threshold | PASS: recovery probability valid | PASS: high-value confidence requirement | PASS: Payment link is permitted as an alternative recovery path.,PAYMENT_LINK,EXECUTED_SIMULATION,Action passed deterministic policy controls and was executed in the RecoveryOS test environment.,NOT_RECOVERED,False,0.0,"Simulated intervention completed, but the payment was not recovered."
AUD_046D271D0F7F,2026-09-02T04:35:29.454800+00:00,EXE_000063_EFDF66E6,DEC_000063,FAIL_001169,CUST_0467,SUB_0467,2634.12,INSUFFICIENT_FUNDS,WAIT_AND_RETRY,0.8549244457476503,2251.9735810328,2.0,2249.9735810328,ALLOW,Recovery recommendation passed all deterministic policy and safety checks.,PASS: valid recovery action | PASS: expected net value above threshold | PASS: recovery probability valid | PASS: high-value confidence requirement | PASS: Delayed retry is permitted under bounded policy.,WAIT_AND_RETRY,EXECUTED_SIMULATION,Action passed deterministic policy controls and was executed in the RecoveryOS test environment.,RECOVERED,True,2634.12,Simulated payment recovery succeeded after the executed intervention.
AUD_AEB8A7081C93,2026-09-02T04:35:29.454800+00:00,EXE_000064_584368FE,DEC_000064,FAIL_002473,CUST_0893,SUB_0893,2414.17,NETWORK_ERROR,RETRY_NOW,0.9057775449188916,2186.700975616841,2.0,2184.700975616841,ALLOW,Recovery recommendation passed all deterministic policy and safety checks.,PASS: valid recovery action | PASS: expected net value above threshold | PASS: recovery probability valid | PASS: high-value confidence requirement | PASS: retry action within maximum 2 attempts | PASS: Direct retry is permitted under bounded policy.,RETRY_NOW,EXECUTED_SIMULATION,Action passed deterministic policy controls and was executed in the RecoveryOS test environment.,RECOVERED,True,2414.17,Simulated payment recovery succeeded after the executed intervention.
AUD_8F8D3D71858F,2026-09-02T04:35:29.454800+00:00,EXE_000065_06529444,DEC_000065,FAIL_001140,CUST_0458,SUB_0458,3086.94,INSUFFICIENT_FUNDS,PAYMENT_LINK,0.7015912745822832,2165.770169159033,3.0,2162.770169159033,ALLOW,Recovery recommendation passed all deterministic policy and safety checks.,PASS: valid recovery action | PASS: expected net value above threshold | PASS: recovery probability valid | PASS: high-value confidence requirement | PASS: Payment link is permitted as an alternative recovery path.,PAYMENT_LINK,EXECUTED_SIMULATION,Action passed deterministic policy controls and was executed in the RecoveryOS test environment.,RECOVERED,True,3086.94,Simulated payment recovery succeeded after the executed intervention.
AUD_574182688E74,2026-09-02T04:35:29.454800+00:00,EXE_000066_2159C936,DEC_000066,FAIL_001142,CUST_0458,SUB_0458,3086.94,INSUFFICIENT_FUNDS,PAYMENT_LINK,0.7015912745822832,2165.770169159033,3.0,2162.770169159033,ALLOW,Recovery recommendation passed all deterministic policy and safety checks.,PASS: valid recovery action | PASS: expected net value above threshold | PASS: recovery probability valid | PASS: high-value confidence requirement | PASS: Payment link is permitted as an alternative recovery path.,PAYMENT_LINK,EXECUTED_SIMULATION,Action passed deterministic policy controls and was executed in the RecoveryOS test environment.,NOT_RECOVERED,False,0.0,"Simulated intervention completed, but the payment was not recovered."
AUD_ECCEF81EBF5C,2026-09-02T04:35:29.454800+00:00,EXE_000067_97A9A08F,DEC_000067,FAIL_001354,CUST_0530,SUB_0530,2315.15,CARD_EXPIRED,UPDATE_PAYMENT_METHOD,0.9209056911204484,2132.034810797506,3.0,2129.034810797506,ALLOW,Recovery recommendation passed all deterministic policy and safety checks.,PASS: valid recovery action | PASS: expected net value above threshold | PASS: recovery probability valid | PASS: expired-card action is compatible | PASS: high-value confidence requirement | PASS: Payment-method update is permitted as an alternative recovery path.,UPDATE_PAYMENT_METHOD,EXECUTED_SIMULATION,Action passed deterministic policy controls and was executed in the RecoveryOS test environment.,RECOVERED,True,2315.15,Simulated payment recovery succeeded after the executed intervention.
AUD_C924F38C0EC9,2026-09-02T04:35:29.454800+00:00,EXE_000068_161DC9E1,DEC_000068,FAIL_000188,CUST_0079,SUB_0079,2676.77,INSUFFICIENT_FUNDS,PAYMENT_LINK,0.7631755891241059,2042.845521699733,3.0,2039.845521699733,ALLOW,Recovery recommendation passed all deterministic policy and safety checks.,PASS: valid recovery action | PASS: expected net value above threshold | PASS: recovery probability valid | PASS: high-value confidence requirement | PASS: Payment link is permitted as an alternative recovery path.,PAYMENT_LINK,EXECUTED_SIMULATION,Action passed deterministic policy controls and was executed in the RecoveryOS test environment.,RECOVERED,True,2676.77,Simulated payment recovery succeeded after the executed intervention.
AUD_6022AEE4B84A,2026-09-02T04:35:29.455800+00:00,EXE_000069_43D155A7,DEC_000069,FAIL_001062,CUST_0430,SUB_0430,2619.41,INSUFFICIENT_FUNDS,WAIT_AND_RETRY,0.7617346027528056,1995.2952357967265,2.0,1993.2952357967265,ALLOW,Recovery recommendation passed all deterministic policy and safety checks.,PASS: valid recovery action | PASS: expected net value above threshold | PASS: recovery probability valid | PASS: high-value confidence requirement | PASS: Delayed retry is permitted under bounded policy.,WAIT_AND_RETRY,EXECUTED_SIMULATION,Action passed deterministic policy controls and was executed in the RecoveryOS test environment.,RECOVERED,True,2619.41,Simulated payment recovery succeeded after the executed intervention.
AUD_DDBFBE1E9792,2026-09-02T04:35:29.455800+00:00,EXE_000070_C77C0BED,DEC_000070,FAIL_001577,CUST_0625,SUB_0625,2210.87,NETWORK_ERROR,RETRY_NOW,0.8980268632502906,1985.4206511541693,2.0,1983.4206511541693,ALLOW,Recovery recommendation passed all deterministic policy and safety checks.,PASS: valid recovery action | PASS: expected net value above threshold | PASS: recovery probability valid | PASS: high-value confidence requirement | PASS: retry action within maximum 2 attempts | PASS: Direct retry is permitted under bounded policy.,RETRY_NOW,EXECUTED_SIMULATION,Action passed deterministic policy controls and was executed in the RecoveryOS test environment.,RECOVERED,True,2210.87,Simulated payment recovery succeeded after the executed intervention.
AUD_5B32C088FD4B,2026-09-02T04:35:29.455800+00:00,EXE_000071_B97650DA,DEC_000071,FAIL_000009,CUST_0009,SUB_0009,2904.8,BANK_DECLINED,WAIT_AND_RETRY,0.6787439791535979,1971.6155106453712,2.0,1969.6155106453712,ALLOW,Recovery recommendation passed all deterministic policy and safety checks.,PASS: valid recovery action | PASS: expected net value above threshold | PASS: recovery probability valid | PASS: high-value confidence requirement | PASS: Delayed retry is permitted under bounded policy.,WAIT_AND_RETRY,EXECUTED_SIMULATION,Action passed deterministic policy controls and was executed in the RecoveryOS test environment.,RECOVERED,True,2904.8,Simulated payment recovery succeeded after the executed intervention.
AUD_ACA7F9051824,2026-09-02T04:35:29.455800+00:00,EXE_000072_6EADC105,DEC_000072,FAIL_000414,CUST_0158,SUB_0158,2492.3,INSUFFICIENT_FUNDS,WAIT_AND_RETRY,0.7716332634123798,1923.1415824026744,2.0,1921.1415824026744,ALLOW,Recovery recommendation passed all deterministic policy and safety checks.,PASS: valid recovery action | PASS: expected net value above threshold | PASS: recovery probability valid | PASS: high-value confidence requirement | PASS: Delayed retry is permitted under bounded policy.,WAIT_AND_RETRY,EXECUTED_SIMULATION,Action passed deterministic policy controls and was executed in the RecoveryOS test environment.,RECOVERED,True,2492.3,Simulated payment recovery succeeded after the executed intervention.
AUD_A4F34FF80BCC,2026-09-02T04:35:29.455800+00:00,EXE_000073_55861577,DEC_000073,FAIL_002233,CUST_0832,SUB_0832,2452.06,INSUFFICIENT_FUNDS,WAIT_AND_RETRY,0.730137791365399,1790.3416726954404,2.0,1788.3416726954404,ALLOW,Recovery recommendation passed all deterministic policy and safety checks.,PASS: valid recovery action | PASS: expected net value above threshold | PASS: recovery probability valid | PASS: high-value confidence requirement | PASS: Delayed retry is permitted under bounded policy.,WAIT_AND_RETRY,EXECUTED_SIMULATION,Action passed deterministic policy controls and was executed in the RecoveryOS test environment.,RECOVERED,True,2452.06,Simulated payment recovery succeeded after the executed intervention.
AUD_FB38D55C787D,2026-09-02T04:35:29.456799+00:00,EXE_000074_D22A4F19,DEC_000074,FAIL_002235,CUST_0832,SUB_0832,2452.06,INSUFFICIENT_FUNDS,WAIT_AND_RETRY,0.730137791365399,1790.3416726954404,2.0,1788.3416726954404,ALLOW,Recovery recommendation passed all deterministic policy and safety checks.,PASS: valid recovery action | PASS: expected net value above threshold | PASS: recovery probability valid | PASS: high-value confidence requirement | PASS: Delayed retry is permitted under bounded policy.,WAIT_AND_RETRY,EXECUTED_SIMULATION,Action passed deterministic policy controls and was executed in the RecoveryOS test environment.,RECOVERED,True,2452.06,Simulated payment recovery succeeded after the executed intervention.
AUD_6A36DFE68111,2026-09-02T04:35:29.456799+00:00,EXE_000075_6CEE7063,DEC_000075,FAIL_002088,CUST_0778,SUB_0778,1859.33,NETWORK_ERROR,WAIT_AND_RETRY,0.918848740627056,1708.4430289101042,2.0,1706.4430289101042,ALLOW,Recovery recommendation passed all deterministic policy and safety checks.,PASS: valid recovery action | PASS: expected net value above threshold | PASS: recovery probability valid | PASS: high-value confidence requirement | PASS: Delayed retry is permitted under bounded policy.,WAIT_AND_RETRY,EXECUTED_SIMULATION,Action passed deterministic policy controls and was executed in the RecoveryOS test environment.,RECOVERED,True,1859.33,Simulated payment recovery succeeded after the executed intervention.
AUD_F6FC6D8F83B6,2026-09-02T04:35:29.456799+00:00,EXE_000076_BD5E8E73,DEC_000076,FAIL_002528,CUST_0911,SUB_0911,2077.0,INSUFFICIENT_FUNDS,WAIT_AND_RETRY,0.8103949585590171,1683.1903289270786,2.0,1681.1903289270786,ALLOW,Recovery recommendation passed all deterministic policy and safety checks.,PASS: valid recovery action | PASS: expected net value above threshold | PASS: recovery probability valid | PASS: high-value confidence requirement | PASS: Delayed retry is permitted under bounded policy.,WAIT_AND_RETRY,EXECUTED_SIMULATION,Action passed deterministic policy controls and was executed in the RecoveryOS test environment.,RECOVERED,True,2077.0,Simulated payment recovery succeeded after the executed intervention.
AUD_22F141164784,2026-09-02T04:35:29.456799+00:00,EXE_000077_06348B9E,DEC_000077,FAIL_002525,CUST_0911,SUB_0911,2077.0,BANK_DECLINED,WAIT_AND_RETRY,0.7994038473204977,1660.3617908846738,2.0,1658.3617908846738,ALLOW,Recovery recommendation passed all deterministic policy and safety checks.,PASS: valid recovery action | PASS: expected net value above threshold | PASS: recovery probability valid | PASS: high-value confidence requirement | PASS: Delayed retry is permitted under bounded policy.,WAIT_AND_RETRY,EXECUTED_SIMULATION,Action passed deterministic policy controls and was executed in the RecoveryOS test environment.,RECOVERED,True,2077.0,Simulated payment recovery succeeded after the executed intervention.
AUD_7F146493AF6C,2026-09-02T04:35:29.456799+00:00,EXE_000078_656C3CB4,DEC_000078,FAIL_000752,CUST_0307,SUB_0307,2288.88,LIMIT_EXCEEDED,PAYMENT_LINK,0.7183532571740653,1644.2244032805747,3.0,1641.2244032805747,ALLOW,Recovery recommendation passed all deterministic policy and safety checks.,PASS: valid recovery action | PASS: expected net value above threshold | PASS: recovery probability valid | PASS: high-value confidence requirement | PASS: Payment link is permitted as an alternative recovery path.,PAYMENT_LINK,EXECUTED_SIMULATION,Action passed deterministic policy controls and was executed in the RecoveryOS test environment.,RECOVERED,True,2288.88,Simulated payment recovery succeeded after the executed intervention.
AUD_9153157F7CB2,2026-09-02T04:35:29.457800+00:00,EXE_000079_287C0966,DEC_000079,FAIL_002601,CUST_0932,SUB_0932,2080.35,BANK_DECLINED,WAIT_AND_RETRY,0.7798166489344992,1622.2915656108853,2.0,1620.2915656108853,ALLOW,Recovery recommendation passed all deterministic policy and safety checks.,PASS: valid recovery action | PASS: expected net value above threshold | PASS: recovery probability valid | PASS: high-value confidence requirement | PASS: Delayed retry is permitted under bounded policy.,WAIT_AND_RETRY,EXECUTED_SIMULATION,Action passed deterministic policy controls and was executed in the RecoveryOS test environment.,RECOVERED,True,2080.35,Simulated payment recovery succeeded after the executed intervention.
AUD_5075FB708F42,2026-09-02T04:35:29.457800+00:00,EXE_000080_E3215505,DEC_000080,FAIL_002095,CUST_0780,SUB_0780,2075.84,INSUFFICIENT_FUNDS,WAIT_AND_RETRY,0.757232601073572,1571.8937226125638,2.0,1569.8937226125638,ALLOW,Recovery recommendation passed all deterministic policy and safety checks.,PASS: valid recovery action | PASS: expected net value above threshold | PASS: recovery probability valid | PASS: high-value confidence requirement | PASS: Delayed retry is permitted under bounded policy.,WAIT_AND_RETRY,EXECUTED_SIMULATION,Action passed deterministic policy controls and was executed in the RecoveryOS test environment.,NOT_RECOVERED,False,0.0,"Simulated intervention completed, but the payment was not recovered."
AUD_D1F8311A4536,2026-09-02T04:35:29.457800+00:00,EXE_000081_0CDCE05A,DEC_000081,FAIL_000039,CUST_0019,SUB_0019,2269.23,AUTHENTICATION_FAILED,SEND_REMINDER,0.6880335742500144,1561.3064276953603,1.0,1560.3064276953603,ALLOW,Recovery recommendation passed all deterministic policy and safety checks.,PASS: valid recovery action | PASS: expected net value above threshold | PASS: recovery probability valid | PASS: high-value confidence requirement | PASS: Reminder is permitted as a lower-friction intervention.,SEND_REMINDER,EXECUTED_SIMULATION,Action passed deterministic policy controls and was executed in the RecoveryOS test environment.,RECOVERED,True,2269.23,Simulated payment recovery succeeded after the executed intervention.
AUD_655588932B3D,2026-09-02T04:35:29.457800+00:00,EXE_000082_18296C9D,DEC_000082,FAIL_001578,CUST_0625,SUB_0625,2210.87,BANK_DECLINED,WAIT_AND_RETRY,0.7011314956698211,1550.1105898315377,2.0,1548.1105898315377,ALLOW,Recovery recommendation passed all deterministic policy and safety checks.,PASS: valid recovery action | PASS: expected net value above threshold | PASS: recovery probability valid | PASS: high-value confidence requirement | PASS: Delayed retry is permitted under bounded policy.,WAIT_AND_RETRY,EXECUTED_SIMULATION,Action passed deterministic policy controls and was executed in the RecoveryOS test environment.,RECOVERED,True,2210.87,Simulated payment recovery succeeded after the executed intervention.
AUD_FF29BD550B65,2026-09-02T04:35:29.457800+00:00,EXE_000083_B03F4768,DEC_000083,FAIL_002234,CUST_0832,SUB_0832,2452.06,BANK_DECLINED,PAYMENT_LINK,0.6279404421750163,1539.7476406396704,3.0,1536.7476406396704,ALLOW,Recovery recommendation passed all deterministic policy and safety checks.,PASS: valid recovery action | PASS: expected net value above threshold | PASS: recovery probability valid | PASS: high-value confidence requirement | PASS: Payment link is permitted as an alternative recovery path.,PAYMENT_LINK,EXECUTED_SIMULATION,Action passed deterministic policy controls and was executed in the RecoveryOS test environment.,RECOVERED,True,2452.06,Simulated payment recovery succeeded after the executed intervention.
AUD_2A307A04F81C,2026-09-02T04:35:29.458801+00:00,EXE_000084_09F5B734,DEC_000084,FAIL_002662,CUST_0958,SUB_0958,1863.63,INSUFFICIENT_FUNDS,WAIT_AND_RETRY,0.8234580213340641,1534.621072298802,2.0,1532.621072298802,ALLOW,Recovery recommendation passed all deterministic policy and safety checks.,PASS: valid recovery action | PASS: expected net value above threshold | PASS: recovery probability valid | PASS: high-value confidence requirement | PASS: Delayed retry is permitted under bounded policy.,WAIT_AND_RETRY,EXECUTED_SIMULATION,Action passed deterministic policy controls and was executed in the RecoveryOS test environment.,RECOVERED,True,1863.63,Simulated payment recovery succeeded after the executed intervention.
AUD_5B4DB7A34CD0,2026-09-02T04:35:29.458801+00:00,EXE_000085_92E83D7B,DEC_000085,FAIL_000939,CUST_0380,SUB_0380,2093.21,CARD_EXPIRED,UPDATE_PAYMENT_METHOD,0.718409495085489,1503.7819392078966,3.0,1500.7819392078966,ALLOW,Recovery recommendation passed all deterministic policy and safety checks.,PASS: valid recovery action | PASS: expected net value above threshold | PASS: recovery probability valid | PASS: expired-card action is compatible | PASS: high-value confidence requirement | PASS: Payment-method update is permitted as an alternative recovery path.,UPDATE_PAYMENT_METHOD,EXECUTED_SIMULATION,Action passed deterministic policy controls and was executed in the RecoveryOS test environment.,RECOVERED,True,2093.21,Simulated payment recovery succeeded after the executed intervention.
AUD_D6F9E7E55430,2026-09-02T04:35:29.458801+00:00,EXE_000086_990A0FD1,DEC_000086,FAIL_001176,CUST_0468,SUB_0468,1737.7,NETWORK_ERROR,RETRY_NOW,0.864463430406831,1502.1781030179504,2.0,1500.1781030179504,ALLOW,Recovery recommendation passed all deterministic policy and safety checks.,PASS: valid recovery action | PASS: expected net value above threshold | PASS: recovery probability valid | PASS: high-value confidence requirement | PASS: retry action within maximum 2 attempts | PASS: Direct retry is permitted under bounded policy.,RETRY_NOW,EXECUTED_SIMULATION,Action passed deterministic policy controls and was executed in the RecoveryOS test environment.,RECOVERED,True,1737.7,Simulated payment recovery succeeded after the executed intervention.
AUD_12768011E425,2026-09-02T04:35:29.459802+00:00,EXE_000087_2D1CDE37,DEC_000087,FAIL_000249,CUST_0107,SUB_0107,1689.93,NETWORK_ERROR,WAIT_AND_RETRY,0.8783216197294043,1484.3020548293125,2.0,1482.3020548293125,ALLOW,Recovery recommendation passed all deterministic policy and safety checks.,PASS: valid recovery action | PASS: expected net value above threshold | PASS: recovery probability valid | PASS: high-value confidence requirement | PASS: Delayed retry is permitted under bounded policy.,WAIT_AND_RETRY,EXECUTED_SIMULATION,Action passed deterministic policy controls and was executed in the RecoveryOS test environment.,RECOVERED,True,1689.93,Simulated payment recovery succeeded after the executed intervention.
AUD_46310A05A322,2026-09-02T04:35:29.459802+00:00,EXE_000088_23F874A9,DEC_000088,FAIL_001405,CUST_0547,SUB_0547,2231.07,BANK_DECLINED,WAIT_AND_RETRY,0.6621324093360079,1477.2637544972872,2.0,1475.2637544972872,ALLOW,Recovery recommendation passed all deterministic policy and safety checks.,PASS: valid recovery action | PASS: expected net value above threshold | PASS: recovery probability valid | PASS: high-value confidence requirement | PASS: Delayed retry is permitted under bounded policy.,WAIT_AND_RETRY,EXECUTED_SIMULATION,Action passed deterministic policy controls and was executed in the RecoveryOS test environment.,RECOVERED,True,2231.07,Simulated payment recovery succeeded after the executed intervention.
AUD_D23FB9456759,2026-09-02T04:35:29.459802+00:00,EXE_000089_5A45BBDD,DEC_000089,FAIL_001385,CUST_0540,SUB_0540,2023.63,INSUFFICIENT_FUNDS,WAIT_AND_RETRY,0.7265941972081038,1470.3578152962352,2.0,1468.3578152962352,ALLOW,Recovery recommendation passed all deterministic policy and safety checks.,PASS: valid recovery action | PASS: expected net value above threshold | PASS: recovery probability valid | PASS: high-value confidence requirement | PASS: Delayed retry is permitted under bounded policy.,WAIT_AND_RETRY,EXECUTED_SIMULATION,Action passed deterministic policy controls and was executed in the RecoveryOS test environment.,NOT_RECOVERED,False,0.0,"Simulated intervention completed, but the payment was not recovered."
AUD_388E9A5A505E,2026-09-02T04:35:29.459802+00:00,EXE_000090_DB2F4087,DEC_000090,FAIL_002025,CUST_0750,SUB_0750,1696.9,CARD_EXPIRED,UPDATE_PAYMENT_METHOD,0.8615904226744122,1462.03278823621,3.0,1459.03278823621,ALLOW,Recovery recommendation passed all deterministic policy and safety checks.,PASS: valid recovery action | PASS: expected net value above threshold | PASS: recovery probability valid | PASS: expired-card action is compatible | PASS: high-value confidence requirement | PASS: Payment-method update is permitted as an alternative recovery path.,UPDATE_PAYMENT_METHOD,EXECUTED_SIMULATION,Action passed deterministic policy controls and was executed in the RecoveryOS test environment.,RECOVERED,True,1696.9,Simulated payment recovery succeeded after the executed intervention.
AUD_6566F5CFFD8F,2026-09-02T04:35:29.459802+00:00,EXE_000091_FD0D3EBB,DEC_000091,FAIL_000824,CUST_0336,SUB_0336,1661.44,CARD_EXPIRED,UPDATE_PAYMENT_METHOD,0.8604771042010272,1429.6310800037547,3.0,1426.6310800037547,ALLOW,Recovery recommendation passed all deterministic policy and safety checks.,PASS: valid recovery action | PASS: expected net value above threshold | PASS: recovery probability valid | PASS: expired-card action is compatible | PASS: high-value confidence requirement | PASS: Payment-method update is permitted as an alternative recovery path.,UPDATE_PAYMENT_METHOD,EXECUTED_SIMULATION,Action passed deterministic policy controls and was executed in the RecoveryOS test environment.,RECOVERED,True,1661.44,Simulated payment recovery succeeded after the executed intervention.
AUD_1B5ACD1C75E4,2026-09-02T04:35:29.460802+00:00,EXE_000092_10C14540,DEC_000092,FAIL_001009,CUST_0408,SUB_0408,1572.78,CARD_EXPIRED,UPDATE_PAYMENT_METHOD,0.8898116764346954,1399.47800846296,3.0,1396.47800846296,ALLOW,Recovery recommendation passed all deterministic policy and safety checks.,PASS: valid recovery action | PASS: expected net value above threshold | PASS: recovery probability valid | PASS: expired-card action is compatible | PASS: high-value confidence requirement | PASS: Payment-method update is permitted as an alternative recovery path.,UPDATE_PAYMENT_METHOD,EXECUTED_SIMULATION,Action passed deterministic policy controls and was executed in the RecoveryOS test environment.,RECOVERED,True,1572.78,Simulated payment recovery succeeded after the executed intervention.
AUD_548B2577550B,2026-09-02T04:35:29.460802+00:00,EXE_000093_73DAF9B0,DEC_000093,FAIL_001116,CUST_0444,SUB_0444,1927.55,CARD_EXPIRED,UPDATE_PAYMENT_METHOD,0.7245994829383846,1396.7017333378833,3.0,1393.7017333378833,ALLOW,Recovery recommendation passed all deterministic policy and safety checks.,PASS: valid recovery action | PASS: expected net value above threshold | PASS: recovery probability valid | PASS: expired-card action is compatible | PASS: high-value confidence requirement | PASS: Payment-method update is permitted as an alternative recovery path.,UPDATE_PAYMENT_METHOD,EXECUTED_SIMULATION,Action passed deterministic policy controls and was executed in the RecoveryOS test environment.,RECOVERED,True,1927.55,Simulated payment recovery succeeded after the executed intervention.
AUD_25C4AB49DCB4,2026-09-02T04:35:29.460802+00:00,EXE_000094_B7EBD843,DEC_000094,FAIL_002094,CUST_0780,SUB_0780,2075.84,BANK_DECLINED,WAIT_AND_RETRY,0.6655439530839772,1381.5627595698434,2.0,1379.5627595698434,ALLOW,Recovery recommendation passed all deterministic policy and safety checks.,PASS: valid recovery action | PASS: expected net value above threshold | PASS: recovery probability valid | PASS: high-value confidence requirement | PASS: Delayed retry is permitted under bounded policy.,WAIT_AND_RETRY,EXECUTED_SIMULATION,Action passed deterministic policy controls and was executed in the RecoveryOS test environment.,RECOVERED,True,2075.84,Simulated payment recovery succeeded after the executed intervention.
AUD_C04E8578E06E,2026-09-02T04:35:29.460802+00:00,EXE_000095_207974C2,DEC_000095,FAIL_001136,CUST_0457,SUB_0457,1961.94,BANK_DECLINED,PAYMENT_LINK,0.6996849035529452,1372.7397996766654,3.0,1369.7397996766654,ALLOW,Recovery recommendation passed all deterministic policy and safety checks.,PASS: valid recovery action | PASS: expected net value above threshold | PASS: recovery probability valid | PASS: high-value confidence requirement | PASS: Payment link is permitted as an alternative recovery path.,PAYMENT_LINK,EXECUTED_SIMULATION,Action passed deterministic policy controls and was executed in the RecoveryOS test environment.,RECOVERED,True,1961.94,Simulated payment recovery succeeded after the executed intervention.
AUD_B27ACC7B7DC6,2026-09-02T04:35:29.460802+00:00,EXE_000096_49D2F673,DEC_000096,FAIL_001139,CUST_0457,SUB_0457,1961.94,BANK_DECLINED,PAYMENT_LINK,0.6996849035529452,1372.7397996766654,3.0,1369.7397996766654,ALLOW,Recovery recommendation passed all deterministic policy and safety checks.,PASS: valid recovery action | PASS: expected net value above threshold | PASS: recovery probability valid | PASS: high-value confidence requirement | PASS: Payment link is permitted as an alternative recovery path.,PAYMENT_LINK,EXECUTED_SIMULATION,Action passed deterministic policy controls and was executed in the RecoveryOS test environment.,RECOVERED,True,1961.94,Simulated payment recovery succeeded after the executed intervention.
AUD_5AB94140E725,2026-09-02T04:35:29.461799+00:00,EXE_000097_22CD8A33,DEC_000097,FAIL_002277,CUST_0845,SUB_0845,1868.13,INSUFFICIENT_FUNDS,WAIT_AND_RETRY,0.7257644922301983,1355.8224208700003,2.0,1353.8224208700003,ALLOW,Recovery recommendation passed all deterministic policy and safety checks.,PASS: valid recovery action | PASS: expected net value above threshold | PASS: recovery probability valid | PASS: high-value confidence requirement | PASS: Delayed retry is permitted under bounded policy.,WAIT_AND_RETRY,EXECUTED_SIMULATION,Action passed deterministic policy controls and was executed in the RecoveryOS test environment.,RECOVERED,True,1868.13,Simulated payment recovery succeeded after the executed intervention.
AUD_6E5FE662AED7,2026-09-02T04:35:29.461799+00:00,EXE_000098_D4274D4A,DEC_000098,FAIL_001600,CUST_0628,SUB_0628,1735.47,INSUFFICIENT_FUNDS,WAIT_AND_RETRY,0.7797778560140879,1353.281075776769,2.0,1351.281075776769,ALLOW,Recovery recommendation passed all deterministic policy and safety checks.,PASS: valid recovery action | PASS: expected net value above threshold | PASS: recovery probability valid | PASS: high-value confidence requirement | PASS: Delayed retry is permitted under bounded policy.,WAIT_AND_RETRY,EXECUTED_SIMULATION,Action passed deterministic policy controls and was executed in the RecoveryOS test environment.,RECOVERED,True,1735.47,Simulated payment recovery succeeded after the executed intervention.
AUD_89C47A40B542,2026-09-02T04:35:29.461799+00:00,EXE_000099_3912BEAA,DEC_000099,FAIL_001551,CUST_0609,SUB_0609,1520.27,CARD_EXPIRED,UPDATE_PAYMENT_METHOD,0.8811736005105895,1339.6217896482335,3.0,1336.6217896482335,ALLOW,Recovery recommendation passed all deterministic policy and safety checks.,PASS: valid recovery action | PASS: expected net value above threshold | PASS: recovery probability valid | PASS: expired-card action is compatible | PASS: high-value confidence requirement | PASS: Payment-method update is permitted as an alternative recovery path.,UPDATE_PAYMENT_METHOD,EXECUTED_SIMULATION,Action passed deterministic policy controls and was executed in the RecoveryOS test environment.,RECOVERED,True,1520.27,Simulated payment recovery succeeded after the executed intervention.
AUD_3AE1BDCED043,2026-09-02T04:35:29.461799+00:00,EXE_000100_8B50FCC4,DEC_000100,FAIL_001947,CUST_0731,SUB_0731,1784.87,LIMIT_EXCEEDED,PAYMENT_LINK,0.7441975645228347,1328.2959069898718,3.0,1325.2959069898718,ALLOW,Recovery recommendation passed all deterministic policy and safety checks.,PASS: valid recovery action | PASS: expected net value above threshold | PASS: recovery probability valid | PASS: high-value confidence requirement | PASS: Payment link is permitted as an alternative recovery path.,PAYMENT_LINK,EXECUTED_SIMULATION,Action passed deterministic policy controls and was executed in the RecoveryOS test environment.,NOT_RECOVERED,False,0.0,"Simulated intervention completed, but the payment was not recovered."
