portfolio_rank,selected,failure_id,customer_id,subscription_id,amount,failure_reason,behavior_profile,candidate_action,estimated_recovery_probability,expected_gross_recovery,intervention_cost,expected_net_recovery
1,True,FAIL_000301,CUST_0119,SUB_0119,15000.0,LIMIT_EXCEEDED,high_value_loyal,UPDATE_PAYMENT_METHOD,0.9205904462703752,13808.856694055628,3.0,13805.856694055628
2,True,FAIL_000450,CUST_0171,SUB_0171,14917.0,NETWORK_ERROR,high_value_loyal,RETRY_NOW,0.9224601742413324,13760.338419157952,2.0,13758.338419157952
3,True,FAIL_000443,CUST_0169,SUB_0169,14872.16,NETWORK_ERROR,high_value_loyal,RETRY_NOW,0.9042269937480304,13447.808527339706,2.0,13445.808527339706
4,True,FAIL_001296,CUST_0494,SUB_0494,14846.24,NETWORK_ERROR,high_value_loyal,RETRY_NOW,0.8777637465548183,13031.491244652005,2.0,13029.491244652005
5,True,FAIL_000298,CUST_0119,SUB_0119,15000.0,INSUFFICIENT_FUNDS,high_value_loyal,PAYMENT_LINK,0.8333248119597095,12499.872179395645,3.0,12496.872179395645
6,True,FAIL_000299,CUST_0119,SUB_0119,15000.0,INSUFFICIENT_FUNDS,high_value_loyal,PAYMENT_LINK,0.8333248119597095,12499.872179395645,3.0,12496.872179395645
7,True,FAIL_000080,CUST_0026,SUB_0026,15000.0,INSUFFICIENT_FUNDS,high_value_loyal,PAYMENT_LINK,0.82757160841332,12413.5741261998,3.0,12410.5741261998
8,True,FAIL_000102,CUST_0039,SUB_0039,13129.92,CARD_EXPIRED,high_value_loyal,UPDATE_PAYMENT_METHOD,0.939334390026096,12333.38539429144,3.0,12330.38539429144
9,True,FAIL_000103,CUST_0039,SUB_0039,13129.92,CARD_EXPIRED,high_value_loyal,UPDATE_PAYMENT_METHOD,0.939334390026096,12333.38539429144,3.0,12330.38539429144
10,True,FAIL_000762,CUST_0312,SUB_0312,13871.79,NETWORK_ERROR,high_value_loyal,WAIT_AND_RETRY,0.8797088683614944,12203.136683048297,2.0,12201.136683048297
11,True,FAIL_000445,CUST_0169,SUB_0169,14872.16,LIMIT_EXCEEDED,high_value_loyal,PAYMENT_LINK,0.7911660629728501,11766.348275102302,3.0,11763.348275102302
12,True,FAIL_000448,CUST_0171,SUB_0171,14917.0,BANK_DECLINED,high_value_loyal,PAYMENT_LINK,0.7779407093694058,11604.541561663427,3.0,11601.541561663427
13,True,FAIL_001267,CUST_0487,SUB_0487,15000.0,BANK_DECLINED,high_value_loyal,PAYMENT_LINK,0.7505074661354796,11257.611992032194,3.0,11254.611992032194
14,True,FAIL_002438,CUST_0888,SUB_0888,14993.1,INSUFFICIENT_FUNDS,high_value_loyal,WAIT_AND_RETRY,0.7120931947275058,10676.484477868968,2.0,10674.484477868968
15,True,FAIL_002441,CUST_0888,SUB_0888,14993.1,INSUFFICIENT_FUNDS,high_value_loyal,WAIT_AND_RETRY,0.7120931947275058,10676.484477868968,2.0,10674.484477868968
16,True,FAIL_000543,CUST_0214,SUB_0214,12636.68,INSUFFICIENT_FUNDS,high_value_loyal,WAIT_AND_RETRY,0.8325255972790981,10520.359564624834,2.0,10518.359564624834
17,True,FAIL_000323,CUST_0128,SUB_0128,14456.27,AUTHENTICATION_FAILED,high_value_loyal,UPDATE_PAYMENT_METHOD,0.7198132172981075,10405.814218830114,3.0,10402.814218830114
18,True,FAIL_000172,CUST_0070,SUB_0070,11107.73,NETWORK_ERROR,high_value_loyal,WAIT_AND_RETRY,0.9187893554892383,10205.664087648478,2.0,10203.664087648478
19,True,FAIL_000318,CUST_0125,SUB_0125,10848.47,NETWORK_ERROR,high_value_loyal,WAIT_AND_RETRY,0.9062040425790188,9830.927369797206,2.0,9828.927369797206
20,True,FAIL_001553,CUST_0610,SUB_0610,11684.35,INSUFFICIENT_FUNDS,high_value_loyal,WAIT_AND_RETRY,0.832889192416069,9731.768835406696,2.0,9729.768835406696
21,True,FAIL_001555,CUST_0610,SUB_0610,11684.35,INSUFFICIENT_FUNDS,high_value_loyal,WAIT_AND_RETRY,0.832889192416069,9731.768835406696,2.0,9729.768835406696
22,True,FAIL_001557,CUST_0610,SUB_0610,11684.35,INSUFFICIENT_FUNDS,high_value_loyal,WAIT_AND_RETRY,0.832889192416069,9731.768835406696,2.0,9729.768835406696
23,True,FAIL_001530,CUST_0597,SUB_0597,12778.74,LIMIT_EXCEEDED,high_value_loyal,PAYMENT_LINK,0.73913010407715,9445.15142617484,3.0,9442.15142617484
24,True,FAIL_000837,CUST_0348,SUB_0348,10125.65,NETWORK_ERROR,high_value_loyal,RETRY_NOW,0.8931481474001279,9043.705538722104,2.0,9041.705538722104
25,True,FAIL_000242,CUST_0103,SUB_0103,10145.96,NETWORK_ERROR,high_value_loyal,RETRY_NOW,0.8762212271739539,8890.10552205785,2.0,8888.10552205785
26,True,FAIL_001621,CUST_0635,SUB_0635,13569.88,BANK_DECLINED,high_value_loyal,PAYMENT_LINK,0.6257200245772141,8490.945647109846,3.0,8487.945647109846
27,True,FAIL_002695,CUST_0967,SUB_0967,10771.74,BANK_DECLINED,high_value_loyal,WAIT_AND_RETRY,0.7661192547488221,8252.437421148077,2.0,8250.437421148077
28,True,FAIL_000575,CUST_0227,SUB_0227,9730.73,INSUFFICIENT_FUNDS,high_value_loyal,PAYMENT_LINK,0.8415486601585237,8188.882793864351,3.0,8185.882793864351
29,True,FAIL_000542,CUST_0214,SUB_0214,12636.68,LIMIT_EXCEEDED,high_value_loyal,PAYMENT_LINK,0.6262659914794235,7913.922929208202,3.0,7910.922929208202
30,True,FAIL_001373,CUST_0535,SUB_0535,11601.39,BANK_DECLINED,high_value_loyal,WAIT_AND_RETRY,0.6718193588849363,7794.038391974111,2.0,7792.038391974111
31,True,FAIL_001272,CUST_0489,SUB_0489,8583.5,NETWORK_ERROR,high_value_loyal,WAIT_AND_RETRY,0.9053226377459116,7770.836861092031,2.0,7768.836861092031
32,True,FAIL_002339,CUST_0863,SUB_0863,9301.15,AUTHENTICATION_FAILED,high_value_loyal,UPDATE_PAYMENT_METHOD,0.8274778970121329,7696.496041794399,3.0,7693.496041794399
33,True,FAIL_000087,CUST_0032,SUB_0032,10611.56,LIMIT_EXCEEDED,high_value_loyal,UPDATE_PAYMENT_METHOD,0.7197579988945391,7637.755190749334,3.0,7634.755190749334
34,True,FAIL_001718,CUST_0662,SUB_0662,8298.83,NETWORK_ERROR,high_value_loyal,RETRY_NOW,0.8979315801311331,7451.781535139651,2.0,7449.781535139651
35,True,FAIL_002215,CUST_0825,SUB_0825,8971.98,INSUFFICIENT_FUNDS,high_value_loyal,PAYMENT_LINK,0.8276411930749904,7425.580231444952,3.0,7422.580231444952
36,True,FAIL_000419,CUST_0161,SUB_0161,9716.42,LIMIT_EXCEEDED,high_value_loyal,PAYMENT_LINK,0.7622497895677913,7406.339100352279,3.0,7403.339100352279
37,True,FAIL_001456,CUST_0572,SUB_0572,12441.81,LIMIT_EXCEEDED,high_value_loyal,PAYMENT_LINK,0.5775189153601017,7185.380616316466,3.0,7182.380616316466
38,True,FAIL_000834,CUST_0348,SUB_0348,10125.65,BANK_DECLINED,high_value_loyal,PAYMENT_LINK,0.6919986758112654,7006.936391728339,3.0,7003.936391728339
39,True,FAIL_000097,CUST_0037,SUB_0037,9606.42,LIMIT_EXCEEDED,high_value_loyal,PAYMENT_LINK,0.7167137909072376,6885.053695247106,3.0,6882.053695247106
40,True,FAIL_002436,CUST_0887,SUB_0887,8464.41,BANK_DECLINED,high_value_loyal,PAYMENT_LINK,0.8097832181648478,6854.337169666719,3.0,6851.337169666719
41,True,FAIL_001361,CUST_0532,SUB_0532,8636.92,INSUFFICIENT_FUNDS,high_value_loyal,PAYMENT_LINK,0.7843994867912768,6774.795615457315,3.0,6771.795615457315
42,True,FAIL_000007,CUST_0008,SUB_0008,11574.78,LIMIT_EXCEEDED,high_value_loyal,UPDATE_PAYMENT_METHOD,0.5779330352047651,6689.447737227411,3.0,6686.447737227411
43,True,FAIL_002197,CUST_0816,SUB_0816,9124.45,BANK_DECLINED,high_value_loyal,PAYMENT_LINK,0.7120731237596143,6497.275614088413,3.0,6494.275614088413
44,True,FAIL_000726,CUST_0299,SUB_0299,8559.42,LIMIT_EXCEEDED,high_value_loyal,PAYMENT_LINK,0.7471198776136792,6394.912822844078,3.0,6391.912822844078
45,True,FAIL_000865,CUST_0356,SUB_0356,8418.6,INSUFFICIENT_FUNDS,high_value_loyal,WAIT_AND_RETRY,0.7589637588232157,6389.412300029124,2.0,6387.412300029124
46,True,FAIL_001719,CUST_0662,SUB_0662,8298.83,AUTHENTICATION_FAILED,high_value_loyal,UPDATE_PAYMENT_METHOD,0.7318351985149965,6073.375900492208,3.0,6070.375900492208
47,True,FAIL_000996,CUST_0400,SUB_0400,7063.31,INSUFFICIENT_FUNDS,high_value_loyal,PAYMENT_LINK,0.856704034151391,6051.166171461861,3.0,6048.166171461861
48,True,FAIL_002206,CUST_0823,SUB_0823,10550.69,BANK_DECLINED,high_value_loyal,SEND_REMINDER,0.5721887453084253,6036.98607323815,1.0,6035.98607323815
49,True,FAIL_000868,CUST_0356,SUB_0356,8418.6,BANK_DECLINED,high_value_loyal,PAYMENT_LINK,0.7157191340953456,6025.3531022950765,3.0,6022.3531022950765
50,True,FAIL_001409,CUST_0550,SUB_0550,7064.05,INSUFFICIENT_FUNDS,high_value_loyal,PAYMENT_LINK,0.7803604739573914,5512.505406058711,3.0,5509.505406058711
51,True,FAIL_000547,CUST_0215,SUB_0215,7312.97,LIMIT_EXCEEDED,high_value_loyal,PAYMENT_LINK,0.7381463121643156,5398.041836468276,3.0,5395.041836468276
52,True,FAIL_002499,CUST_0903,SUB_0903,5512.84,CARD_EXPIRED,high_value_loyal,UPDATE_PAYMENT_METHOD,0.939083649416764,5177.017905850714,3.0,5174.017905850714
53,True,FAIL_000981,CUST_0396,SUB_0396,5752.09,INSUFFICIENT_FUNDS,high_value_loyal,WAIT_AND_RETRY,0.7873062037211813,4528.6561413625695,2.0,4526.6561413625695
54,True,FAIL_000048,CUST_0021,SUB_0021,7397.62,BANK_DECLINED,high_value_loyal,UPDATE_PAYMENT_METHOD,0.5854985057169223,4331.295455861618,3.0,4328.295455861618
55,True,FAIL_000980,CUST_0396,SUB_0396,5752.09,BANK_DECLINED,high_value_loyal,PAYMENT_LINK,0.7371012407835277,4239.872676098522,3.0,4236.872676098522
56,True,FAIL_002772,CUST_0993,SUB_0993,6771.64,BANK_DECLINED,high_value_loyal,PAYMENT_LINK,0.5871089118229696,3975.6901916568954,3.0,3972.6901916568954
57,True,FAIL_002501,CUST_0904,SUB_0904,3422.48,CARD_EXPIRED,normal,UPDATE_PAYMENT_METHOD,0.8930571413434154,3056.470205105012,3.0,3053.470205105012
58,True,FAIL_002260,CUST_0842,SUB_0842,5745.9,BANK_DECLINED,high_value_loyal,WAIT_AND_RETRY,0.5284431118472696,3036.381276363226,2.0,3034.381276363226
59,True,FAIL_001141,CUST_0458,SUB_0458,3086.94,CARD_EXPIRED,normal,UPDATE_PAYMENT_METHOD,0.8692507260901022,2683.3248363965804,3.0,2680.3248363965804
60,True,FAIL_001329,CUST_0512,SUB_0512,2720.0,CARD_EXPIRED,reliable,UPDATE_PAYMENT_METHOD,0.895290225290505,2435.1894127901733,3.0,2432.1894127901733
61,True,FAIL_001240,CUST_0481,SUB_0481,3208.7,INSUFFICIENT_FUNDS,high_value_loyal,WAIT_AND_RETRY,0.7478391598133202,2399.5915120930003,2.0,2397.5915120930003
62,True,FAIL_001144,CUST_0458,SUB_0458,3086.94,BANK_DECLINED,normal,PAYMENT_LINK,0.7446567302367028,2298.7106468368875,3.0,2295.7106468368875
63,True,FAIL_001169,CUST_0467,SUB_0467,2634.12,INSUFFICIENT_FUNDS,reliable,WAIT_AND_RETRY,0.8549244457476503,2251.9735810328,2.0,2249.9735810328
64,True,FAIL_002473,CUST_0893,SUB_0893,2414.17,NETWORK_ERROR,normal,RETRY_NOW,0.9057775449188916,2186.700975616841,2.0,2184.700975616841
65,True,FAIL_001140,CUST_0458,SUB_0458,3086.94,INSUFFICIENT_FUNDS,normal,PAYMENT_LINK,0.7015912745822832,2165.770169159033,3.0,2162.770169159033
66,True,FAIL_001142,CUST_0458,SUB_0458,3086.94,INSUFFICIENT_FUNDS,normal,PAYMENT_LINK,0.7015912745822832,2165.770169159033,3.0,2162.770169159033
67,True,FAIL_001354,CUST_0530,SUB_0530,2315.15,CARD_EXPIRED,normal,UPDATE_PAYMENT_METHOD,0.9209056911204484,2132.034810797506,3.0,2129.034810797506
68,True,FAIL_000188,CUST_0079,SUB_0079,2676.77,INSUFFICIENT_FUNDS,normal,PAYMENT_LINK,0.7631755891241059,2042.845521699733,3.0,2039.845521699733
69,True,FAIL_001062,CUST_0430,SUB_0430,2619.41,INSUFFICIENT_FUNDS,normal,WAIT_AND_RETRY,0.7617346027528056,1995.2952357967265,2.0,1993.2952357967265
70,True,FAIL_001577,CUST_0625,SUB_0625,2210.87,NETWORK_ERROR,friction_prone,RETRY_NOW,0.8980268632502906,1985.4206511541695,2.0,1983.4206511541695
71,True,FAIL_000009,CUST_0009,SUB_0009,2904.8,BANK_DECLINED,reliable,WAIT_AND_RETRY,0.6787439791535979,1971.6155106453712,2.0,1969.6155106453712
72,True,FAIL_000414,CUST_0158,SUB_0158,2492.3,INSUFFICIENT_FUNDS,friction_prone,WAIT_AND_RETRY,0.7716332634123798,1923.1415824026744,2.0,1921.1415824026744
73,True,FAIL_002233,CUST_0832,SUB_0832,2452.06,INSUFFICIENT_FUNDS,normal,WAIT_AND_RETRY,0.730137791365399,1790.3416726954404,2.0,1788.3416726954404
74,True,FAIL_002235,CUST_0832,SUB_0832,2452.06,INSUFFICIENT_FUNDS,normal,WAIT_AND_RETRY,0.730137791365399,1790.3416726954404,2.0,1788.3416726954404
75,True,FAIL_002088,CUST_0778,SUB_0778,1859.33,NETWORK_ERROR,normal,WAIT_AND_RETRY,0.918848740627056,1708.4430289101042,2.0,1706.4430289101042
76,True,FAIL_002528,CUST_0911,SUB_0911,2077.0,INSUFFICIENT_FUNDS,normal,WAIT_AND_RETRY,0.8103949585590171,1683.1903289270786,2.0,1681.1903289270786
77,True,FAIL_002525,CUST_0911,SUB_0911,2077.0,BANK_DECLINED,normal,WAIT_AND_RETRY,0.7994038473204977,1660.3617908846738,2.0,1658.3617908846738
78,True,FAIL_000752,CUST_0307,SUB_0307,2288.88,LIMIT_EXCEEDED,friction_prone,PAYMENT_LINK,0.7183532571740653,1644.2244032805747,3.0,1641.2244032805747
79,True,FAIL_002601,CUST_0932,SUB_0932,2080.35,BANK_DECLINED,normal,WAIT_AND_RETRY,0.7798166489344992,1622.2915656108853,2.0,1620.2915656108853
80,True,FAIL_002095,CUST_0780,SUB_0780,2075.84,INSUFFICIENT_FUNDS,normal,WAIT_AND_RETRY,0.757232601073572,1571.8937226125638,2.0,1569.8937226125638
81,True,FAIL_000039,CUST_0019,SUB_0019,2269.23,AUTHENTICATION_FAILED,reliable,SEND_REMINDER,0.6880335742500144,1561.3064276953603,1.0,1560.3064276953603
82,True,FAIL_001578,CUST_0625,SUB_0625,2210.87,BANK_DECLINED,friction_prone,WAIT_AND_RETRY,0.7011314956698211,1550.1105898315377,2.0,1548.1105898315377
83,True,FAIL_002234,CUST_0832,SUB_0832,2452.06,BANK_DECLINED,normal,PAYMENT_LINK,0.6279404421750163,1539.7476406396704,3.0,1536.7476406396704
84,True,FAIL_002662,CUST_0958,SUB_0958,1863.63,INSUFFICIENT_FUNDS,normal,WAIT_AND_RETRY,0.8234580213340641,1534.621072298802,2.0,1532.621072298802
85,True,FAIL_000939,CUST_0380,SUB_0380,2093.21,CARD_EXPIRED,friction_prone,UPDATE_PAYMENT_METHOD,0.718409495085489,1503.7819392078966,3.0,1500.7819392078966
86,True,FAIL_001176,CUST_0468,SUB_0468,1737.7,NETWORK_ERROR,friction_prone,RETRY_NOW,0.864463430406831,1502.1781030179504,2.0,1500.1781030179504
87,True,FAIL_000249,CUST_0107,SUB_0107,1689.93,NETWORK_ERROR,reliable,WAIT_AND_RETRY,0.8783216197294043,1484.3020548293125,2.0,1482.3020548293125
88,True,FAIL_001405,CUST_0547,SUB_0547,2231.07,BANK_DECLINED,friction_prone,WAIT_AND_RETRY,0.6621324093360079,1477.2637544972872,2.0,1475.2637544972872
89,True,FAIL_001385,CUST_0540,SUB_0540,2023.63,INSUFFICIENT_FUNDS,friction_prone,WAIT_AND_RETRY,0.7265941972081038,1470.3578152962352,2.0,1468.3578152962352
90,True,FAIL_002025,CUST_0750,SUB_0750,1696.9,CARD_EXPIRED,normal,UPDATE_PAYMENT_METHOD,0.8615904226744122,1462.03278823621,3.0,1459.03278823621
91,True,FAIL_000824,CUST_0336,SUB_0336,1661.44,CARD_EXPIRED,friction_prone,UPDATE_PAYMENT_METHOD,0.8604771042010272,1429.6310800037547,3.0,1426.6310800037547
92,True,FAIL_001009,CUST_0408,SUB_0408,1572.78,CARD_EXPIRED,friction_prone,UPDATE_PAYMENT_METHOD,0.8898116764346954,1399.47800846296,3.0,1396.47800846296
93,True,FAIL_001116,CUST_0444,SUB_0444,1927.55,CARD_EXPIRED,friction_prone,UPDATE_PAYMENT_METHOD,0.7245994829383846,1396.7017333378833,3.0,1393.7017333378833
94,True,FAIL_002094,CUST_0780,SUB_0780,2075.84,BANK_DECLINED,normal,WAIT_AND_RETRY,0.6655439530839772,1381.5627595698434,2.0,1379.5627595698434
95,True,FAIL_001136,CUST_0457,SUB_0457,1961.94,BANK_DECLINED,friction_prone,PAYMENT_LINK,0.6996849035529452,1372.7397996766654,3.0,1369.7397996766654
96,True,FAIL_001139,CUST_0457,SUB_0457,1961.94,BANK_DECLINED,friction_prone,PAYMENT_LINK,0.6996849035529452,1372.7397996766654,3.0,1369.7397996766654
97,True,FAIL_002277,CUST_0845,SUB_0845,1868.13,INSUFFICIENT_FUNDS,normal,WAIT_AND_RETRY,0.7257644922301983,1355.8224208700003,2.0,1353.8224208700003
98,True,FAIL_001600,CUST_0628,SUB_0628,1735.47,INSUFFICIENT_FUNDS,normal,WAIT_AND_RETRY,0.7797778560140879,1353.281075776769,2.0,1351.281075776769
99,True,FAIL_001551,CUST_0609,SUB_0609,1520.27,CARD_EXPIRED,friction_prone,UPDATE_PAYMENT_METHOD,0.8811736005105895,1339.6217896482335,3.0,1336.6217896482335
100,True,FAIL_001947,CUST_0731,SUB_0731,1784.87,LIMIT_EXCEEDED,friction_prone,PAYMENT_LINK,0.7441975645228347,1328.2959069898718,3.0,1325.2959069898718
101,False,FAIL_001134,CUST_0457,SUB_0457,1961.94,INSUFFICIENT_FUNDS,friction_prone,WAIT_AND_RETRY,0.6667806603820327,1308.1836488299252,2.0,1306.1836488299252
102,False,FAIL_000938,CUST_0380,SUB_0380,2093.21,AUTHENTICATION_FAILED,friction_prone,UPDATE_PAYMENT_METHOD,0.6221332213887449,1302.2554803431349,3.0,1299.2554803431349
103,False,FAIL_000380,CUST_0151,SUB_0151,1459.65,CARD_EXPIRED,friction_prone,UPDATE_PAYMENT_METHOD,0.8889566946627802,1297.5656393645272,3.0,1294.5656393645272
104,False,FAIL_000159,CUST_0058,SUB_0058,1656.39,INSUFFICIENT_FUNDS,reliable,WAIT_AND_RETRY,0.7823409794061938,1295.8617748786255,2.0,1293.8617748786255
105,False,FAIL_002783,CUST_0998,SUB_0998,1639.15,INSUFFICIENT_FUNDS,normal,WAIT_AND_RETRY,0.7775216366622302,1274.4745907348947,2.0,1272.4745907348947
106,False,FAIL_002182,CUST_0810,SUB_0810,1736.57,INSUFFICIENT_FUNDS,friction_prone,WAIT_AND_RETRY,0.722840391043417,1255.2629378742668,2.0,1253.2629378742668
107,False,FAIL_002398,CUST_0877,SUB_0877,1893.79,INSUFFICIENT_FUNDS,friction_prone,PAYMENT_LINK,0.6587267653023018,1247.490160861846,3.0,1244.490160861846
108,False,FAIL_002106,CUST_0785,SUB_0785,1990.77,LIMIT_EXCEEDED,friction_prone,PAYMENT_LINK,0.6184748528074968,1231.2411827235803,3.0,1228.2411827235803
109,False,FAIL_001637,CUST_0638,SUB_0638,1633.25,INSUFFICIENT_FUNDS,friction_prone,WAIT_AND_RETRY,0.7514273769334102,1227.2687633764922,2.0,1225.2687633764922
110,False,FAIL_002142,CUST_0800,SUB_0800,1826.29,BANK_DECLINED,normal,WAIT_AND_RETRY,0.6705685530411731,1224.652642733564,2.0,1222.652642733564
111,False,FAIL_001953,CUST_0732,SUB_0732,1339.11,NETWORK_ERROR,normal,RETRY_NOW,0.9096661088550289,1218.1429830288575,2.0,1216.1429830288575
112,False,FAIL_001171,CUST_0468,SUB_0468,1737.7,INSUFFICIENT_FUNDS,friction_prone,WAIT_AND_RETRY,0.6953076543279523,1208.2361109256826,2.0,1206.2361109256826
113,False,FAIL_001186,CUST_0468,SUB_0468,1737.7,INSUFFICIENT_FUNDS,friction_prone,WAIT_AND_RETRY,0.6953076543279523,1208.2361109256826,2.0,1206.2361109256826
114,False,FAIL_000157,CUST_0058,SUB_0058,1656.39,BANK_DECLINED,reliable,WAIT_AND_RETRY,0.7267214701493003,1203.7341759405997,2.0,1201.7341759405997
115,False,FAIL_001163,CUST_0462,SUB_0462,1399.49,NETWORK_ERROR,friction_prone,RETRY_NOW,0.844860944831416,1182.3744436821185,2.0,1180.3744436821185
116,False,FAIL_001093,CUST_0437,SUB_0437,1516.92,CARD_EXPIRED,normal,UPDATE_PAYMENT_METHOD,0.7714422987641244,1170.2162518412756,3.0,1167.2162518412756
117,False,FAIL_000732,CUST_0303,SUB_0303,1311.68,NETWORK_ERROR,normal,RETRY_NOW,0.8891880652013973,1166.3302013633688,2.0,1164.3302013633688
118,False,FAIL_002120,CUST_0788,SUB_0788,1672.99,BANK_DECLINED,reliable,WAIT_AND_RETRY,0.6935029367063205,1160.2234780803071,2.0,1158.2234780803071
119,False,FAIL_001433,CUST_0556,SUB_0556,1271.26,NETWORK_ERROR,friction_prone,RETRY_NOW,0.9079008268011226,1154.1780050791951,2.0,1152.1780050791951
120,False,FAIL_002200,CUST_0819,SUB_0819,1986.45,BANK_DECLINED,reliable,WAIT_AND_RETRY,0.5807508526408549,1153.6325312284262,2.0,1151.6325312284262
121,False,FAIL_000291,CUST_0117,SUB_0117,1714.93,INSUFFICIENT_FUNDS,friction_prone,WAIT_AND_RETRY,0.6709980926243706,1150.714758984312,2.0,1148.714758984312
122,False,FAIL_002176,CUST_0810,SUB_0810,1736.57,LIMIT_EXCEEDED,friction_prone,UPDATE_PAYMENT_METHOD,0.6616383015236214,1148.9812252768752,3.0,1145.9812252768752
123,False,FAIL_002087,CUST_0778,SUB_0778,1859.33,BANK_DECLINED,normal,WAIT_AND_RETRY,0.6138363788196151,1141.324394230675,2.0,1139.324394230675
124,False,FAIL_001733,CUST_0668,SUB_0668,1279.62,CARD_EXPIRED,reliable,UPDATE_PAYMENT_METHOD,0.8924083987000355,1141.9436351445393,3.0,1138.9436351445393
125,False,FAIL_001945,CUST_0731,SUB_0731,1784.87,BANK_DECLINED,friction_prone,PAYMENT_LINK,0.6396081324338634,1141.6173673372298,3.0,1138.6173673372298
126,False,FAIL_001755,CUST_0679,SUB_0679,1699.94,INSUFFICIENT_FUNDS,normal,WAIT_AND_RETRY,0.6702352608601078,1139.3597293465316,2.0,1137.3597293465316
127,False,FAIL_000654,CUST_0262,SUB_0262,1739.87,BANK_DECLINED,reliable,PAYMENT_LINK,0.6506566116763145,1132.0579189572693,3.0,1129.0579189572693
128,False,FAIL_000656,CUST_0262,SUB_0262,1739.87,BANK_DECLINED,reliable,PAYMENT_LINK,0.6506566116763145,1132.0579189572693,3.0,1129.0579189572693
129,False,FAIL_001345,CUST_0523,SUB_0523,1492.87,CARD_EXPIRED,normal,UPDATE_PAYMENT_METHOD,0.750044603852642,1119.7190877534936,3.0,1116.7190877534936
130,False,FAIL_002071,CUST_0769,SUB_0769,1716.97,BANK_DECLINED,friction_prone,WAIT_AND_RETRY,0.6426031932999232,1103.3304048001692,2.0,1101.3304048001692
131,False,FAIL_001532,CUST_0599,SUB_0599,1262.66,AUTHENTICATION_FAILED,normal,UPDATE_PAYMENT_METHOD,0.8671760421226268,1094.948501346556,3.0,1091.948501346556
132,False,FAIL_000516,CUST_0207,SUB_0207,1213.6,CARD_EXPIRED,friction_prone,UPDATE_PAYMENT_METHOD,0.8945000537304262,1085.5652652072451,3.0,1082.5652652072451
133,False,FAIL_001698,CUST_0651,SUB_0651,1314.12,INSUFFICIENT_FUNDS,normal,WAIT_AND_RETRY,0.8248070716826229,1083.8954690395683,2.0,1081.8954690395683
134,False,FAIL_001567,CUST_0623,SUB_0623,1621.46,BANK_DECLINED,friction_prone,PAYMENT_LINK,0.6680307175722031,1083.1850873146243,3.0,1080.1850873146243
135,False,FAIL_001573,CUST_0623,SUB_0623,1621.46,BANK_DECLINED,friction_prone,PAYMENT_LINK,0.6680307175722031,1083.1850873146243,3.0,1080.1850873146243
136,False,FAIL_000293,CUST_0117,SUB_0117,1714.93,BANK_DECLINED,friction_prone,PAYMENT_LINK,0.6273877108930873,1075.9260070418825,3.0,1072.9260070418825
137,False,FAIL_000567,CUST_0222,SUB_0222,1605.38,INSUFFICIENT_FUNDS,friction_prone,WAIT_AND_RETRY,0.6693718557757695,1074.596189825305,2.0,1072.596189825305
138,False,FAIL_002773,CUST_0995,SUB_0995,1739.2,LIMIT_EXCEEDED,friction_prone,PAYMENT_LINK,0.6077689926789099,1057.0318320671602,3.0,1054.0318320671602
139,False,FAIL_002070,CUST_0766,SUB_0766,1882.53,LIMIT_EXCEEDED,friction_prone,PAYMENT_LINK,0.5574744262472652,1049.4623316432642,3.0,1046.4623316432642
140,False,FAIL_000015,CUST_0011,SUB_0011,1603.39,BANK_DECLINED,friction_prone,WAIT_AND_RETRY,0.6520625123349483,1045.5105116527327,2.0,1043.5105116527327
141,False,FAIL_002068,CUST_0766,SUB_0766,1882.53,BANK_DECLINED,friction_prone,WAIT_AND_RETRY,0.5522110421926779,1039.553853258982,2.0,1037.553853258982
142,False,FAIL_000882,CUST_0361,SUB_0361,1451.55,INSUFFICIENT_FUNDS,normal,WAIT_AND_RETRY,0.7114543081060494,1032.711500931336,2.0,1030.711500931336
143,False,FAIL_000653,CUST_0262,SUB_0262,1739.87,LIMIT_EXCEEDED,reliable,SEND_REMINDER,0.5874164888914143,1022.0283265275048,1.0,1021.0283265275048
144,False,FAIL_000379,CUST_0151,SUB_0151,1459.65,INSUFFICIENT_FUNDS,friction_prone,WAIT_AND_RETRY,0.6904656821115963,1007.8382328941916,2.0,1005.8382328941916
145,False,FAIL_001761,CUST_0680,SUB_0680,1595.24,BANK_DECLINED,friction_prone,PAYMENT_LINK,0.6320193428450743,1008.2225364801764,3.0,1005.2225364801764
146,False,FAIL_001766,CUST_0680,SUB_0680,1595.24,BANK_DECLINED,friction_prone,PAYMENT_LINK,0.6320193428450743,1008.2225364801764,3.0,1005.2225364801764
147,False,FAIL_000014,CUST_0011,SUB_0011,1603.39,INSUFFICIENT_FUNDS,friction_prone,PAYMENT_LINK,0.6276400448577801,1006.3517715245162,3.0,1003.3517715245162
148,False,FAIL_002443,CUST_0889,SUB_0889,1368.01,INSUFFICIENT_FUNDS,friction_prone,PAYMENT_LINK,0.732553265186792,1002.1401923081831,3.0,999.1401923081831
149,False,FAIL_001155,CUST_0461,SUB_0461,1652.19,BANK_DECLINED,friction_prone,PAYMENT_LINK,0.5995241239657665,990.5277623749996,3.0,987.5277623749996
150,False,FAIL_001638,CUST_0638,SUB_0638,1633.25,BANK_DECLINED,friction_prone,WAIT_AND_RETRY,0.5989688348950042,978.2658495922656,2.0,976.2658495922656
151,False,FAIL_000123,CUST_0047,SUB_0047,1330.55,CARD_EXPIRED,normal,UPDATE_PAYMENT_METHOD,0.7311473668324994,972.828128938982,3.0,969.828128938982
152,False,FAIL_000808,CUST_0333,SUB_0333,1523.74,INSUFFICIENT_FUNDS,friction_prone,PAYMENT_LINK,0.6364426074246597,969.7730586372512,3.0,966.7730586372512
153,False,FAIL_001643,CUST_0640,SUB_0640,1249.65,INSUFFICIENT_FUNDS,friction_prone,WAIT_AND_RETRY,0.7738911370217232,967.0930593791963,2.0,965.0930593791963
154,False,FAIL_001644,CUST_0640,SUB_0640,1249.65,INSUFFICIENT_FUNDS,friction_prone,WAIT_AND_RETRY,0.7738911370217232,967.0930593791963,2.0,965.0930593791963
155,False,FAIL_001649,CUST_0640,SUB_0640,1249.65,INSUFFICIENT_FUNDS,friction_prone,WAIT_AND_RETRY,0.7738911370217232,967.0930593791963,2.0,965.0930593791963
156,False,FAIL_001650,CUST_0640,SUB_0640,1249.65,INSUFFICIENT_FUNDS,friction_prone,WAIT_AND_RETRY,0.7738911370217232,967.0930593791963,2.0,965.0930593791963
157,False,FAIL_000230,CUST_0098,SUB_0098,1282.95,LIMIT_EXCEEDED,friction_prone,PAYMENT_LINK,0.7532032565847633,966.322118035422,3.0,963.322118035422
158,False,FAIL_001487,CUST_0578,SUB_0578,1586.51,BANK_DECLINED,friction_prone,WAIT_AND_RETRY,0.6058835148976706,961.2402552203032,2.0,959.2402552203032
159,False,FAIL_001673,CUST_0647,SUB_0647,1055.34,NETWORK_ERROR,friction_prone,WAIT_AND_RETRY,0.9030888174428604,953.0657526001484,2.0,951.0657526001484
160,False,FAIL_002543,CUST_0915,SUB_0915,1705.4,BANK_DECLINED,friction_prone,WAIT_AND_RETRY,0.5577647725203055,951.2120430561292,2.0,949.2120430561292
161,False,FAIL_001985,CUST_0743,SUB_0743,1245.07,INSUFFICIENT_FUNDS,low_engagement,WAIT_AND_RETRY,0.7610380246255264,947.545613320504,2.0,945.545613320504
162,False,FAIL_000816,CUST_0336,SUB_0336,1661.44,INSUFFICIENT_FUNDS,friction_prone,WAIT_AND_RETRY,0.5603522129213764,930.9915806360916,2.0,928.9915806360916
163,False,FAIL_000818,CUST_0336,SUB_0336,1661.44,INSUFFICIENT_FUNDS,friction_prone,WAIT_AND_RETRY,0.5603522129213764,930.9915806360916,2.0,928.9915806360916
164,False,FAIL_000611,CUST_0244,SUB_0244,1067.83,NETWORK_ERROR,normal,RETRY_NOW,0.8658709618785287,924.6029892227492,2.0,922.6029892227492
165,False,FAIL_001767,CUST_0680,SUB_0680,1595.24,INSUFFICIENT_FUNDS,friction_prone,PAYMENT_LINK,0.5790129310247635,923.6645880879436,3.0,920.6645880879436
166,False,FAIL_001795,CUST_0693,SUB_0693,1009.84,CARD_EXPIRED,low_engagement,UPDATE_PAYMENT_METHOD,0.9012759162789634,910.1444712951484,3.0,907.1444712951484
167,False,FAIL_000061,CUST_0023,SUB_0023,1192.85,LIMIT_EXCEEDED,normal,PAYMENT_LINK,0.7611993744744467,907.9966738418436,3.0,904.9966738418436
168,False,FAIL_000899,CUST_0366,SUB_0366,1420.91,BANK_DECLINED,normal,PAYMENT_LINK,0.6376223992155954,906.0040432694316,3.0,903.0040432694316
169,False,FAIL_000900,CUST_0366,SUB_0366,1420.91,BANK_DECLINED,normal,PAYMENT_LINK,0.6376223992155954,906.0040432694316,3.0,903.0040432694316
170,False,FAIL_002534,CUST_0913,SUB_0913,1397.1,BANK_DECLINED,low_engagement,WAIT_AND_RETRY,0.6463055133683673,902.9534327269458,2.0,900.9534327269458
171,False,FAIL_002535,CUST_0913,SUB_0913,1397.1,BANK_DECLINED,low_engagement,WAIT_AND_RETRY,0.6463055133683673,902.9534327269458,2.0,900.9534327269458
172,False,FAIL_000436,CUST_0168,SUB_0168,1204.32,INSUFFICIENT_FUNDS,normal,WAIT_AND_RETRY,0.7485906380057091,901.5426771630356,2.0,899.5426771630356
173,False,FAIL_000437,CUST_0168,SUB_0168,1204.32,INSUFFICIENT_FUNDS,normal,WAIT_AND_RETRY,0.7485906380057091,901.5426771630356,2.0,899.5426771630356
174,False,FAIL_000178,CUST_0073,SUB_0073,1637.14,BANK_DECLINED,friction_prone,WAIT_AND_RETRY,0.5471631538645546,895.782685717817,2.0,893.782685717817
175,False,FAIL_000526,CUST_0211,SUB_0211,1170.85,NETWORK_ERROR,friction_prone,RETRY_NOW,0.7636547035777856,894.1251096840502,2.0,892.1251096840502
176,False,FAIL_000373,CUST_0145,SUB_0145,1162.18,CARD_EXPIRED,low_engagement,UPDATE_PAYMENT_METHOD,0.7638340679265763,887.7126770629085,3.0,884.7126770629085
177,False,FAIL_000666,CUST_0269,SUB_0269,1477.76,BANK_DECLINED,friction_prone,WAIT_AND_RETRY,0.5986960138268409,884.7290213927524,2.0,882.7290213927524
178,False,FAIL_002386,CUST_0875,SUB_0875,1152.64,INSUFFICIENT_FUNDS,friction_prone,PAYMENT_LINK,0.7678245789662826,885.0253226996961,3.0,882.0253226996961
179,False,FAIL_002391,CUST_0875,SUB_0875,1152.64,INSUFFICIENT_FUNDS,friction_prone,PAYMENT_LINK,0.7678245789662826,885.0253226996961,3.0,882.0253226996961
180,False,FAIL_000859,CUST_0353,SUB_0353,1421.41,INSUFFICIENT_FUNDS,normal,WAIT_AND_RETRY,0.6207231982720259,882.3021612558405,2.0,880.3021612558405
181,False,FAIL_000030,CUST_0017,SUB_0017,988.37,NETWORK_ERROR,low_engagement,RETRY_NOW,0.8869601373620688,876.644790964548,2.0,874.644790964548
182,False,FAIL_000033,CUST_0017,SUB_0017,988.37,NETWORK_ERROR,low_engagement,RETRY_NOW,0.8869601373620688,876.644790964548,2.0,874.644790964548
183,False,FAIL_000470,CUST_0180,SUB_0180,1171.97,INSUFFICIENT_FUNDS,normal,WAIT_AND_RETRY,0.7446514398295049,872.7091479369849,2.0,870.7091479369849
184,False,FAIL_000474,CUST_0180,SUB_0180,1171.97,INSUFFICIENT_FUNDS,normal,WAIT_AND_RETRY,0.7446514398295049,872.7091479369849,2.0,870.7091479369849
185,False,FAIL_002414,CUST_0883,SUB_0883,1083.08,INSUFFICIENT_FUNDS,friction_prone,WAIT_AND_RETRY,0.790333698719703,855.9946224093359,2.0,853.9946224093359
186,False,FAIL_001937,CUST_0728,SUB_0728,1036.92,AUTHENTICATION_FAILED,friction_prone,UPDATE_PAYMENT_METHOD,0.8228405222133447,853.2197942934614,3.0,850.2197942934614
187,False,FAIL_001939,CUST_0728,SUB_0728,1036.92,AUTHENTICATION_FAILED,friction_prone,UPDATE_PAYMENT_METHOD,0.8228405222133447,853.2197942934614,3.0,850.2197942934614
188,False,FAIL_002495,CUST_0902,SUB_0902,1011.26,CARD_EXPIRED,friction_prone,UPDATE_PAYMENT_METHOD,0.8362856404426248,845.7022167540088,3.0,842.7022167540088
189,False,FAIL_001201,CUST_0473,SUB_0473,1039.13,CARD_EXPIRED,friction_prone,UPDATE_PAYMENT_METHOD,0.8104094949199641,842.1208184561823,3.0,839.1208184561823
190,False,FAIL_001245,CUST_0482,SUB_0482,1120.08,INSUFFICIENT_FUNDS,normal,WAIT_AND_RETRY,0.7509353657781392,841.1076845007782,2.0,839.1076845007782
191,False,FAIL_002410,CUST_0883,SUB_0883,1083.08,NETWORK_ERROR,friction_prone,WAIT_AND_RETRY,0.7759347225459471,840.3993792950644,2.0,838.3993792950644
192,False,FAIL_000954,CUST_0386,SUB_0386,978.94,CARD_EXPIRED,normal,UPDATE_PAYMENT_METHOD,0.8583229801194237,840.2466981581086,3.0,837.2466981581086
193,False,FAIL_001030,CUST_0419,SUB_0419,1157.68,INSUFFICIENT_FUNDS,reliable,SEND_REMINDER,0.7224173124260579,836.3280742493987,1.0,835.3280742493987
194,False,FAIL_002762,CUST_0990,SUB_0990,1096.67,INSUFFICIENT_FUNDS,normal,WAIT_AND_RETRY,0.7598274001136349,833.2799148826201,2.0,831.2799148826201
195,False,FAIL_002188,CUST_0812,SUB_0812,926.3,CARD_EXPIRED,low_engagement,UPDATE_PAYMENT_METHOD,0.8941547204176311,828.2555175228516,3.0,825.2555175228516
196,False,FAIL_002334,CUST_0862,SUB_0862,1374.15,BANK_DECLINED,friction_prone,WAIT_AND_RETRY,0.6013945633808431,826.4063392697856,2.0,824.4063392697856
197,False,FAIL_001452,CUST_0567,SUB_0567,950.44,INSUFFICIENT_FUNDS,low_engagement,WAIT_AND_RETRY,0.8673298159899215,824.3449503094611,2.0,822.3449503094611
198,False,FAIL_000605,CUST_0243,SUB_0243,928.54,NETWORK_ERROR,friction_prone,RETRY_NOW,0.8856481148752005,822.3597005862187,2.0,820.3597005862187
199,False,FAIL_000863,CUST_0354,SUB_0354,886.93,NETWORK_ERROR,normal,RETRY_NOW,0.9255754163421772,820.9206040163671,2.0,818.9206040163671
200,False,FAIL_000648,CUST_0255,SUB_0255,893.84,NETWORK_ERROR,low_engagement,RETRY_NOW,0.905471362186985,809.3465223772147,2.0,807.3465223772147
201,False,FAIL_002667,CUST_0959,SUB_0959,1165.14,INSUFFICIENT_FUNDS,low_engagement,WAIT_AND_RETRY,0.6892787067240762,803.1061923524902,2.0,801.1061923524902
202,False,FAIL_001735,CUST_0670,SUB_0670,891.7,NETWORK_ERROR,normal,RETRY_NOW,0.9003389751063254,802.8322641023104,2.0,800.8322641023104
203,False,FAIL_000696,CUST_0281,SUB_0281,913.36,NETWORK_ERROR,normal,RETRY_NOW,0.8641290189415013,789.2608807404097,2.0,787.2608807404097
204,False,FAIL_000572,CUST_0224,SUB_0224,1274.95,BANK_DECLINED,low_engagement,WAIT_AND_RETRY,0.6116921997450196,779.8769700649128,2.0,777.8769700649128
205,False,FAIL_001094,CUST_0438,SUB_0438,1106.29,INSUFFICIENT_FUNDS,normal,WAIT_AND_RETRY,0.7041673527722405,779.013300698402,2.0,777.013300698402
206,False,FAIL_001864,CUST_0705,SUB_0705,937.29,CARD_EXPIRED,low_engagement,UPDATE_PAYMENT_METHOD,0.8284421818534249,776.4905726293965,3.0,773.4905726293965
207,False,FAIL_001802,CUST_0694,SUB_0694,1377.46,BANK_DECLINED,friction_prone,SEND_REMINDER,0.5597203445717233,770.992385833766,1.0,769.992385833766
208,False,FAIL_002485,CUST_0897,SUB_0897,994.96,INSUFFICIENT_FUNDS,normal,PAYMENT_LINK,0.7664899577813311,762.6268483941133,3.0,759.6268483941133
209,False,FAIL_001430,CUST_0556,SUB_0556,1271.26,INSUFFICIENT_FUNDS,friction_prone,WAIT_AND_RETRY,0.5988821069061082,761.3348672254591,2.0,759.3348672254591
210,False,FAIL_000383,CUST_0152,SUB_0152,979.43,INSUFFICIENT_FUNDS,normal,WAIT_AND_RETRY,0.775318792334142,759.3704847758287,2.0,757.3704847758287
211,False,FAIL_000164,CUST_0063,SUB_0063,961.34,AUTHENTICATION_FAILED,normal,UPDATE_PAYMENT_METHOD,0.7907478371519202,760.177525767627,3.0,757.177525767627
212,False,FAIL_000735,CUST_0303,SUB_0303,1311.68,BANK_DECLINED,normal,WAIT_AND_RETRY,0.5777106652480001,757.7715253924968,2.0,755.7715253924968
213,False,FAIL_000921,CUST_0374,SUB_0374,1655.04,BANK_DECLINED,friction_prone,WAIT_AND_RETRY,0.4536062111243003,750.7364236591619,2.0,748.7364236591619
214,False,FAIL_000404,CUST_0156,SUB_0156,985.5,AUTHENTICATION_FAILED,friction_prone,UPDATE_PAYMENT_METHOD,0.7622368581891814,751.1844237454383,3.0,748.1844237454383
215,False,FAIL_000523,CUST_0211,SUB_0211,1170.85,BANK_DECLINED,friction_prone,WAIT_AND_RETRY,0.6375390283370618,746.4625713284487,2.0,744.4625713284487
216,False,FAIL_000023,CUST_0015,SUB_0015,1187.03,INSUFFICIENT_FUNDS,friction_prone,WAIT_AND_RETRY,0.6219551544418002,738.27942697705,2.0,736.27942697705
217,False,FAIL_000027,CUST_0015,SUB_0015,1187.03,INSUFFICIENT_FUNDS,friction_prone,WAIT_AND_RETRY,0.6219551544418002,738.27942697705,2.0,736.27942697705
218,False,FAIL_000933,CUST_0377,SUB_0377,929.32,INSUFFICIENT_FUNDS,normal,WAIT_AND_RETRY,0.7907116955496519,734.8241929082026,2.0,732.8241929082026
219,False,FAIL_000934,CUST_0377,SUB_0377,929.32,INSUFFICIENT_FUNDS,normal,WAIT_AND_RETRY,0.7907116955496519,734.8241929082026,2.0,732.8241929082026
220,False,FAIL_001742,CUST_0675,SUB_0675,859.71,NETWORK_ERROR,friction_prone,RETRY_NOW,0.8534892595621256,733.753251338155,2.0,731.753251338155
221,False,FAIL_001938,CUST_0728,SUB_0728,1036.92,INSUFFICIENT_FUNDS,friction_prone,WAIT_AND_RETRY,0.707590719298059,733.7149686545433,2.0,731.7149686545433
222,False,FAIL_001300,CUST_0500,SUB_0500,878.95,NETWORK_ERROR,friction_prone,RETRY_NOW,0.8335504908153669,732.6492039021668,2.0,730.6492039021668
223,False,FAIL_000402,CUST_0156,SUB_0156,985.5,INSUFFICIENT_FUNDS,friction_prone,WAIT_AND_RETRY,0.742077352232531,731.3172306251594,2.0,729.3172306251594
224,False,FAIL_000410,CUST_0156,SUB_0156,985.5,INSUFFICIENT_FUNDS,friction_prone,WAIT_AND_RETRY,0.742077352232531,731.3172306251594,2.0,729.3172306251594
225,False,FAIL_000953,CUST_0386,SUB_0386,978.94,LIMIT_EXCEEDED,normal,PAYMENT_LINK,0.7478561660725677,732.1063152150795,3.0,729.1063152150795
226,False,FAIL_001654,CUST_0640,SUB_0640,1249.65,BANK_DECLINED,friction_prone,WAIT_AND_RETRY,0.5836701033187002,729.3833446122137,2.0,727.3833446122137
227,False,FAIL_001517,CUST_0589,SUB_0589,998.51,BANK_DECLINED,normal,WAIT_AND_RETRY,0.7303921315101901,729.3038472342399,2.0,727.3038472342399
228,False,FAIL_001913,CUST_0719,SUB_0719,984.04,INSUFFICIENT_FUNDS,friction_prone,WAIT_AND_RETRY,0.7405485122617327,728.7293580060355,2.0,726.7293580060355
229,False,FAIL_001882,CUST_0708,SUB_0708,1097.17,BANK_DECLINED,normal,WAIT_AND_RETRY,0.6640018060921915,728.5228615901698,2.0,726.5228615901698
230,False,FAIL_002496,CUST_0902,SUB_0902,1011.26,INSUFFICIENT_FUNDS,friction_prone,WAIT_AND_RETRY,0.7197329665519117,727.8371597552862,2.0,725.8371597552862
231,False,FAIL_000101,CUST_0038,SUB_0038,1015.59,INSUFFICIENT_FUNDS,normal,WAIT_AND_RETRY,0.7143308702220145,725.4672884887757,2.0,723.4672884887757
232,False,FAIL_000439,CUST_0168,SUB_0168,1204.32,BANK_DECLINED,normal,PAYMENT_LINK,0.5986973801248281,721.0232288319329,3.0,718.0232288319329
233,False,FAIL_002678,CUST_0964,SUB_0964,1091.43,LIMIT_EXCEEDED,friction_prone,PAYMENT_LINK,0.6566488403127948,716.6862437825937,3.0,713.6862437825937
234,False,FAIL_002435,CUST_0886,SUB_0886,938.96,AUTHENTICATION_FAILED,low_engagement,UPDATE_PAYMENT_METHOD,0.7632270483318487,716.6396693016727,3.0,713.6396693016727
235,False,FAIL_000193,CUST_0083,SUB_0083,1152.82,INSUFFICIENT_FUNDS,friction_prone,WAIT_AND_RETRY,0.6201467788848793,714.9176096340666,2.0,712.9176096340666
236,False,FAIL_000861,CUST_0354,SUB_0354,886.93,AUTHENTICATION_FAILED,normal,UPDATE_PAYMENT_METHOD,0.8053360402782669,714.2766942040032,3.0,711.2766942040032
237,False,FAIL_000473,CUST_0180,SUB_0180,1171.97,BANK_DECLINED,normal,PAYMENT_LINK,0.6053264796916682,709.4244744042444,3.0,706.4244744042444
238,False,FAIL_002361,CUST_0868,SUB_0868,848.64,CARD_EXPIRED,friction_prone,UPDATE_PAYMENT_METHOD,0.8351927847675231,708.7780048651108,3.0,705.7780048651108
239,False,FAIL_002393,CUST_0875,SUB_0875,1152.64,BANK_DECLINED,friction_prone,PAYMENT_LINK,0.6139242261754412,707.6336200588606,3.0,704.6336200588606
240,False,FAIL_002395,CUST_0875,SUB_0875,1152.64,BANK_DECLINED,friction_prone,PAYMENT_LINK,0.6139242261754412,707.6336200588606,3.0,704.6336200588606
241,False,FAIL_002641,CUST_0949,SUB_0949,974.33,INSUFFICIENT_FUNDS,low_engagement,WAIT_AND_RETRY,0.7201707942231377,701.6840099354298,2.0,699.6840099354298
242,False,FAIL_001106,CUST_0441,SUB_0441,791.33,CARD_EXPIRED,friction_prone,UPDATE_PAYMENT_METHOD,0.8875150741489548,702.3173036262924,3.0,699.3173036262924
243,False,FAIL_000876,CUST_0359,SUB_0359,762.6,NETWORK_ERROR,low_engagement,RETRY_NOW,0.9083731549531516,692.7253679672733,2.0,690.7253679672733
244,False,FAIL_000586,CUST_0234,SUB_0234,992.15,INSUFFICIENT_FUNDS,normal,WAIT_AND_RETRY,0.6945143853479722,689.0624474229905,2.0,687.0624474229905
245,False,FAIL_001734,CUST_0670,SUB_0670,891.7,INSUFFICIENT_FUNDS,normal,WAIT_AND_RETRY,0.7712368789132513,687.7119249269463,2.0,685.7119249269463
246,False,FAIL_001858,CUST_0705,SUB_0705,937.29,INSUFFICIENT_FUNDS,low_engagement,WAIT_AND_RETRY,0.7319368871589339,686.0371249651971,2.0,684.0371249651971
247,False,FAIL_002298,CUST_0851,SUB_0851,741.13,CARD_EXPIRED,normal,UPDATE_PAYMENT_METHOD,0.9246583229799664,685.2920229101426,3.0,682.2920229101426
248,False,FAIL_000357,CUST_0138,SUB_0138,1037.22,LIMIT_EXCEEDED,reliable,PAYMENT_LINK,0.6585448104561029,683.0558483012791,3.0,680.0558483012791
249,False,FAIL_000329,CUST_0130,SUB_0130,785.26,CARD_EXPIRED,friction_prone,UPDATE_PAYMENT_METHOD,0.8693051542923714,682.6305654596276,3.0,679.6305654596276
250,False,FAIL_001729,CUST_0666,SUB_0666,1090.5,BANK_DECLINED,friction_prone,WAIT_AND_RETRY,0.6238085397905746,680.2632126416216,2.0,678.2632126416216
251,False,FAIL_001684,CUST_0647,SUB_0647,1055.34,LIMIT_EXCEEDED,friction_prone,PAYMENT_LINK,0.6451710761529249,680.8748435072278,3.0,677.8748435072278
252,False,FAIL_001866,CUST_0707,SUB_0707,933.74,INSUFFICIENT_FUNDS,friction_prone,WAIT_AND_RETRY,0.7277720158233256,679.5498420548721,2.0,677.5498420548721
253,False,FAIL_001870,CUST_0707,SUB_0707,933.74,INSUFFICIENT_FUNDS,friction_prone,WAIT_AND_RETRY,0.7277720158233256,679.5498420548721,2.0,677.5498420548721
254,False,FAIL_001873,CUST_0707,SUB_0707,933.74,INSUFFICIENT_FUNDS,friction_prone,WAIT_AND_RETRY,0.7277720158233256,679.5498420548721,2.0,677.5498420548721
255,False,FAIL_001337,CUST_0521,SUB_0521,1196.46,BANK_DECLINED,friction_prone,WAIT_AND_RETRY,0.5672092793119268,678.6432143255479,2.0,676.6432143255479
256,False,FAIL_002760,CUST_0989,SUB_0989,997.84,INSUFFICIENT_FUNDS,friction_prone,WAIT_AND_RETRY,0.6746075158763294,673.1503636420365,2.0,671.1503636420365
257,False,FAIL_001859,CUST_0705,SUB_0705,937.29,AUTHENTICATION_FAILED,low_engagement,UPDATE_PAYMENT_METHOD,0.7140373636868032,669.2600806100037,3.0,666.2600806100037
258,False,FAIL_000713,CUST_0291,SUB_0291,1068.05,LIMIT_EXCEEDED,friction_prone,PAYMENT_LINK,0.6254776360561708,668.0413891897932,3.0,665.0413891897932
259,False,FAIL_002769,CUST_0991,SUB_0991,885.95,AUTHENTICATION_FAILED,friction_prone,UPDATE_PAYMENT_METHOD,0.7413861179047633,656.8310311577251,3.0,653.8310311577251
260,False,FAIL_001730,CUST_0666,SUB_0666,1090.5,INSUFFICIENT_FUNDS,friction_prone,WAIT_AND_RETRY,0.599970282081902,654.2675926103141,2.0,652.2675926103141
261,False,FAIL_001029,CUST_0417,SUB_0417,850.96,INSUFFICIENT_FUNDS,friction_prone,WAIT_AND_RETRY,0.7686868621220294,654.1217721913622,2.0,652.1217721913622
262,False,FAIL_001878,CUST_0708,SUB_0708,1097.17,INSUFFICIENT_FUNDS,normal,SEND_REMINDER,0.5936141141149882,651.2955975835416,1.0,650.2955975835416
263,False,FAIL_001880,CUST_0708,SUB_0708,1097.17,INSUFFICIENT_FUNDS,normal,SEND_REMINDER,0.5936141141149882,651.2955975835416,1.0,650.2955975835416
264,False,FAIL_001886,CUST_0708,SUB_0708,1097.17,INSUFFICIENT_FUNDS,normal,SEND_REMINDER,0.5936141141149882,651.2955975835416,1.0,650.2955975835416
265,False,FAIL_001492,CUST_0580,SUB_0580,1096.45,BANK_DECLINED,low_engagement,WAIT_AND_RETRY,0.5932312590163137,650.4484139484372,2.0,648.4484139484372
266,False,FAIL_001904,CUST_0718,SUB_0718,799.44,INSUFFICIENT_FUNDS,low_engagement,WAIT_AND_RETRY,0.808780328317939,646.5713456704932,2.0,644.5713456704932
267,False,FAIL_001082,CUST_0436,SUB_0436,829.5,INSUFFICIENT_FUNDS,friction_prone,WAIT_AND_RETRY,0.7793951362825796,646.5082655463998,2.0,644.5082655463998
268,False,FAIL_001086,CUST_0436,SUB_0436,829.5,INSUFFICIENT_FUNDS,friction_prone,WAIT_AND_RETRY,0.7793951362825796,646.5082655463998,2.0,644.5082655463998
269,False,FAIL_002761,CUST_0990,SUB_0990,1096.67,BANK_DECLINED,normal,PAYMENT_LINK,0.5883120452761427,645.1841706929874,3.0,642.1841706929874
270,False,FAIL_002668,CUST_0964,SUB_0964,1091.43,BANK_DECLINED,friction_prone,WAIT_AND_RETRY,0.5865786222970202,640.2095057336368,2.0,638.2095057336368
271,False,FAIL_000815,CUST_0335,SUB_0335,997.42,BANK_DECLINED,friction_prone,WAIT_AND_RETRY,0.6411255899564865,639.4714859343987,2.0,637.4714859343987
272,False,FAIL_001320,CUST_0508,SUB_0508,676.53,CARD_EXPIRED,normal,UPDATE_PAYMENT_METHOD,0.9426326713671004,637.7192811599843,3.0,634.7192811599843
273,False,FAIL_002081,CUST_0777,SUB_0777,772.21,NETWORK_ERROR,reliable,RETRY_NOW,0.8224278630979182,635.0870201628434,2.0,633.0870201628434
274,False,FAIL_000397,CUST_0156,SUB_0156,985.5,BANK_DECLINED,friction_prone,WAIT_AND_RETRY,0.6443511745187043,635.008082488183,2.0,633.008082488183
275,False,FAIL_000398,CUST_0156,SUB_0156,985.5,BANK_DECLINED,friction_prone,WAIT_AND_RETRY,0.6443511745187043,635.008082488183,2.0,633.008082488183
276,False,FAIL_000522,CUST_0210,SUB_0210,799.69,BANK_DECLINED,reliable,WAIT_AND_RETRY,0.7879390134632247,630.1069496764062,2.0,628.1069496764062
277,False,FAIL_002419,CUST_0883,SUB_0883,1083.08,LIMIT_EXCEEDED,friction_prone,PAYMENT_LINK,0.5816339630126036,629.9561126596907,3.0,626.9561126596907
278,False,FAIL_001260,CUST_0485,SUB_0485,929.62,BANK_DECLINED,friction_prone,WAIT_AND_RETRY,0.6755174494119992,627.9745313223827,2.0,625.9745313223827
279,False,FAIL_002707,CUST_0970,SUB_0970,827.8,AUTHENTICATION_FAILED,low_engagement,UPDATE_PAYMENT_METHOD,0.7590726330971385,628.3603256778111,3.0,625.3603256778111
280,False,FAIL_000792,CUST_0330,SUB_0330,998.82,BANK_DECLINED,normal,WAIT_AND_RETRY,0.6248477982361723,624.1104778342536,2.0,622.1104778342536
281,False,FAIL_000797,CUST_0330,SUB_0330,998.82,BANK_DECLINED,normal,WAIT_AND_RETRY,0.6248477982361723,624.1104778342536,2.0,622.1104778342536
282,False,FAIL_000327,CUST_0130,SUB_0130,785.26,INSUFFICIENT_FUNDS,friction_prone,WAIT_AND_RETRY,0.7909180849999474,621.0763354270587,2.0,619.0763354270587
283,False,FAIL_001471,CUST_0574,SUB_0574,918.08,LIMIT_EXCEEDED,reliable,PAYMENT_LINK,0.6745725457924795,619.3115628411596,3.0,616.3115628411596
284,False,FAIL_000645,CUST_0255,SUB_0255,893.84,AUTHENTICATION_FAILED,low_engagement,UPDATE_PAYMENT_METHOD,0.6919446125255245,618.4877724598149,3.0,615.4877724598149
285,False,FAIL_000647,CUST_0255,SUB_0255,893.84,AUTHENTICATION_FAILED,low_engagement,UPDATE_PAYMENT_METHOD,0.6919446125255245,618.4877724598149,3.0,615.4877724598149
286,False,FAIL_001251,CUST_0482,SUB_0482,1120.08,BANK_DECLINED,normal,WAIT_AND_RETRY,0.5492990756600099,615.2589086652639,2.0,613.2589086652639
287,False,FAIL_001928,CUST_0723,SUB_0723,720.89,CARD_EXPIRED,low_engagement,UPDATE_PAYMENT_METHOD,0.8482289362393636,611.4797578455948,3.0,608.4797578455948
288,False,FAIL_001732,CUST_0667,SUB_0667,651.62,NETWORK_ERROR,low_engagement,RETRY_NOW,0.9361013542861236,609.9823644799238,2.0,607.9823644799238
289,False,FAIL_001079,CUST_0435,SUB_0435,779.11,CARD_EXPIRED,low_engagement,UPDATE_PAYMENT_METHOD,0.783923226314772,610.7624248541019,3.0,607.7624248541019
290,False,FAIL_002685,CUST_0965,SUB_0965,817.6,INSUFFICIENT_FUNDS,normal,WAIT_AND_RETRY,0.7423651139496688,606.9577171652492,2.0,604.9577171652492
291,False,FAIL_000309,CUST_0121,SUB_0121,746.25,AUTHENTICATION_FAILED,low_engagement,UPDATE_PAYMENT_METHOD,0.8126144236401572,606.4135136414674,3.0,603.4135136414674
292,False,FAIL_000943,CUST_0384,SUB_0384,686.09,CARD_EXPIRED,friction_prone,UPDATE_PAYMENT_METHOD,0.8822125020152608,605.2771755076503,3.0,602.2771755076503
293,False,FAIL_001125,CUST_0449,SUB_0449,688.54,CARD_EXPIRED,low_engagement,UPDATE_PAYMENT_METHOD,0.872254015668298,600.5817799482498,3.0,597.5817799482498
294,False,FAIL_002373,CUST_0874,SUB_0874,763.19,INSUFFICIENT_FUNDS,low_engagement,WAIT_AND_RETRY,0.7802981328706386,595.5157320255428,2.0,593.5157320255428
295,False,FAIL_001622,CUST_0636,SUB_0636,666.71,CARD_EXPIRED,friction_prone,UPDATE_PAYMENT_METHOD,0.8890545346490634,592.7415487958771,3.0,589.7415487958771
296,False,FAIL_002640,CUST_0947,SUB_0947,773.95,INSUFFICIENT_FUNDS,low_engagement,WAIT_AND_RETRY,0.7549012843959828,584.2558490582709,2.0,582.2558490582709
297,False,FAIL_000652,CUST_0261,SUB_0261,768.63,INSUFFICIENT_FUNDS,low_engagement,WAIT_AND_RETRY,0.7580673699770107,582.6733225854298,2.0,580.6733225854298
298,False,FAIL_002575,CUST_0923,SUB_0923,786.88,INSUFFICIENT_FUNDS,low_engagement,WAIT_AND_RETRY,0.7404035322476693,582.608731455046,2.0,580.608731455046
299,False,FAIL_002747,CUST_0984,SUB_0984,634.7,CARD_EXPIRED,low_engagement,UPDATE_PAYMENT_METHOD,0.9172976642724234,582.2088275137072,3.0,579.2088275137072
300,False,FAIL_002744,CUST_0981,SUB_0981,622.68,NETWORK_ERROR,friction_prone,RETRY_NOW,0.930363867387817,579.3189729450459,2.0,577.3189729450459
301,False,FAIL_001810,CUST_0697,SUB_0697,671.72,AUTHENTICATION_FAILED,normal,UPDATE_PAYMENT_METHOD,0.8621672166203134,579.1349627481969,3.0,576.1349627481969
302,False,FAIL_000181,CUST_0074,SUB_0074,756.59,CARD_EXPIRED,low_engagement,UPDATE_PAYMENT_METHOD,0.7599445006388282,574.9664097383311,3.0,571.9664097383311
303,False,FAIL_000182,CUST_0074,SUB_0074,756.59,CARD_EXPIRED,low_engagement,UPDATE_PAYMENT_METHOD,0.7599445006388282,574.9664097383311,3.0,571.9664097383311
304,False,FAIL_001787,CUST_0688,SUB_0688,703.54,NETWORK_ERROR,friction_prone,RETRY_NOW,0.8080512493590065,568.4963759740355,2.0,566.4963759740355
305,False,FAIL_001812,CUST_0697,SUB_0697,671.72,LIMIT_EXCEEDED,normal,PAYMENT_LINK,0.8461614252649751,568.3835525789891,3.0,565.3835525789891
306,False,FAIL_002634,CUST_0947,SUB_0947,773.95,CARD_EXPIRED,low_engagement,UPDATE_PAYMENT_METHOD,0.7331548329569471,567.4251829670292,3.0,564.4251829670292
307,False,FAIL_000109,CUST_0044,SUB_0044,781.5,BANK_DECLINED,reliable,WAIT_AND_RETRY,0.7231824252139785,565.1670653047241,2.0,563.1670653047241
308,False,FAIL_002411,CUST_0883,SUB_0883,1083.08,BANK_DECLINED,friction_prone,WAIT_AND_RETRY,0.521603005892402,564.9377836219428,2.0,562.9377836219428
309,False,FAIL_002412,CUST_0883,SUB_0883,1083.08,BANK_DECLINED,friction_prone,WAIT_AND_RETRY,0.521603005892402,564.9377836219428,2.0,562.9377836219428
310,False,FAIL_002060,CUST_0764,SUB_0764,880.92,AUTHENTICATION_FAILED,low_engagement,UPDATE_PAYMENT_METHOD,0.641003042594409,564.6724002822667,3.0,561.6724002822667
311,False,FAIL_000241,CUST_0102,SUB_0102,689.76,BANK_DECLINED,reliable,WAIT_AND_RETRY,0.8114728057168845,559.7214824712783,2.0,557.7214824712783
312,False,FAIL_002751,CUST_0988,SUB_0988,747.97,INSUFFICIENT_FUNDS,low_engagement,WAIT_AND_RETRY,0.7445136755780241,556.8738939220947,2.0,554.8738939220947
313,False,FAIL_000785,CUST_0325,SUB_0325,726.01,INSUFFICIENT_FUNDS,low_engagement,WAIT_AND_RETRY,0.7633119248827371,554.172090584116,2.0,552.172090584116
314,False,FAIL_000788,CUST_0325,SUB_0325,726.01,INSUFFICIENT_FUNDS,low_engagement,WAIT_AND_RETRY,0.7633119248827371,554.172090584116,2.0,552.172090584116
315,False,FAIL_001905,CUST_0718,SUB_0718,799.44,BANK_DECLINED,low_engagement,WAIT_AND_RETRY,0.6929760934344041,553.9928081352001,2.0,551.9928081352001
316,False,FAIL_000129,CUST_0051,SUB_0051,706.77,AUTHENTICATION_FAILED,friction_prone,UPDATE_PAYMENT_METHOD,0.7830018425821569,553.402212281791,3.0,550.402212281791
317,False,FAIL_001827,CUST_0702,SUB_0702,618.03,AUTHENTICATION_FAILED,normal,UPDATE_PAYMENT_METHOD,0.8952783216038847,553.3088611008488,3.0,550.3088611008488
318,False,FAIL_002555,CUST_0917,SUB_0917,881.56,BANK_DECLINED,low_engagement,WAIT_AND_RETRY,0.6101451114535424,537.8795244529848,2.0,535.8795244529848
319,False,FAIL_000261,CUST_0110,SUB_0110,697.76,AUTHENTICATION_FAILED,normal,UPDATE_PAYMENT_METHOD,0.7672893401573119,535.3838099881659,3.0,532.3838099881659
320,False,FAIL_000348,CUST_0135,SUB_0135,771.04,INSUFFICIENT_FUNDS,friction_prone,WAIT_AND_RETRY,0.6920090176293247,533.5666329529145,2.0,531.5666329529145
321,False,FAIL_000607,CUST_0243,SUB_0243,928.54,BANK_DECLINED,friction_prone,PAYMENT_LINK,0.5704579313625435,529.6930075873761,3.0,526.6930075873761
322,False,FAIL_000903,CUST_0369,SUB_0369,803.69,LIMIT_EXCEEDED,low_engagement,PAYMENT_LINK,0.6567267859128586,527.8047505703054,3.0,524.8047505703054
323,False,FAIL_001001,CUST_0405,SUB_0405,703.31,INSUFFICIENT_FUNDS,low_engagement,WAIT_AND_RETRY,0.7489966875191663,526.7768602991048,2.0,524.7768602991048
324,False,FAIL_002136,CUST_0797,SUB_0797,802.81,BANK_DECLINED,normal,WAIT_AND_RETRY,0.6556639066468832,526.3735408951843,2.0,524.3735408951843
325,False,FAIL_001263,CUST_0485,SUB_0485,929.62,INSUFFICIENT_FUNDS,friction_prone,WAIT_AND_RETRY,0.564930630161517,525.1708124107495,2.0,523.1708124107495
326,False,FAIL_000148,CUST_0053,SUB_0053,619.66,CARD_EXPIRED,low_engagement,UPDATE_PAYMENT_METHOD,0.8418402002924584,521.6546985132247,3.0,518.6546985132247
327,False,FAIL_001788,CUST_0688,SUB_0688,703.54,INSUFFICIENT_FUNDS,friction_prone,WAIT_AND_RETRY,0.737097306602977,518.5774390874584,2.0,516.5774390874584
328,False,FAIL_000878,CUST_0359,SUB_0359,762.6,AUTHENTICATION_FAILED,low_engagement,UPDATE_PAYMENT_METHOD,0.6807863772866153,519.1676913187729,3.0,516.1676913187729
329,False,FAIL_002560,CUST_0918,SUB_0918,595.63,NETWORK_ERROR,friction_prone,RETRY_NOW,0.869606053311314,517.963453533818,2.0,515.963453533818
330,False,FAIL_002221,CUST_0827,SUB_0827,768.09,INSUFFICIENT_FUNDS,low_engagement,WAIT_AND_RETRY,0.6726210091895494,516.6334709484009,2.0,514.6334709484009
331,False,FAIL_000457,CUST_0173,SUB_0173,655.36,CARD_EXPIRED,low_engagement,UPDATE_PAYMENT_METHOD,0.7895956187736615,517.4693847195068,3.0,514.4693847195068
332,False,FAIL_000975,CUST_0393,SUB_0393,814.36,BANK_DECLINED,low_engagement,WAIT_AND_RETRY,0.6272514946536422,510.80852718614005,2.0,508.80852718614005
333,False,FAIL_000978,CUST_0393,SUB_0393,814.36,LIMIT_EXCEEDED,low_engagement,PAYMENT_LINK,0.627744095952856,511.2096819801678,3.0,508.2096819801678
334,False,FAIL_002264,CUST_0843,SUB_0843,638.25,AUTHENTICATION_FAILED,low_engagement,UPDATE_PAYMENT_METHOD,0.7995506581459875,510.3132075616765,3.0,507.3132075616765
335,False,FAIL_002267,CUST_0843,SUB_0843,638.25,AUTHENTICATION_FAILED,low_engagement,UPDATE_PAYMENT_METHOD,0.7995506581459875,510.3132075616765,3.0,507.3132075616765
336,False,FAIL_000786,CUST_0325,SUB_0325,726.01,AUTHENTICATION_FAILED,low_engagement,UPDATE_PAYMENT_METHOD,0.7025003441281696,510.02227484049246,3.0,507.02227484049246
337,False,FAIL_002755,CUST_0989,SUB_0989,997.84,LIMIT_EXCEEDED,friction_prone,UPDATE_PAYMENT_METHOD,0.5076426171913382,506.5461091382049,3.0,503.5461091382049
338,False,FAIL_001633,CUST_0636,SUB_0636,666.71,NETWORK_ERROR,friction_prone,WAIT_AND_RETRY,0.7539602742163197,502.67285442276255,2.0,500.67285442276255
339,False,FAIL_000662,CUST_0268,SUB_0268,648.75,INSUFFICIENT_FUNDS,normal,WAIT_AND_RETRY,0.7711522797628496,500.2850414961487,2.0,498.2850414961487
340,False,FAIL_001227,CUST_0477,SUB_0477,580.5,NETWORK_ERROR,friction_prone,RETRY_NOW,0.8593638408510822,498.8607096140532,2.0,496.8607096140532
341,False,FAIL_002051,CUST_0763,SUB_0763,580.18,INSUFFICIENT_FUNDS,low_engagement,WAIT_AND_RETRY,0.8574581014333194,497.4800412895832,2.0,495.4800412895832
342,False,FAIL_001483,CUST_0577,SUB_0577,576.58,INSUFFICIENT_FUNDS,low_engagement,WAIT_AND_RETRY,0.8603118676804777,496.0386166672099,2.0,494.0386166672099
343,False,FAIL_002590,CUST_0926,SUB_0926,706.67,BANK_DECLINED,reliable,PAYMENT_LINK,0.7021245317770497,496.1703428708877,3.0,493.1703428708877
344,False,FAIL_001390,CUST_0543,SUB_0543,601.97,CARD_EXPIRED,low_engagement,UPDATE_PAYMENT_METHOD,0.822382316686245,495.0494831756189,3.0,492.0494831756189
345,False,FAIL_001070,CUST_0431,SUB_0431,745.87,LIMIT_EXCEEDED,low_engagement,PAYMENT_LINK,0.663572615154433,494.9389064652369,3.0,491.9389064652369
346,False,FAIL_001285,CUST_0491,SUB_0491,540.07,NETWORK_ERROR,friction_prone,RETRY_NOW,0.9104242806490516,491.69284125013337,2.0,489.69284125013337
347,False,FAIL_001813,CUST_0698,SUB_0698,636.44,AUTHENTICATION_FAILED,friction_prone,UPDATE_PAYMENT_METHOD,0.7729990234946157,491.96749851291327,3.0,488.96749851291327
348,False,FAIL_000778,CUST_0322,SUB_0322,676.83,AUTHENTICATION_FAILED,friction_prone,UPDATE_PAYMENT_METHOD,0.7256385574193723,491.1339448181538,3.0,488.1339448181538
349,False,FAIL_000721,CUST_0298,SUB_0298,706.23,INSUFFICIENT_FUNDS,friction_prone,WAIT_AND_RETRY,0.6939987076624857,490.1227073124773,2.0,488.1227073124773
350,False,FAIL_001903,CUST_0718,SUB_0718,799.44,AUTHENTICATION_FAILED,low_engagement,UPDATE_PAYMENT_METHOD,0.6136676071329509,490.5904318463663,3.0,487.5904318463663
351,False,FAIL_001850,CUST_0704,SUB_0704,685.76,INSUFFICIENT_FUNDS,friction_prone,WAIT_AND_RETRY,0.7104349395416988,487.1878641401154,2.0,485.1878641401154
352,False,FAIL_001127,CUST_0449,SUB_0449,688.54,AUTHENTICATION_FAILED,low_engagement,UPDATE_PAYMENT_METHOD,0.7077148926135408,487.2900121601274,3.0,484.2900121601274
353,False,FAIL_001000,CUST_0402,SUB_0402,568.13,CARD_EXPIRED,friction_prone,UPDATE_PAYMENT_METHOD,0.8483583496701603,481.97782919810817,3.0,478.97782919810817
354,False,FAIL_000969,CUST_0387,SUB_0387,524.81,NETWORK_ERROR,low_engagement,RETRY_NOW,0.9050795965231588,474.99482305131886,2.0,472.99482305131886
355,False,FAIL_002122,CUST_0789,SUB_0789,694.22,BANK_DECLINED,normal,WAIT_AND_RETRY,0.6841412851581404,474.9445629824843,2.0,472.9445629824843
356,False,FAIL_002600,CUST_0931,SUB_0931,729.59,BANK_DECLINED,normal,WAIT_AND_RETRY,0.6430573152678376,469.1681866462616,2.0,467.1681866462616
357,False,FAIL_002299,CUST_0851,SUB_0851,741.13,BANK_DECLINED,normal,PAYMENT_LINK,0.6336063974971525,469.5847093770647,3.0,466.5847093770647
358,False,FAIL_002300,CUST_0851,SUB_0851,741.13,BANK_DECLINED,normal,PAYMENT_LINK,0.6336063974971525,469.5847093770647,3.0,466.5847093770647
359,False,FAIL_001097,CUST_0439,SUB_0439,694.64,AUTHENTICATION_FAILED,low_engagement,UPDATE_PAYMENT_METHOD,0.6743997252854088,468.4650251722564,3.0,465.4650251722564
360,False,FAIL_000961,CUST_0387,SUB_0387,524.81,CARD_EXPIRED,low_engagement,UPDATE_PAYMENT_METHOD,0.8915861661454366,467.91333585478657,3.0,464.91333585478657
361,False,FAIL_001084,CUST_0436,SUB_0436,829.5,BANK_DECLINED,friction_prone,PAYMENT_LINK,0.5584764363324869,463.25620393779786,3.0,460.25620393779786
362,False,FAIL_001085,CUST_0436,SUB_0436,829.5,BANK_DECLINED,friction_prone,PAYMENT_LINK,0.5584764363324869,463.25620393779786,3.0,460.25620393779786
363,False,FAIL_001087,CUST_0436,SUB_0436,829.5,BANK_DECLINED,friction_prone,PAYMENT_LINK,0.5584764363324869,463.25620393779786,3.0,460.25620393779786
364,False,FAIL_001088,CUST_0436,SUB_0436,829.5,BANK_DECLINED,friction_prone,PAYMENT_LINK,0.5584764363324869,463.25620393779786,3.0,460.25620393779786
365,False,FAIL_002226,CUST_0830,SUB_0830,636.05,INSUFFICIENT_FUNDS,low_engagement,WAIT_AND_RETRY,0.7237742369262388,460.3566033969341,2.0,458.3566033969341
366,False,FAIL_001069,CUST_0431,SUB_0431,745.87,BANK_DECLINED,low_engagement,WAIT_AND_RETRY,0.6152263633535878,458.87888763454055,2.0,456.87888763454055
367,False,FAIL_000387,CUST_0155,SUB_0155,663.98,INSUFFICIENT_FUNDS,friction_prone,WAIT_AND_RETRY,0.6854560017425998,455.12907603705145,2.0,453.12907603705145
368,False,FAIL_001233,CUST_0479,SUB_0479,493.48,NETWORK_ERROR,low_engagement,RETRY_NOW,0.9201097308080926,454.0557499591776,2.0,452.0557499591776
369,False,FAIL_002080,CUST_0777,SUB_0777,772.21,LIMIT_EXCEEDED,reliable,WAIT_AND_RETRY,0.5825348259277604,449.8392179296759,2.0,447.8392179296759
370,False,FAIL_000459,CUST_0174,SUB_0174,623.9,CARD_EXPIRED,low_engagement,UPDATE_PAYMENT_METHOD,0.7187636924402143,448.4366677134497,3.0,445.4366677134497
371,False,FAIL_002630,CUST_0942,SUB_0942,568.27,INSUFFICIENT_FUNDS,friction_prone,WAIT_AND_RETRY,0.7788904685789334,442.62008657935047,2.0,440.62008657935047
372,False,FAIL_001073,CUST_0433,SUB_0433,699.79,BANK_DECLINED,friction_prone,WAIT_AND_RETRY,0.6316688524131964,442.0355462302306,2.0,440.0355462302306
373,False,FAIL_000040,CUST_0020,SUB_0020,641.27,BANK_DECLINED,friction_prone,WAIT_AND_RETRY,0.6883120988041177,441.3938996001165,2.0,439.3938996001165
374,False,FAIL_002372,CUST_0874,SUB_0874,763.19,BANK_DECLINED,low_engagement,PAYMENT_LINK,0.5748059303784174,438.6861380055044,3.0,435.6861380055044
375,False,FAIL_001844,CUST_0704,SUB_0704,685.76,BANK_DECLINED,friction_prone,PAYMENT_LINK,0.6396766621254681,438.664667819161,3.0,435.664667819161
376,False,FAIL_000667,CUST_0270,SUB_0270,462.89,NETWORK_ERROR,friction_prone,RETRY_NOW,0.9348966027253004,432.75428843551424,2.0,430.75428843551424
377,False,FAIL_000131,CUST_0051,SUB_0051,706.77,INSUFFICIENT_FUNDS,friction_prone,WAIT_AND_RETRY,0.6116944961749822,432.32731906159216,2.0,430.32731906159216
378,False,FAIL_000132,CUST_0051,SUB_0051,706.77,INSUFFICIENT_FUNDS,friction_prone,WAIT_AND_RETRY,0.6116944961749822,432.32731906159216,2.0,430.32731906159216
379,False,FAIL_002750,CUST_0988,SUB_0988,747.97,BANK_DECLINED,low_engagement,WAIT_AND_RETRY,0.57415866377512,429.4534557438765,2.0,427.4534557438765
380,False,FAIL_000634,CUST_0252,SUB_0252,609.3,INSUFFICIENT_FUNDS,low_engagement,WAIT_AND_RETRY,0.7027986157376762,428.21519656896606,2.0,426.21519656896606
381,False,FAIL_000635,CUST_0252,SUB_0252,609.3,INSUFFICIENT_FUNDS,low_engagement,WAIT_AND_RETRY,0.7027986157376762,428.21519656896606,2.0,426.21519656896606
382,False,FAIL_000637,CUST_0252,SUB_0252,609.3,INSUFFICIENT_FUNDS,low_engagement,WAIT_AND_RETRY,0.7027986157376762,428.21519656896606,2.0,426.21519656896606
383,False,FAIL_000987,CUST_0398,SUB_0398,669.19,LIMIT_EXCEEDED,low_engagement,PAYMENT_LINK,0.6399534929961798,428.2504779781136,3.0,425.2504779781136
384,False,FAIL_000701,CUST_0285,SUB_0285,472.43,NETWORK_ERROR,normal,RETRY_NOW,0.9020773375091572,426.1683965594511,2.0,424.1683965594511
385,False,FAIL_000897,CUST_0365,SUB_0365,578.62,BANK_DECLINED,normal,PAYMENT_LINK,0.7333287528244349,424.3186829592745,3.0,421.3186829592745
386,False,FAIL_002073,CUST_0770,SUB_0770,601.44,AUTHENTICATION_FAILED,low_engagement,UPDATE_PAYMENT_METHOD,0.7023909386827556,422.4460061613565,3.0,419.4460061613565
387,False,FAIL_000222,CUST_0096,SUB_0096,722.92,BANK_DECLINED,friction_prone,PAYMENT_LINK,0.583529777303682,421.8453466083778,3.0,418.8453466083778
388,False,FAIL_001203,CUST_0474,SUB_0474,468.79,NETWORK_ERROR,reliable,WAIT_AND_RETRY,0.8905125750039412,417.4633900360976,2.0,415.4633900360976
389,False,FAIL_001286,CUST_0493,SUB_0493,489.64,CARD_EXPIRED,low_engagement,UPDATE_PAYMENT_METHOD,0.8525573571022718,417.4461843315563,3.0,414.4461843315563
390,False,FAIL_002262,CUST_0843,SUB_0843,638.25,BANK_DECLINED,low_engagement,WAIT_AND_RETRY,0.6475927960743225,413.3261020944364,2.0,411.3261020944364
391,False,FAIL_000263,CUST_0110,SUB_0110,697.76,BANK_DECLINED,normal,WAIT_AND_RETRY,0.5901111629290691,411.7559650453872,2.0,409.7559650453872
392,False,FAIL_001003,CUST_0406,SUB_0406,449.13,NETWORK_ERROR,low_engagement,RETRY_NOW,0.9150271339940088,410.9661366907292,2.0,408.9661366907292
393,False,FAIL_002620,CUST_0942,SUB_0942,568.27,AUTHENTICATION_FAILED,friction_prone,UPDATE_PAYMENT_METHOD,0.7244845490296803,411.7028346770964,3.0,408.7028346770964
394,False,FAIL_001277,CUST_0491,SUB_0491,540.07,INSUFFICIENT_FUNDS,friction_prone,WAIT_AND_RETRY,0.7546935441547482,407.5873423916549,2.0,405.5873423916549
395,False,FAIL_001635,CUST_0636,SUB_0636,666.71,LIMIT_EXCEEDED,friction_prone,PAYMENT_LINK,0.6054395689587445,403.6526150204846,3.0,400.6526150204846
396,False,FAIL_002269,CUST_0843,SUB_0843,638.25,LIMIT_EXCEEDED,low_engagement,PAYMENT_LINK,0.6264198225963938,399.8124517721484,3.0,396.8124517721484
397,False,FAIL_000874,CUST_0358,SUB_0358,533.16,INSUFFICIENT_FUNDS,normal,WAIT_AND_RETRY,0.7435854149544207,396.4499998370989,2.0,394.4499998370989
398,False,FAIL_001077,CUST_0434,SUB_0434,418.23,NETWORK_ERROR,normal,RETRY_NOW,0.9471376619354116,396.1213843512472,2.0,394.1213843512472
399,False,FAIL_001636,CUST_0636,SUB_0636,666.71,INSUFFICIENT_FUNDS,friction_prone,SEND_REMINDER,0.5925673589893712,395.0705839118037,1.0,394.0705839118037
400,False,FAIL_000779,CUST_0322,SUB_0322,676.83,BANK_DECLINED,friction_prone,WAIT_AND_RETRY,0.5793857055277101,392.14562707232005,2.0,390.14562707232005
401,False,FAIL_001482,CUST_0577,SUB_0577,576.58,BANK_DECLINED,low_engagement,WAIT_AND_RETRY,0.6798455931320504,391.98537208807767,2.0,389.98537208807767
402,False,FAIL_000551,CUST_0217,SUB_0217,437.85,CARD_EXPIRED,low_engagement,UPDATE_PAYMENT_METHOD,0.885147902540739,387.5620091274626,3.0,384.5620091274626
403,False,FAIL_001564,CUST_0617,SUB_0617,469.95,INSUFFICIENT_FUNDS,normal,WAIT_AND_RETRY,0.821071516039079,385.8625589625652,2.0,383.8625589625652
404,False,FAIL_000914,CUST_0372,SUB_0372,454.36,CARD_EXPIRED,friction_prone,UPDATE_PAYMENT_METHOD,0.8464323693544158,384.5850113398724,3.0,381.5850113398724
405,False,FAIL_002562,CUST_0918,SUB_0918,595.63,BANK_DECLINED,friction_prone,WAIT_AND_RETRY,0.6419957383599335,382.3919216393272,2.0,380.3919216393272
406,False,FAIL_000336,CUST_0131,SUB_0131,569.52,AUTHENTICATION_FAILED,low_engagement,UPDATE_PAYMENT_METHOD,0.6697173575277185,381.4174294591863,3.0,378.4174294591863
407,False,FAIL_002282,CUST_0846,SUB_0846,518.72,BANK_DECLINED,low_engagement,WAIT_AND_RETRY,0.7308578868718034,379.1106030781419,2.0,377.1106030781419
408,False,FAIL_000675,CUST_0277,SUB_0277,470.05,NETWORK_ERROR,low_engagement,RETRY_NOW,0.8060358909000528,378.8771705175698,2.0,376.8771705175698
409,False,FAIL_002255,CUST_0841,SUB_0841,609.78,INSUFFICIENT_FUNDS,friction_prone,WAIT_AND_RETRY,0.6168358908009935,376.1341894926298,2.0,374.1341894926298
410,False,FAIL_000351,CUST_0136,SUB_0136,671.28,LIMIT_EXCEEDED,low_engagement,PAYMENT_LINK,0.5592915113043384,375.4412057083763,3.0,372.4412057083763
411,False,FAIL_001013,CUST_0409,SUB_0409,432.26,NETWORK_ERROR,low_engagement,RETRY_NOW,0.866140645269121,374.3979553240303,2.0,372.3979553240303
412,False,FAIL_000677,CUST_0277,SUB_0277,470.05,CARD_EXPIRED,low_engagement,UPDATE_PAYMENT_METHOD,0.797548616899462,374.8877273735921,3.0,371.8877273735921
413,False,FAIL_001287,CUST_0493,SUB_0493,489.64,AUTHENTICATION_FAILED,low_engagement,UPDATE_PAYMENT_METHOD,0.7633915176640742,373.7870227090373,3.0,370.7870227090373
414,False,FAIL_002294,CUST_0849,SUB_0849,951.12,BANK_DECLINED,low_engagement,PAYMENT_LINK,0.3916330109517699,372.48998937644745,3.0,369.48998937644745
415,False,FAIL_002173,CUST_0808,SUB_0808,642.76,INSUFFICIENT_FUNDS,low_engagement,WAIT_AND_RETRY,0.5755757814488418,369.95708928405753,2.0,367.95708928405753
416,False,FAIL_002622,CUST_0942,SUB_0942,568.27,BANK_DECLINED,friction_prone,PAYMENT_LINK,0.6501564533121665,369.4644077237049,3.0,366.4644077237049
417,False,FAIL_002624,CUST_0942,SUB_0942,568.27,BANK_DECLINED,friction_prone,PAYMENT_LINK,0.6501564533121665,369.4644077237049,3.0,366.4644077237049
418,False,FAIL_002626,CUST_0942,SUB_0942,568.27,BANK_DECLINED,friction_prone,PAYMENT_LINK,0.6501564533121665,369.4644077237049,3.0,366.4644077237049
419,False,FAIL_000604,CUST_0242,SUB_0242,408.16,CARD_EXPIRED,low_engagement,UPDATE_PAYMENT_METHOD,0.8985310691537428,366.7444411857917,3.0,363.7444411857917
420,False,FAIL_000163,CUST_0062,SUB_0062,438.99,INSUFFICIENT_FUNDS,low_engagement,WAIT_AND_RETRY,0.8171005899026652,358.698987961371,2.0,356.698987961371
421,False,FAIL_002468,CUST_0892,SUB_0892,429.37,NETWORK_ERROR,friction_prone,RETRY_NOW,0.834554821113872,358.3328035416632,2.0,356.3328035416632
422,False,FAIL_001289,CUST_0493,SUB_0493,489.64,BANK_DECLINED,low_engagement,WAIT_AND_RETRY,0.726981034759467,355.95899385962537,2.0,353.95899385962537
423,False,FAIL_000871,CUST_0358,SUB_0358,533.16,BANK_DECLINED,normal,WAIT_AND_RETRY,0.6655988908648106,354.8707046534824,2.0,352.8707046534824
424,False,FAIL_001044,CUST_0426,SUB_0426,542.66,BANK_DECLINED,friction_prone,WAIT_AND_RETRY,0.653912472235501,354.8521421833169,2.0,352.8521421833169
425,False,FAIL_002271,CUST_0844,SUB_0844,471.41,INSUFFICIENT_FUNDS,friction_prone,SEND_REMINDER,0.7434206370446976,350.4559225092409,1.0,349.4559225092409
426,False,FAIL_001223,CUST_0477,SUB_0477,580.5,BANK_DECLINED,friction_prone,PAYMENT_LINK,0.606414449266513,352.0235877992108,3.0,349.0235877992108
427,False,FAIL_001229,CUST_0477,SUB_0477,580.5,BANK_DECLINED,friction_prone,PAYMENT_LINK,0.606414449266513,352.0235877992108,3.0,349.0235877992108
428,False,FAIL_001231,CUST_0477,SUB_0477,580.5,BANK_DECLINED,friction_prone,PAYMENT_LINK,0.606414449266513,352.0235877992108,3.0,349.0235877992108
429,False,FAIL_001328,CUST_0511,SUB_0511,418.75,INSUFFICIENT_FUNDS,low_engagement,WAIT_AND_RETRY,0.8357347804197757,349.9639393007811,2.0,347.9639393007811
430,False,FAIL_002571,CUST_0921,SUB_0921,415.4,CARD_EXPIRED,friction_prone,UPDATE_PAYMENT_METHOD,0.8445628887096508,350.8314239699889,3.0,347.8314239699889
431,False,FAIL_001918,CUST_0720,SUB_0720,566.77,BANK_DECLINED,friction_prone,PAYMENT_LINK,0.6183047526127443,350.4365846383251,3.0,347.4365846383251
432,False,FAIL_001416,CUST_0552,SUB_0552,507.97,BANK_DECLINED,low_engagement,WAIT_AND_RETRY,0.6848101047330619,347.86298890125346,2.0,345.86298890125346
433,False,FAIL_001466,CUST_0573,SUB_0573,557.68,INSUFFICIENT_FUNDS,friction_prone,WAIT_AND_RETRY,0.6230486932386757,347.46179524534466,2.0,345.46179524534466
434,False,FAIL_001439,CUST_0563,SUB_0563,404.63,NETWORK_ERROR,low_engagement,WAIT_AND_RETRY,0.8534752456365124,345.341688641902,2.0,343.341688641902
435,False,FAIL_002045,CUST_0758,SUB_0758,372.35,NETWORK_ERROR,friction_prone,WAIT_AND_RETRY,0.9196203694817088,342.4206445765143,2.0,340.4206445765143
436,False,FAIL_000272,CUST_0112,SUB_0112,553.77,INSUFFICIENT_FUNDS,friction_prone,WAIT_AND_RETRY,0.6183113460751026,342.40227411600955,2.0,340.40227411600955
437,False,FAIL_000277,CUST_0112,SUB_0112,553.77,INSUFFICIENT_FUNDS,friction_prone,WAIT_AND_RETRY,0.6183113460751026,342.40227411600955,2.0,340.40227411600955
438,False,FAIL_002252,CUST_0841,SUB_0841,609.78,BANK_DECLINED,friction_prone,WAIT_AND_RETRY,0.5559630910854932,339.01517368211205,2.0,337.01517368211205
439,False,FAIL_001353,CUST_0527,SUB_0527,633.24,LIMIT_EXCEEDED,friction_prone,PAYMENT_LINK,0.5298185914120835,335.5023248257878,3.0,332.5023248257878
440,False,FAIL_001367,CUST_0533,SUB_0533,444.14,AUTHENTICATION_FAILED,low_engagement,UPDATE_PAYMENT_METHOD,0.7527486391797241,334.32578060528266,3.0,331.32578060528266
441,False,FAIL_000536,CUST_0212,SUB_0212,404.59,CARD_EXPIRED,low_engagement,UPDATE_PAYMENT_METHOD,0.8242726677569631,333.49247864778965,3.0,330.49247864778965
442,False,FAIL_000682,CUST_0277,SUB_0277,470.05,INSUFFICIENT_FUNDS,low_engagement,WAIT_AND_RETRY,0.7032151599004376,330.5462859112007,2.0,328.5462859112007
443,False,FAIL_001816,CUST_0698,SUB_0698,636.44,LIMIT_EXCEEDED,friction_prone,PAYMENT_LINK,0.5188242843839205,330.2005275533024,3.0,327.2005275533024
444,False,FAIL_001357,CUST_0531,SUB_0531,412.94,INSUFFICIENT_FUNDS,friction_prone,WAIT_AND_RETRY,0.7960938923559284,328.7390119094571,2.0,326.7390119094571
445,False,FAIL_001011,CUST_0409,SUB_0409,432.26,CARD_EXPIRED,low_engagement,UPDATE_PAYMENT_METHOD,0.7609312092223846,328.92012449846794,3.0,325.92012449846794
446,False,FAIL_001016,CUST_0412,SUB_0412,449.29,INSUFFICIENT_FUNDS,low_engagement,WAIT_AND_RETRY,0.7270928215171352,326.6755337794337,2.0,324.6755337794337
447,False,FAIL_001017,CUST_0412,SUB_0412,449.29,INSUFFICIENT_FUNDS,low_engagement,WAIT_AND_RETRY,0.7270928215171352,326.6755337794337,2.0,324.6755337794337
448,False,FAIL_001019,CUST_0412,SUB_0412,449.29,INSUFFICIENT_FUNDS,low_engagement,WAIT_AND_RETRY,0.7270928215171352,326.6755337794337,2.0,324.6755337794337
449,False,FAIL_001021,CUST_0412,SUB_0412,449.29,INSUFFICIENT_FUNDS,low_engagement,WAIT_AND_RETRY,0.7270928215171352,326.6755337794337,2.0,324.6755337794337
450,False,FAIL_000963,CUST_0387,SUB_0387,524.81,AUTHENTICATION_FAILED,low_engagement,UPDATE_PAYMENT_METHOD,0.624028309019147,327.49629685633846,3.0,324.49629685633846
451,False,FAIL_000964,CUST_0387,SUB_0387,524.81,AUTHENTICATION_FAILED,low_engagement,UPDATE_PAYMENT_METHOD,0.624028309019147,327.49629685633846,3.0,324.49629685633846
452,False,FAIL_000970,CUST_0387,SUB_0387,524.81,AUTHENTICATION_FAILED,low_engagement,UPDATE_PAYMENT_METHOD,0.624028309019147,327.49629685633846,3.0,324.49629685633846
453,False,FAIL_000912,CUST_0372,SUB_0372,454.36,AUTHENTICATION_FAILED,friction_prone,UPDATE_PAYMENT_METHOD,0.7187356122281545,326.5647127719843,3.0,323.5647127719843
454,False,FAIL_001023,CUST_0412,SUB_0412,449.29,AUTHENTICATION_FAILED,low_engagement,UPDATE_PAYMENT_METHOD,0.7220135733363684,324.393478364297,3.0,321.393478364297
455,False,FAIL_002245,CUST_0836,SUB_0836,468.26,INSUFFICIENT_FUNDS,friction_prone,WAIT_AND_RETRY,0.6897006909526452,322.95924554548566,2.0,320.95924554548566
456,False,FAIL_001293,CUST_0493,SUB_0493,489.64,LIMIT_EXCEEDED,low_engagement,PAYMENT_LINK,0.6582240873670573,322.29284213840594,3.0,319.29284213840594
457,False,FAIL_001216,CUST_0476,SUB_0476,457.08,AUTHENTICATION_FAILED,low_engagement,UPDATE_PAYMENT_METHOD,0.7037906745142581,321.6886415069771,3.0,318.6886415069771
458,False,FAIL_002712,CUST_0971,SUB_0971,401.23,AUTHENTICATION_FAILED,friction_prone,UPDATE_PAYMENT_METHOD,0.7927740871484562,318.0847469865751,3.0,315.0847469865751
459,False,FAIL_000190,CUST_0082,SUB_0082,622.31,BANK_DECLINED,low_engagement,WAIT_AND_RETRY,0.5055211044545825,314.59083851313125,2.0,312.59083851313125
460,False,FAIL_002324,CUST_0857,SUB_0857,436.65,INSUFFICIENT_FUNDS,low_engagement,WAIT_AND_RETRY,0.7188860730646023,313.9016038036586,2.0,311.9016038036586
461,False,FAIL_002736,CUST_0978,SUB_0978,445.63,INSUFFICIENT_FUNDS,friction_prone,PAYMENT_LINK,0.6984792166895604,311.2632933333688,3.0,308.2632933333688
462,False,FAIL_000002,CUST_0004,SUB_0004,406.32,INSUFFICIENT_FUNDS,normal,PAYMENT_LINK,0.7624076168424005,309.7814628754042,3.0,306.7814628754042
463,False,FAIL_000003,CUST_0004,SUB_0004,406.32,INSUFFICIENT_FUNDS,normal,PAYMENT_LINK,0.7624076168424005,309.7814628754042,3.0,306.7814628754042
464,False,FAIL_002002,CUST_0746,SUB_0746,450.36,BANK_DECLINED,friction_prone,WAIT_AND_RETRY,0.6800891137170795,306.28493325362393,2.0,304.28493325362393
465,False,FAIL_000498,CUST_0192,SUB_0192,378.71,INSUFFICIENT_FUNDS,friction_prone,WAIT_AND_RETRY,0.7959215838332814,301.423463013502,2.0,299.423463013502
466,False,FAIL_000537,CUST_0212,SUB_0212,404.59,INSUFFICIENT_FUNDS,low_engagement,WAIT_AND_RETRY,0.7434005082028333,300.7724116137843,2.0,298.7724116137843
467,False,FAIL_000384,CUST_0154,SUB_0154,413.01,BANK_DECLINED,reliable,PAYMENT_LINK,0.7285041355240037,300.8794930127688,3.0,297.8794930127688
468,False,FAIL_002595,CUST_0929,SUB_0929,329.53,NETWORK_ERROR,friction_prone,RETRY_NOW,0.8922273157751938,294.0156673673996,2.0,292.0156673673996
469,False,FAIL_000915,CUST_0372,SUB_0372,454.36,BANK_DECLINED,friction_prone,PAYMENT_LINK,0.6276302017956386,285.1700584878664,3.0,282.1700584878664
470,False,FAIL_001212,CUST_0475,SUB_0475,332.6,NETWORK_ERROR,low_engagement,WAIT_AND_RETRY,0.8493535965170548,282.49500620157244,2.0,280.49500620157244
471,False,FAIL_000896,CUST_0364,SUB_0364,376.34,INSUFFICIENT_FUNDS,friction_prone,WAIT_AND_RETRY,0.7378223746867617,277.67207248961586,2.0,275.67207248961586
472,False,FAIL_000114,CUST_0046,SUB_0046,405.71,INSUFFICIENT_FUNDS,friction_prone,WAIT_AND_RETRY,0.6796251169994972,275.730706217866,2.0,273.730706217866
473,False,FAIL_002209,CUST_0824,SUB_0824,311.11,CARD_EXPIRED,low_engagement,UPDATE_PAYMENT_METHOD,0.8800787352166368,273.8012953132479,3.0,270.8012953132479
474,False,FAIL_002210,CUST_0824,SUB_0824,311.11,CARD_EXPIRED,low_engagement,UPDATE_PAYMENT_METHOD,0.8800787352166368,273.8012953132479,3.0,270.8012953132479
475,False,FAIL_002709,CUST_0971,SUB_0971,401.23,BANK_DECLINED,friction_prone,PAYMENT_LINK,0.6787795594102928,272.3467226221918,3.0,269.3467226221918
476,False,FAIL_002130,CUST_0795,SUB_0795,408.24,AUTHENTICATION_FAILED,low_engagement,UPDATE_PAYMENT_METHOD,0.6620954299988713,270.2938383427392,3.0,267.2938383427392
477,False,FAIL_002272,CUST_0844,SUB_0844,471.41,LIMIT_EXCEEDED,friction_prone,PAYMENT_LINK,0.5719014163742907,269.6000466930044,3.0,266.6000466930044
478,False,FAIL_002522,CUST_0910,SUB_0910,293.13,NETWORK_ERROR,normal,RETRY_NOW,0.9156010155800414,268.3901256969775,2.0,266.3901256969775
479,False,FAIL_001004,CUST_0406,SUB_0406,449.13,LIMIT_EXCEEDED,low_engagement,PAYMENT_LINK,0.5972738829850713,268.2536190650851,3.0,265.2536190650851
480,False,FAIL_001024,CUST_0412,SUB_0412,449.29,BANK_DECLINED,low_engagement,WAIT_AND_RETRY,0.5937908495322801,266.78429078635816,2.0,264.78429078635816
481,False,FAIL_002476,CUST_0896,SUB_0896,397.37,INSUFFICIENT_FUNDS,friction_prone,WAIT_AND_RETRY,0.6585625467962701,261.6929992204339,2.0,259.6929992204339
482,False,FAIL_002608,CUST_0935,SUB_0935,295.63,NETWORK_ERROR,low_engagement,RETRY_NOW,0.8737106231488551,258.295071521496,2.0,256.295071521496
483,False,FAIL_002365,CUST_0872,SUB_0872,471.51,LIMIT_EXCEEDED,low_engagement,PAYMENT_LINK,0.5498606950283099,259.2648163127984,3.0,256.2648163127984
484,False,FAIL_002518,CUST_0910,SUB_0910,293.13,CARD_EXPIRED,normal,UPDATE_PAYMENT_METHOD,0.8728506019748152,255.8586969568776,3.0,252.8586969568776
485,False,FAIL_002112,CUST_0786,SUB_0786,313.47,CARD_EXPIRED,low_engagement,UPDATE_PAYMENT_METHOD,0.8129329903092407,254.8301044722377,3.0,251.8301044722377
486,False,FAIL_000281,CUST_0113,SUB_0113,324.58,CARD_EXPIRED,low_engagement,UPDATE_PAYMENT_METHOD,0.7790644406280437,252.8687361390504,3.0,249.8687361390504
487,False,FAIL_000422,CUST_0162,SUB_0162,293.46,CARD_EXPIRED,low_engagement,UPDATE_PAYMENT_METHOD,0.8609921185157476,252.6667470996313,3.0,249.6667470996313
488,False,FAIL_002466,CUST_0892,SUB_0892,429.37,BANK_DECLINED,friction_prone,WAIT_AND_RETRY,0.5840980837550256,250.7941942218953,2.0,248.7941942218953
489,False,FAIL_000511,CUST_0202,SUB_0202,324.57,INSUFFICIENT_FUNDS,low_engagement,WAIT_AND_RETRY,0.7709221857731842,250.2182138364024,2.0,248.2182138364024
490,False,FAIL_001840,CUST_0703,SUB_0703,360.66,LIMIT_EXCEEDED,friction_prone,UPDATE_PAYMENT_METHOD,0.6962144043721955,251.09668708087605,3.0,248.09668708087605
491,False,FAIL_001689,CUST_0650,SUB_0650,300.09,CARD_EXPIRED,friction_prone,UPDATE_PAYMENT_METHOD,0.8255847579932103,247.74973002618245,3.0,244.74973002618245
492,False,FAIL_000279,CUST_0113,SUB_0113,324.58,INSUFFICIENT_FUNDS,low_engagement,WAIT_AND_RETRY,0.7556416398542043,245.26616346387763,2.0,243.26616346387763
493,False,FAIL_000282,CUST_0113,SUB_0113,324.58,INSUFFICIENT_FUNDS,low_engagement,WAIT_AND_RETRY,0.7556416398542043,245.26616346387763,2.0,243.26616346387763
494,False,FAIL_000284,CUST_0113,SUB_0113,324.58,INSUFFICIENT_FUNDS,low_engagement,WAIT_AND_RETRY,0.7556416398542043,245.26616346387763,2.0,243.26616346387763
495,False,FAIL_002789,CUST_1000,SUB_1000,307.85,INSUFFICIENT_FUNDS,low_engagement,WAIT_AND_RETRY,0.7911207741146419,243.54653031119253,2.0,241.54653031119253
496,False,FAIL_002794,CUST_1000,SUB_1000,307.85,INSUFFICIENT_FUNDS,low_engagement,WAIT_AND_RETRY,0.7911207741146419,243.54653031119253,2.0,241.54653031119253
497,False,FAIL_002604,CUST_0935,SUB_0935,295.63,INSUFFICIENT_FUNDS,low_engagement,WAIT_AND_RETRY,0.821531145720725,242.86925260941797,2.0,240.86925260941797
498,False,FAIL_002652,CUST_0955,SUB_0955,319.2,INSUFFICIENT_FUNDS,low_engagement,WAIT_AND_RETRY,0.7545141256037237,240.8409088927086,2.0,238.8409088927086
499,False,FAIL_002655,CUST_0955,SUB_0955,319.2,INSUFFICIENT_FUNDS,low_engagement,WAIT_AND_RETRY,0.7545141256037237,240.8409088927086,2.0,238.8409088927086
500,False,FAIL_001494,CUST_0581,SUB_0581,369.27,INSUFFICIENT_FUNDS,friction_prone,SEND_REMINDER,0.6469461286042905,238.89779690970636,1.0,237.89779690970636
501,False,FAIL_000206,CUST_0093,SUB_0093,333.96,INSUFFICIENT_FUNDS,low_engagement,WAIT_AND_RETRY,0.7093490612678927,236.8942125010254,2.0,234.8942125010254
502,False,FAIL_000208,CUST_0093,SUB_0093,333.96,INSUFFICIENT_FUNDS,low_engagement,WAIT_AND_RETRY,0.7093490612678927,236.8942125010254,2.0,234.8942125010254
503,False,FAIL_001972,CUST_0739,SUB_0739,325.73,AUTHENTICATION_FAILED,friction_prone,UPDATE_PAYMENT_METHOD,0.7169921978366087,233.54586860131857,3.0,230.54586860131857
504,False,FAIL_001394,CUST_0545,SUB_0545,321.75,INSUFFICIENT_FUNDS,low_engagement,WAIT_AND_RETRY,0.7134198945984705,229.5428510870579,2.0,227.5428510870579
505,False,FAIL_001781,CUST_0687,SUB_0687,345.77,LIMIT_EXCEEDED,normal,PAYMENT_LINK,0.6598596002151018,228.1596539663757,3.0,225.1596539663757
506,False,FAIL_002203,CUST_0820,SUB_0820,259.64,INSUFFICIENT_FUNDS,normal,WAIT_AND_RETRY,0.862276410460636,223.8814472119995,2.0,221.8814472119995
507,False,FAIL_000420,CUST_0162,SUB_0162,293.46,INSUFFICIENT_FUNDS,low_engagement,WAIT_AND_RETRY,0.7599863296170062,223.0255882894066,2.0,221.0255882894066
508,False,FAIL_001838,CUST_0703,SUB_0703,360.66,BANK_DECLINED,friction_prone,WAIT_AND_RETRY,0.6112095086279076,220.43882138174115,2.0,218.43882138174115
509,False,FAIL_002078,CUST_0774,SUB_0774,281.45,INSUFFICIENT_FUNDS,low_engagement,WAIT_AND_RETRY,0.7755197706817125,218.270039458368,2.0,216.270039458368
510,False,FAIL_002459,CUST_0890,SUB_0890,251.0,CARD_EXPIRED,normal,UPDATE_PAYMENT_METHOD,0.8725470808671072,219.00931729764392,3.0,216.00931729764392
511,False,FAIL_000780,CUST_0323,SUB_0323,262.8,INSUFFICIENT_FUNDS,low_engagement,WAIT_AND_RETRY,0.8234499902973302,216.4026574501384,2.0,214.4026574501384
512,False,FAIL_000233,CUST_0101,SUB_0101,247.97,NETWORK_ERROR,low_engagement,WAIT_AND_RETRY,0.8696857162504463,215.6559670586232,2.0,213.6559670586232
513,False,FAIL_000240,CUST_0101,SUB_0101,247.97,NETWORK_ERROR,low_engagement,WAIT_AND_RETRY,0.8696857162504463,215.6559670586232,2.0,213.6559670586232
514,False,FAIL_000670,CUST_0276,SUB_0276,382.33,BANK_DECLINED,low_engagement,PAYMENT_LINK,0.5648223373569844,215.94852424169585,3.0,212.94852424169585
515,False,FAIL_001513,CUST_0588,SUB_0588,278.46,CARD_EXPIRED,low_engagement,UPDATE_PAYMENT_METHOD,0.7712660873080351,214.76675467179544,3.0,211.76675467179544
516,False,FAIL_001780,CUST_0687,SUB_0687,345.77,BANK_DECLINED,normal,WAIT_AND_RETRY,0.6074370389946318,210.03350497317385,2.0,208.03350497317385
517,False,FAIL_000285,CUST_0113,SUB_0113,324.58,BANK_DECLINED,low_engagement,WAIT_AND_RETRY,0.644975817192426,209.34625074431764,2.0,207.34625074431764
518,False,FAIL_002618,CUST_0939,SUB_0939,368.13,BANK_DECLINED,low_engagement,WAIT_AND_RETRY,0.5659815041059885,208.35477110653756,2.0,206.35477110653756
519,False,FAIL_002656,CUST_0955,SUB_0955,319.2,AUTHENTICATION_FAILED,low_engagement,UPDATE_PAYMENT_METHOD,0.6459772573409592,206.19594054323417,3.0,203.19594054323417
520,False,FAIL_001495,CUST_0581,SUB_0581,369.27,LIMIT_EXCEEDED,friction_prone,PAYMENT_LINK,0.5554907912084023,205.1260844695267,3.0,202.1260844695267
521,False,FAIL_000235,CUST_0101,SUB_0101,247.97,INSUFFICIENT_FUNDS,low_engagement,WAIT_AND_RETRY,0.8130708918035815,201.6171890405341,2.0,199.6171890405341
522,False,FAIL_000238,CUST_0101,SUB_0101,247.97,INSUFFICIENT_FUNDS,low_engagement,WAIT_AND_RETRY,0.8130708918035815,201.6171890405341,2.0,199.6171890405341
523,False,FAIL_000209,CUST_0093,SUB_0093,333.96,BANK_DECLINED,low_engagement,WAIT_AND_RETRY,0.5958273079065726,198.98248774847897,2.0,196.98248774847897
524,False,FAIL_002208,CUST_0824,SUB_0824,311.11,BANK_DECLINED,low_engagement,WAIT_AND_RETRY,0.63519261361585,197.6147740220271,2.0,195.6147740220271
525,False,FAIL_002316,CUST_0854,SUB_0854,272.78,AUTHENTICATION_FAILED,low_engagement,UPDATE_PAYMENT_METHOD,0.7276813956717765,198.4969311113472,3.0,195.4969311113472
526,False,FAIL_000892,CUST_0364,SUB_0364,376.34,BANK_DECLINED,friction_prone,PAYMENT_LINK,0.524991334596071,197.5752388618853,3.0,194.5752388618853
527,False,FAIL_001379,CUST_0537,SUB_0537,547.66,BANK_DECLINED,low_engagement,WAIT_AND_RETRY,0.351659015469747,192.5895764121616,2.0,190.5895764121616
528,False,FAIL_001664,CUST_0644,SUB_0644,289.39,INSUFFICIENT_FUNDS,low_engagement,WAIT_AND_RETRY,0.6551859757814374,189.60426953139017,2.0,187.60426953139017
529,False,FAIL_001168,CUST_0465,SUB_0465,200.0,NETWORK_ERROR,low_engagement,RETRY_NOW,0.931635276299146,186.3270552598292,2.0,184.3270552598292
530,False,FAIL_000492,CUST_0188,SUB_0188,221.49,INSUFFICIENT_FUNDS,low_engagement,WAIT_AND_RETRY,0.8209126989428588,181.8239536888538,2.0,179.8239536888538
531,False,FAIL_001665,CUST_0644,SUB_0644,289.39,BANK_DECLINED,low_engagement,WAIT_AND_RETRY,0.610564892155014,176.6913741407395,2.0,174.6913741407395
532,False,FAIL_001894,CUST_0713,SUB_0713,200.0,NETWORK_ERROR,low_engagement,RETRY_NOW,0.8771856696401407,175.43713392802815,2.0,173.43713392802815
533,False,FAIL_001723,CUST_0665,SUB_0665,374.12,BANK_DECLINED,low_engagement,PAYMENT_LINK,0.4626337660974137,173.08054457236443,3.0,170.08054457236443
534,False,FAIL_000287,CUST_0113,SUB_0113,324.58,AUTHENTICATION_FAILED,low_engagement,UPDATE_PAYMENT_METHOD,0.5323184013032052,172.77990669499434,3.0,169.77990669499434
535,False,FAIL_001514,CUST_0588,SUB_0588,278.46,LIMIT_EXCEEDED,low_engagement,WAIT_AND_RETRY,0.6152429420408793,171.32054964070323,2.0,169.32054964070323
536,False,FAIL_000425,CUST_0162,SUB_0162,293.46,BANK_DECLINED,low_engagement,WAIT_AND_RETRY,0.5823169920264292,170.8867444800759,2.0,168.8867444800759
537,False,FAIL_002307,CUST_0853,SUB_0853,256.05,LIMIT_EXCEEDED,low_engagement,PAYMENT_LINK,0.6672088866914568,170.83883543734754,3.0,167.83883543734754
538,False,FAIL_000496,CUST_0188,SUB_0188,221.49,CARD_EXPIRED,low_engagement,UPDATE_PAYMENT_METHOD,0.7684800425828328,170.21064463167164,3.0,167.21064463167164
539,False,FAIL_002162,CUST_0807,SUB_0807,200.0,NETWORK_ERROR,low_engagement,RETRY_NOW,0.8365709641575176,167.31419283150353,2.0,165.31419283150353
540,False,FAIL_001748,CUST_0676,SUB_0676,208.63,INSUFFICIENT_FUNDS,low_engagement,WAIT_AND_RETRY,0.7891472863861364,164.63979835873965,2.0,162.63979835873965
541,False,FAIL_002454,CUST_0890,SUB_0890,251.0,INSUFFICIENT_FUNDS,normal,WAIT_AND_RETRY,0.6359441516432573,159.6219820624576,2.0,157.6219820624576
542,False,FAIL_001668,CUST_0646,SUB_0646,232.1,BANK_DECLINED,low_engagement,WAIT_AND_RETRY,0.6758307661597066,156.8603208256679,2.0,154.8603208256679
543,False,FAIL_001752,CUST_0676,SUB_0676,208.63,CARD_EXPIRED,low_engagement,UPDATE_PAYMENT_METHOD,0.7561537543798723,157.75635777627275,3.0,154.75635777627275
544,False,FAIL_002689,CUST_0966,SUB_0966,231.48,AUTHENTICATION_FAILED,low_engagement,UPDATE_PAYMENT_METHOD,0.6804749317437335,157.51633720003943,3.0,154.51633720003943
545,False,FAIL_002168,CUST_0807,SUB_0807,200.0,INSUFFICIENT_FUNDS,low_engagement,WAIT_AND_RETRY,0.7789883291521463,155.79766583042925,2.0,153.79766583042925
546,False,FAIL_002022,CUST_0748,SUB_0748,200.0,AUTHENTICATION_FAILED,low_engagement,PAYMENT_LINK,0.766428969547642,153.2857939095284,3.0,150.2857939095284
547,False,FAIL_001687,CUST_0650,SUB_0650,300.09,LIMIT_EXCEEDED,friction_prone,PAYMENT_LINK,0.4874558333784967,146.28062103855305,3.0,143.28062103855305
548,False,FAIL_001989,CUST_0744,SUB_0744,200.0,INSUFFICIENT_FUNDS,low_engagement,PAYMENT_LINK,0.7150434009332453,143.00868018664906,3.0,140.00868018664906
549,False,FAIL_001991,CUST_0744,SUB_0744,200.0,INSUFFICIENT_FUNDS,low_engagement,PAYMENT_LINK,0.7150434009332453,143.00868018664906,3.0,140.00868018664906
550,False,FAIL_002515,CUST_0908,SUB_0908,210.14,LIMIT_EXCEEDED,friction_prone,PAYMENT_LINK,0.673767736492939,141.58555214662618,3.0,138.58555214662618
551,False,FAIL_000250,CUST_0108,SUB_0108,200.0,INSUFFICIENT_FUNDS,friction_prone,PAYMENT_LINK,0.6972792818488789,139.45585636977577,3.0,136.45585636977577
552,False,FAIL_002167,CUST_0807,SUB_0807,200.0,BANK_DECLINED,low_engagement,WAIT_AND_RETRY,0.6905599411823836,138.11198823647672,2.0,136.11198823647672
553,False,FAIL_002580,CUST_0925,SUB_0925,200.0,AUTHENTICATION_FAILED,low_engagement,UPDATE_PAYMENT_METHOD,0.686291010623999,137.2582021247998,3.0,134.2582021247998
554,False,FAIL_000627,CUST_0248,SUB_0248,200.0,INSUFFICIENT_FUNDS,low_engagement,WAIT_AND_RETRY,0.6691197370286491,133.82394740572985,2.0,131.82394740572985
555,False,FAIL_001895,CUST_0713,SUB_0713,200.0,BANK_DECLINED,low_engagement,WAIT_AND_RETRY,0.6614846898921249,132.29693797842498,2.0,130.29693797842498
556,False,FAIL_001449,CUST_0565,SUB_0565,200.0,BANK_DECLINED,friction_prone,WAIT_AND_RETRY,0.6015603583253256,120.31207166506512,2.0,118.31207166506512
557,False,FAIL_001990,CUST_0744,SUB_0744,200.0,AUTHENTICATION_FAILED,low_engagement,UPDATE_PAYMENT_METHOD,0.5817049304724949,116.340986094499,3.0,113.340986094499
558,False,FAIL_001994,CUST_0744,SUB_0744,200.0,AUTHENTICATION_FAILED,low_engagement,UPDATE_PAYMENT_METHOD,0.5817049304724949,116.340986094499,3.0,113.340986094499
559,False,FAIL_000512,CUST_0204,SUB_0204,213.4,BANK_DECLINED,low_engagement,PAYMENT_LINK,0.4932897643749918,105.26803571762326,3.0,102.26803571762326
